t_wall=1785580815.444 # NOTE [recorder] connected /dev/ttyACM0
t_wall=1785580816.427 # ALIVE us=3838079543 ring_depth=0 drops=0
t_wall=1785580817.429 # NOTE [recorder] connected /dev/ttyACM0
t_wall=1785580818.427 # ALIVE us=3840079593 ring_depth=0 drops=0
t_wall=1785580819.429 # NOTE [recorder] connected /dev/ttyACM0
t_wall=1785580820.427 # ALIVE us=3842079642 ring_depth=0 drops=0
t_wall=1785580821.429 # NOTE [recorder] connected /dev/ttyACM0
t_wall=1785580822.428 # ALIVE us=3844079690 ring_depth=0 drops=0
t_wall=1785580823.430 # NOTE [recorder] connected /dev/ttyACM0
t_wall=1785580824.427 # ALIVE us=3846079739 ring_depth=0 drops=0
t_wall=1785580825.429 # NOTE [recorder] connected /dev/ttyACM0
t_wall=1785580826.427 # ALIVE us=3848079789 ring_depth=0 drops=0
t_wall=1785580827.428 # NOTE [recorder] connected /dev/ttyACM0
t_wall=1785580828.427 # ALIVE us=3850079837 ring_depth=0 drops=0
t_wall=1785580829.429 # NOTE [recorder] connected /dev/ttyACM0
t_wall=1785580830.427 # ALIVE us=3852079887 ring_depth=0 drops=0
t_wall=1785580831.429 # NOTE [recorder] connected /dev/ttyACM0
t_wall=1785580832.427 # ALIVE us=3854079936 ring_depth=0 drops=0
t_wall=1785580833.428 # NOTE [recorder] connected /dev/ttyACM0
t_wall=1785580834.427 # ALIVE us=3856079985 ring_depth=0 drops=0
t_wall=1785580835.432 # NOTE [recorder] connected /dev/ttyACM0
t_wall=1785580836.427 # ALIVE us=3858080035 ring_depth=0 drops=0
t_wall=1785580837.428 # NOTE [recorder] connected /dev/ttyACM0
t_wall=1785580838.427 # ALIVE us=3860080084 ring_depth=0 drops=0
t_wall=1785580839.429 # NOTE [recorder] connected /dev/ttyACM0
t_wall=1785580840.427 # ALIVE us=3862080133 ring_depth=0 drops=0
t_wall=1785580841.429 # NOTE [recorder] connected /dev/ttyACM0
t_wall=1785580842.427 # ALIVE us=3864080182 ring_depth=0 drops=0
t_wall=1785580843.429 # NOTE [recorder] connected /dev/ttyACM0
t_wall=1785580844.427 # ALIVE us=3866080231 ring_depth=0 drops=0
t_wall=1785580845.428 # NOTE [recorder] connected /dev/ttyACM0
t_wall=1785580845.834 t=3867487575 W CMD 0x58 [SET_CGRAM 0x18]
t_wall=1785580845.834 t=3867487736 W DAT 0x1C
t_wall=1785580845.834 t=3867487789 W DAT 0x1B
t_wall=1785580845.838 t=3867491606 W DAT 0x14
t_wall=1785580845.838 t=3867491644 W DAT 0x0C
t_wall=1785580845.842 t=3867495493 W DAT 0x17
t_wall=1785580845.842 t=3867495531 W DAT 0x18
t_wall=1785580845.846 t=3867499363 W DAT 0x07 (CGRAM ref #7)
t_wall=1785580845.846 t=3867499401 W DAT 0x1C
t_wall=1785580845.851 t=3867505193 W CMD 0xCA [SET_DDRAM 0x4A]
t_wall=1785580845.854 t=3867507763 W DAT 0x70 'p'
t_wall=1785580845.856 t=3867509091 W CMD 0x0C [DISP_CTRL disp=1 cur=0 blink=0]
t_wall=1785580846.428 # ALIVE us=3868080280 ring_depth=0 drops=0
t_wall=1785580847.429 # NOTE [recorder] connected /dev/ttyACM0
t_wall=1785580848.427 # ALIVE us=3870080329 ring_depth=0 drops=0
t_wall=1785580849.428 # NOTE [recorder] connected /dev/ttyACM0
t_wall=1785580850.427 # ALIVE us=3872080381 ring_depth=0 drops=0
t_wall=1785580851.429 # NOTE [recorder] connected /dev/ttyACM0
t_wall=1785580852.427 # ALIVE us=3874080431 ring_depth=0 drops=0
t_wall=1785580853.428 # NOTE [recorder] connected /dev/ttyACM0
t_wall=1785580854.427 # ALIVE us=3876080480 ring_depth=0 drops=0
t_wall=1785580855.428 # NOTE [recorder] connected /dev/ttyACM0
t_wall=1785580856.426 # ALIVE us=3878080530 ring_depth=0 drops=0
t_wall=1785580857.428 # NOTE [recorder] connected /dev/ttyACM0
t_wall=1785580858.427 # ALIVE us=3880080579 ring_depth=0 drops=0
t_wall=1785580859.428 # NOTE [recorder] connected /dev/ttyACM0
t_wall=1785580860.426 # ALIVE us=3882080627 ring_depth=0 drops=0
t_wall=1785580861.428 # NOTE [recorder] connected /dev/ttyACM0
t_wall=1785580862.427 # ALIVE us=3884080676 ring_depth=0 drops=0
t_wall=1785580863.428 # NOTE [recorder] connected /dev/ttyACM0
t_wall=1785580864.426 # ALIVE us=3886080725 ring_depth=0 drops=0
t_wall=1785580865.428 # NOTE [recorder] connected /dev/ttyACM0
t_wall=1785580866.426 # ALIVE us=3888080773 ring_depth=0 drops=0
t_wall=1785580867.428 # NOTE [recorder] connected /dev/ttyACM0
t_wall=1785580868.426 # ALIVE us=3890080823 ring_depth=0 drops=0
t_wall=1785580869.428 # NOTE [recorder] connected /dev/ttyACM0
t_wall=1785580870.426 # ALIVE us=3892080871 ring_depth=0 drops=0
t_wall=1785580871.428 # NOTE [recorder] connected /dev/ttyACM0
t_wall=1785580872.426 # ALIVE us=3894080920 ring_depth=0 drops=0
t_wall=1785580873.427 # NOTE [recorder] connected /dev/ttyACM0
t_wall=1785580874.426 # ALIVE us=3896080970 ring_depth=0 drops=0
t_wall=1785580875.428 # NOTE [recorder] connected /dev/ttyACM0
t_wall=1785580876.426 # ALIVE us=3898081019 ring_depth=0 drops=0
t_wall=1785580877.427 # NOTE [recorder] connected /dev/ttyACM0
t_wall=1785580878.426 # ALIVE us=3900081067 ring_depth=0 drops=0
t_wall=1785580879.428 # NOTE [recorder] connected /dev/ttyACM0
t_wall=1785580880.426 # ALIVE us=3902081117 ring_depth=0 drops=0
t_wall=1785580881.427 # NOTE [recorder] connected /dev/ttyACM0
t_wall=1785580882.427 # ALIVE us=3904081167 ring_depth=0 drops=0
t_wall=1785580883.429 # NOTE [recorder] connected /dev/ttyACM0
t_wall=1785580884.426 # ALIVE us=3906081215 ring_depth=0 drops=0
t_wall=1785580885.427 # NOTE [recorder] connected /dev/ttyACM0
t_wall=1785580886.426 # ALIVE us=3908081264 ring_depth=0 drops=0
t_wall=1785580887.428 # NOTE [recorder] connected /dev/ttyACM0
t_wall=1785580888.426 # ALIVE us=3910081313 ring_depth=0 drops=0
t_wall=1785580889.427 # NOTE [recorder] connected /dev/ttyACM0
t_wall=1785580890.426 # ALIVE us=3912081362 ring_depth=0 drops=0
t_wall=1785580891.427 # NOTE [recorder] connected /dev/ttyACM0
t_wall=1785580892.426 # ALIVE us=3914081411 ring_depth=0 drops=0
t_wall=1785580893.427 # NOTE [recorder] connected /dev/ttyACM0
t_wall=1785580893.937 # NOTE pressing Memory & Control and scrolling through menu options
t_wall=1785580894.425 # ALIVE us=3916081461 ring_depth=0 drops=0
t_wall=1785580895.427 # NOTE [recorder] connected /dev/ttyACM0
t_wall=1785580896.425 # ALIVE us=3918081511 ring_depth=0 drops=0
t_wall=1785580897.427 # NOTE [recorder] connected /dev/ttyACM0
t_wall=1785580898.425 # ALIVE us=3920081559 ring_depth=0 drops=0
t_wall=1785580899.427 # NOTE [recorder] connected /dev/ttyACM0
t_wall=1785580900.426 # ALIVE us=3922081610 ring_depth=0 drops=0
t_wall=1785580901.057 t=3922713217 W CMD 0x60 [SET_CGRAM 0x20]
t_wall=1785580901.058 t=3922713349 W DAT 0x00 (CGRAM ref #0)
t_wall=1785580901.058 t=3922713402 W DAT 0x00 (CGRAM ref #0)
t_wall=1785580901.059 t=3922713454 W DAT 0x00 (CGRAM ref #0)
t_wall=1785580901.060 t=3922713507 W DAT 0x00 (CGRAM ref #0)
t_wall=1785580901.060 t=3922713575 W DAT 0x00 (CGRAM ref #0)
t_wall=1785580901.061 t=3922713627 W DAT 0x00 (CGRAM ref #0)
t_wall=1785580901.061 t=3922713680 W DAT 0x00 (CGRAM ref #0)
t_wall=1785580901.062 t=3922713733 W DAT 0x00 (CGRAM ref #0)
t_wall=1785580901.063 t=3922713796 W CMD 0x0C [DISP_CTRL disp=1 cur=0 blink=0]
t_wall=1785580901.063 t=3922716810 W CMD 0x68 [SET_CGRAM 0x28]
t_wall=1785580901.064 t=3922716898 W DAT 0x00 (CGRAM ref #0)
t_wall=1785580901.065 t=3922716951 W DAT 0x00 (CGRAM ref #0)
t_wall=1785580901.065 t=3922720797 W DAT 0x00 (CGRAM ref #0)
t_wall=1785580901.068 t=3922724630 W DAT 0x00 (CGRAM ref #0)
t_wall=1785580901.072 t=3922728449 W DAT 0x00 (CGRAM ref #0)
t_wall=1785580901.076 t=3922732292 W DAT 0x00 (CGRAM ref #0)
t_wall=1785580901.080 t=3922736142 W DAT 0x00 (CGRAM ref #0)
t_wall=1785580901.084 t=3922739977 W DAT 0x00 (CGRAM ref #0)
t_wall=1785580901.086 t=3922742209 W CMD 0x70 [SET_CGRAM 0x30]
t_wall=1785580901.086 t=3922742267 W DAT 0x00 (CGRAM ref #0)
t_wall=1785580901.087 t=3922742320 W DAT 0x00 (CGRAM ref #0)
t_wall=1785580901.087 t=3922742373 W DAT 0x00 (CGRAM ref #0)
t_wall=1785580901.088 t=3922742426 W DAT 0x00 (CGRAM ref #0)
t_wall=1785580901.088 t=3922742493 W DAT 0x00 (CGRAM ref #0)
t_wall=1785580901.088 t=3922742546 W DAT 0x00 (CGRAM ref #0)
t_wall=1785580901.089 t=3922742599 W DAT 0x00 (CGRAM ref #0)
t_wall=1785580901.089 t=3922742652 W DAT 0x00 (CGRAM ref #0)
t_wall=1785580901.090 t=3922742713 W CMD 0x0C [DISP_CTRL disp=1 cur=0 blink=0]
t_wall=1785580901.090 t=3922744034 W CMD 0x78 [SET_CGRAM 0x38]
t_wall=1785580901.091 t=3922744122 W DAT 0x08
t_wall=1785580901.091 t=3922744174 W DAT 0x00 (CGRAM ref #0)
t_wall=1785580901.092 t=3922748020 W DAT 0x00 (CGRAM ref #0)
t_wall=1785580901.095 t=3922751867 W DAT 0x00 (CGRAM ref #0)
t_wall=1785580901.099 t=3922755700 W DAT 0x00 (CGRAM ref #0)
t_wall=1785580901.103 t=3922759519 W DAT 0x00 (CGRAM ref #0)
t_wall=1785580901.107 t=3922763363 W DAT 0x00 (CGRAM ref #0)
t_wall=1785580901.107 t=3922763401 W DAT 0x0A
t_wall=1785580901.109 t=3922765702 W CMD 0x40 [SET_CGRAM 0x00]
t_wall=1785580901.110 t=3922765760 W DAT 0x00 (CGRAM ref #0)
t_wall=1785580901.110 t=3922765813 W DAT 0x00 (CGRAM ref #0)
t_wall=1785580901.111 t=3922765866 W DAT 0x00 (CGRAM ref #0)
t_wall=1785580901.111 t=3922765918 W DAT 0x00 (CGRAM ref #0)
t_wall=1785580901.112 t=3922765986 W DAT 0x00 (CGRAM ref #0)
t_wall=1785580901.112 t=3922766048 W DAT 0x00 (CGRAM ref #0)
t_wall=1785580901.112 t=3922766101 W DAT 0x00 (CGRAM ref #0)
t_wall=1785580901.113 t=3922766154 W DAT 0x04 (CGRAM ref #4)
t_wall=1785580901.113 t=3922766215 W CMD 0x0C [DISP_CTRL disp=1 cur=0 blink=0]
t_wall=1785580901.114 t=3922768399 W CMD 0x48 [SET_CGRAM 0x08]
t_wall=1785580901.114 t=3922768458 W DAT 0x06 (CGRAM ref #6)
t_wall=1785580901.114 t=3922768496 W DAT 0x0F
t_wall=1785580901.115 t=3922771086 W DAT 0x0E
t_wall=1785580901.118 t=3922774904 W DAT 0x0A
t_wall=1785580901.122 t=3922778748 W DAT 0x0D
t_wall=1785580901.126 t=3922782597 W DAT 0x06 (CGRAM ref #6)
t_wall=1785580901.127 t=3922782635 W DAT 0x00 (CGRAM ref #0)
t_wall=1785580901.130 t=3922786468 W DAT 0x04 (CGRAM ref #4)
t_wall=1785580901.131 t=3922786569 W CMD 0x0C [DISP_CTRL disp=1 cur=0 blink=0]
t_wall=1785580901.132 t=3922788801 W CMD 0x50 [SET_CGRAM 0x10]
t_wall=1785580901.133 t=3922788859 W DAT 0x00 (CGRAM ref #0)
t_wall=1785580901.133 t=3922788912 W DAT 0x00 (CGRAM ref #0)
t_wall=1785580901.134 t=3922788965 W DAT 0x00 (CGRAM ref #0)
t_wall=1785580901.134 t=3922789019 W DAT 0x00 (CGRAM ref #0)
t_wall=1785580901.134 t=3922789071 W DAT 0x00 (CGRAM ref #0)
t_wall=1785580901.135 t=3922789124 W DAT 0x00 (CGRAM ref #0)
t_wall=1785580901.135 t=3922789177 W DAT 0x09
t_wall=1785580901.135 t=3922789229 W DAT 0x00 (CGRAM ref #0)
t_wall=1785580901.136 t=3922789291 W CMD 0x0C [DISP_CTRL disp=1 cur=0 blink=0]
t_wall=1785580901.136 t=3922790666 W CMD 0x58 [SET_CGRAM 0x18]
t_wall=1785580901.137 t=3922790754 W DAT 0x00 (CGRAM ref #0)
t_wall=1785580901.137 t=3922790807 W DAT 0x00 (CGRAM ref #0)
t_wall=1785580901.138 t=3922794650 W DAT 0x00 (CGRAM ref #0)
t_wall=1785580901.142 t=3922798498 W DAT 0x00 (CGRAM ref #0)
t_wall=1785580901.146 t=3922802333 W DAT 0x00 (CGRAM ref #0)
t_wall=1785580901.150 t=3922806149 W DAT 0x00 (CGRAM ref #0)
t_wall=1785580901.153 t=3922809953 W DAT 0x10
t_wall=1785580901.157 t=3922813772 W DAT 0x00 (CGRAM ref #0)
t_wall=1785580901.162 t=3922818593 W CMD 0x0C [DISP_CTRL disp=1 cur=0 blink=0]
t_wall=1785580901.166 t=3922822069 W CMD 0x80 [SET_DDRAM 0x00]
t_wall=1785580901.167 t=3922823333 W DAT 0x4D 'M'
t_wall=1785580901.179 t=3922835964 W DAT 0x45 'E'
t_wall=1785580901.181 t=3922837266 W DAT 0x4D 'M'
t_wall=1785580901.183 t=3922839839 W DAT 0x26 '&'
t_wall=1785580901.185 t=3922841153 W DAT 0x43 'C'
t_wall=1785580901.186 t=3922842479 W DAT 0x4F 'O'
t_wall=1785580901.189 t=3922845061 W DAT 0x4E 'N'
t_wall=1785580901.192 t=3922848515 W DAT 0x54 'T'
t_wall=1785580901.193 t=3922849881 W DAT 0x52 'R'
t_wall=1785580901.195 t=3922851200 W DAT 0x4F 'O'
t_wall=1785580901.197 t=3922853764 W DAT 0x4C 'L'
t_wall=1785580902.199 # NOTE [recorder] connected /dev/ttyACM0
t_wall=1785580902.425 # ALIVE us=3924081660 ring_depth=0 drops=0
t_wall=1785580903.427 # NOTE [recorder] connected /dev/ttyACM0
t_wall=1785580904.425 # ALIVE us=3926081712 ring_depth=0 drops=0
t_wall=1785580905.427 # NOTE [recorder] connected /dev/ttyACM0
t_wall=1785580906.425 # ALIVE us=3928081762 ring_depth=0 drops=0
t_wall=1785580906.654 t=3928308501 W CMD 0x48 [SET_CGRAM 0x08]
t_wall=1785580906.655 t=3928308677 W DAT 0x07 (CGRAM ref #7)
t_wall=1785580906.656 t=3928308715 W DAT 0x0F
t_wall=1785580906.657 t=3928312547 W DAT 0x0E
t_wall=1785580906.660 t=3928316364 W DAT 0x0B
t_wall=1785580906.664 t=3928320183 W DAT 0x0C
t_wall=1785580906.668 t=3928324081 W DAT 0x07 (CGRAM ref #7)
t_wall=1785580906.669 t=3928324119 W DAT 0x01 (CGRAM ref #1)
t_wall=1785580906.670 t=3928324157 W DAT 0x04 (CGRAM ref #4)
t_wall=1785580906.672 t=3928324292 W CMD 0xC1 [SET_DDRAM 0x41]
t_wall=1785580906.673 t=3928327744 W CMD 0x58 [SET_CGRAM 0x18]
t_wall=1785580906.674 t=3928327817 W DAT 0x00 (CGRAM ref #0)
t_wall=1785580906.675 t=3928327928 W DAT 0x00 (CGRAM ref #0)
t_wall=1785580906.676 t=3928331702 W DAT 0x00 (CGRAM ref #0)
t_wall=1785580906.679 t=3928335519 W DAT 0x00 (CGRAM ref #0)
t_wall=1785580906.683 t=3928339366 W DAT 0x00 (CGRAM ref #0)
t_wall=1785580906.687 t=3928343213 W DAT 0x00 (CGRAM ref #0)
t_wall=1785580906.690 t=3928347047 W DAT 0x18
t_wall=1785580906.695 t=3928350864 W DAT 0x00 (CGRAM ref #0)
t_wall=1785580906.699 t=3928355742 W CMD 0x70 [SET_CGRAM 0x30]
t_wall=1785580906.700 t=3928355800 W DAT 0x00 (CGRAM ref #0)
t_wall=1785580906.700 t=3928355853 W DAT 0x00 (CGRAM ref #0)
t_wall=1785580906.701 t=3928355906 W DAT 0x00 (CGRAM ref #0)
t_wall=1785580906.702 t=3928355959 W DAT 0x00 (CGRAM ref #0)
t_wall=1785580906.702 t=3928356012 W DAT 0x00 (CGRAM ref #0)
t_wall=1785580906.703 t=3928356065 W DAT 0x00 (CGRAM ref #0)
t_wall=1785580906.703 t=3928356118 W DAT 0x00 (CGRAM ref #0)
t_wall=1785580906.704 t=3928356170 W DAT 0x01 (CGRAM ref #1)
t_wall=1785580906.704 t=3928356303 W CMD 0xC1 [SET_DDRAM 0x41]
t_wall=1785580906.705 t=3928357629 W CMD 0x78 [SET_CGRAM 0x38]
t_wall=1785580906.706 t=3928357718 W DAT 0x08
t_wall=1785580906.706 t=3928357770 W DAT 0x00 (CGRAM ref #0)
t_wall=1785580906.707 t=3928361620 W DAT 0x00 (CGRAM ref #0)
t_wall=1785580906.709 t=3928365437 W DAT 0x00 (CGRAM ref #0)
t_wall=1785580906.713 t=3928369283 W DAT 0x00 (CGRAM ref #0)
t_wall=1785580906.713 t=3928369321 W DAT 0x00 (CGRAM ref #0)
t_wall=1785580906.717 t=3928373169 W DAT 0x00 (CGRAM ref #0)
t_wall=1785580906.717 t=3928373207 W DAT 0x00 (CGRAM ref #0)
t_wall=1785580906.718 t=3928373361 W CMD 0xC1 [SET_DDRAM 0x41]
t_wall=1785580906.719 t=3928375677 W DAT 0x44 'D'
t_wall=1785580906.721 t=3928377736 W DAT 0x69 'i'
t_wall=1785580906.725 t=3928381604 W DAT 0x72 'r'
t_wall=1785580906.727 t=3928382881 W CMD 0xC5 [SET_DDRAM 0x45]
t_wall=1785580906.728 t=3928384236 W DAT 0x63 'c'
t_wall=1785580906.729 t=3928385520 W CMD 0xC9 [SET_DDRAM 0x49]
t_wall=1785580906.732 t=3928388195 W DAT 0x6C 'l'
t_wall=1785580907.667 t=3929322444 W CMD 0x48 [SET_CGRAM 0x08]
t_wall=1785580907.668 t=3929322620 W DAT 0x07 (CGRAM ref #7)
t_wall=1785580907.670 t=3929322659 W DAT 0x0F
t_wall=1785580907.671 t=3929326519 W DAT 0x0E
t_wall=1785580907.674 t=3929330337 W DAT 0x0B
t_wall=1785580907.678 t=3929334153 W DAT 0x0D
t_wall=1785580907.682 t=3929338001 W DAT 0x06 (CGRAM ref #6)
t_wall=1785580907.683 t=3929338040 W DAT 0x01 (CGRAM ref #1)
t_wall=1785580907.686 t=3929341902 W DAT 0x04 (CGRAM ref #4)
t_wall=1785580907.686 t=3929342056 W CMD 0xC1 [SET_DDRAM 0x41]
t_wall=1785580907.688 t=3929344288 W DAT 0x20 ' '
t_wall=1785580907.689 t=3929345637 W DAT 0x20 ' '
t_wall=1785580907.694 t=3929350263 W DAT 0x4D 'M'
t_wall=1785580907.697 t=3929352853 W CMD 0xC5 [SET_DDRAM 0x45]
t_wall=1785580907.698 t=3929354196 W DAT 0x64 'd'
t_wall=1785580907.699 t=3929355508 W DAT 0x6C 'l'
t_wall=1785580907.701 t=3929358131 W DAT 0x65 'e'
t_wall=1785580907.703 t=3929359417 W DAT 0x79 'y'
t_wall=1785580907.706 t=3929362839 W DAT 0x20 ' '
t_wall=1785580907.708 t=3929364160 W DAT 0x20 ' '
t_wall=1785580907.709 t=3929365489 W CMD 0x0C [DISP_CTRL disp=1 cur=0 blink=0]
t_wall=1785580908.425 # ALIVE us=3930081811 ring_depth=0 drops=0
t_wall=1785580908.682 t=3930336225 W CMD 0x48 [SET_CGRAM 0x08]
t_wall=1785580908.684 t=3930336327 W DAT 0x06 (CGRAM ref #6)
t_wall=1785580908.686 t=3930336366 W DAT 0x0F
t_wall=1785580908.687 t=3930340199 W DAT 0x0F
t_wall=1785580908.688 t=3930344045 W DAT 0x0B
t_wall=1785580908.692 t=3930347861 W DAT 0x0D
t_wall=1785580908.696 t=3930351708 W DAT 0x06 (CGRAM ref #6)
t_wall=1785580908.697 t=3930351746 W DAT 0x00 (CGRAM ref #0)
t_wall=1785580908.700 t=3930355601 W DAT 0x04 (CGRAM ref #4)
t_wall=1785580908.701 t=3930355739 W CMD 0xC2 [SET_DDRAM 0x42]
t_wall=1785580908.702 t=3930358765 W DAT 0x46 'F'
t_wall=1785580908.704 t=3930360162 W DAT 0x44 'D'
t_wall=1785580908.705 t=3930361425 W DAT 0x20 ' '
t_wall=1785580908.708 t=3930364047 W DAT 0x46 'F'
t_wall=1785580908.710 t=3930366111 W DAT 0x6F 'o'
t_wall=1785580908.712 t=3930368729 W DAT 0x72 'r'
t_wall=1785580908.713 t=3930370037 W DAT 0x6D 'm'
t_wall=1785580908.716 t=3930372676 W DAT 0x61 'a'
t_wall=1785580908.717 t=3930373939 W DAT 0x74 't'
t_wall=1785580908.719 t=3930375266 W CMD 0x0C [DISP_CTRL disp=1 cur=0 blink=0]
t_wall=1785580909.721 # NOTE [recorder] connected /dev/ttyACM0
t_wall=1785580910.305 t=3931961435 W CMD 0x48 [SET_CGRAM 0x08]
t_wall=1785580910.306 t=3931961579 W DAT 0x07 (CGRAM ref #7)
t_wall=1785580910.306 t=3931961617 W DAT 0x0E
t_wall=1785580910.309 t=3931965391 W DAT 0x0F
t_wall=1785580910.312 t=3931969239 W DAT 0x0B
t_wall=1785580910.316 t=3931973102 W DAT 0x0D
t_wall=1785580910.320 t=3931976918 W DAT 0x06 (CGRAM ref #6)
t_wall=1785580910.321 t=3931976956 W DAT 0x01 (CGRAM ref #1)
t_wall=1785580910.324 t=3931980774 W DAT 0x04 (CGRAM ref #4)
t_wall=1785580910.325 t=3931980913 W CMD 0xC2 [SET_DDRAM 0x42]
t_wall=1785580910.326 t=3931983119 W DAT 0x20 ' '
t_wall=1785580910.329 t=3931985755 W DAT 0x49 'I'
t_wall=1785580910.335 t=3931991734 W DAT 0x6E 'n'
t_wall=1785580910.337 t=3931994344 W DAT 0x69 'i'
t_wall=1785580910.340 t=3931996944 W DAT 0x74 't'
t_wall=1785580910.342 t=3931998302 W DAT 0x69 'i'
t_wall=1785580910.344 t=3932000912 W DAT 0x61 'a'
t_wall=1785580910.346 t=3932003030 W DAT 0x6C 'l'
t_wall=1785580910.425 # ALIVE us=3932081860 ring_depth=0 drops=0
t_wall=1785580910.708 t=3932363460 W CMD 0x48 [SET_CGRAM 0x08]
t_wall=1785580910.710 t=3932363577 W DAT 0x07 (CGRAM ref #7)
t_wall=1785580910.712 t=3932363615 W DAT 0x0E
t_wall=1785580910.713 t=3932367378 W DAT 0x0F
t_wall=1785580910.715 t=3932371193 W DAT 0x0B
t_wall=1785580910.719 t=3932375009 W DAT 0x0D
t_wall=1785580910.723 t=3932378889 W DAT 0x07 (CGRAM ref #7)
t_wall=1785580910.725 t=3932378927 W DAT 0x01 (CGRAM ref #1)
t_wall=1785580910.727 t=3932382759 W DAT 0x04 (CGRAM ref #4)
t_wall=1785580910.728 t=3932382886 W CMD 0xC0 [SET_DDRAM 0x40]
t_wall=1785580910.729 t=3932385026 W DAT 0x50 'P'
t_wall=1785580910.733 t=3932387653 W DAT 0x65 'e'
t_wall=1785580910.734 t=3932388937 W DAT 0x64 'd'
t_wall=1785580910.735 t=3932390265 W DAT 0x61 'a'
t_wall=1785580910.736 t=3932391570 W DAT 0x6C 'l'
t_wall=1785580910.738 t=3932395052 W DAT 0x53 'S'
t_wall=1785580910.740 t=3932396338 W DAT 0x65 'e'
t_wall=1785580910.741 t=3932397716 W DAT 0x74 't'
t_wall=1785580910.743 t=3932399062 W DAT 0x74 't'
t_wall=1785580910.744 t=3932400345 W DAT 0x69 'i'
t_wall=1785580910.788 t=3932444565 W CMD 0x48 [SET_CGRAM 0x08]
t_wall=1785580910.788 t=3932444668 W DAT 0x07 (CGRAM ref #7)
t_wall=1785580910.789 t=3932444706 W DAT 0x0F
t_wall=1785580910.792 t=3932448521 W DAT 0x0F
t_wall=1785580910.795 t=3932452297 W DAT 0x0A
t_wall=1785580910.799 t=3932456143 W DAT 0x0D
t_wall=1785580910.803 t=3932459990 W DAT 0x06 (CGRAM ref #6)
t_wall=1785580910.804 t=3932460028 W DAT 0x00 (CGRAM ref #0)
t_wall=1785580910.804 t=3932460066 W DAT 0x04 (CGRAM ref #4)
t_wall=1785580910.804 t=3932460193 W CMD 0xC0 [SET_DDRAM 0x40]
t_wall=1785580910.806 t=3932462499 W CMD 0x50 [SET_CGRAM 0x10]
t_wall=1785580910.806 t=3932462558 W DAT 0x00 (CGRAM ref #0)
t_wall=1785580910.807 t=3932462610 W DAT 0x00 (CGRAM ref #0)
t_wall=1785580910.807 t=3932462663 W DAT 0x00 (CGRAM ref #0)
t_wall=1785580910.807 t=3932462716 W DAT 0x00 (CGRAM ref #0)
t_wall=1785580910.808 t=3932462769 W DAT 0x00 (CGRAM ref #0)
t_wall=1785580910.808 t=3932462821 W DAT 0x00 (CGRAM ref #0)
t_wall=1785580910.809 t=3932462874 W DAT 0x01 (CGRAM ref #1)
t_wall=1785580910.809 t=3932462927 W DAT 0x00 (CGRAM ref #0)
t_wall=1785580910.810 t=3932463055 W CMD 0xC0 [SET_DDRAM 0x40]
t_wall=1785580910.810 t=3932464430 W DAT 0x20 ' '
t_wall=1785580910.812 t=3932469037 W DAT 0x20 ' '
t_wall=1785580910.814 t=3932470375 W DAT 0x43 'C'
t_wall=1785580910.815 t=3932471673 W DAT 0x6F 'o'
t_wall=1785580910.817 t=3932474292 W DAT 0x6E 'n'
t_wall=1785580910.820 t=3932476914 W DAT 0x74 't'
t_wall=1785580910.822 t=3932479032 W DAT 0x72 'r'
t_wall=1785580910.824 t=3932480360 W DAT 0x61 'a'
t_wall=1785580910.826 t=3932482939 W DAT 0x73 's'
t_wall=1785580910.827 t=3932484296 W DAT 0x74 't'
t_wall=1785580910.829 t=3932485559 W DAT 0x20 ' '
t_wall=1785580910.830 t=3932486874 W CMD 0x0C [DISP_CTRL disp=1 cur=0 blink=0]
t_wall=1785580911.384 t=3933040097 W CMD 0x48 [SET_CGRAM 0x08]
t_wall=1785580911.384 t=3933040272 W DAT 0x07 (CGRAM ref #7)
t_wall=1785580911.385 t=3933040310 W DAT 0x0E
t_wall=1785580911.387 t=3933044158 W DAT 0x0F
t_wall=1785580911.391 t=3933047990 W DAT 0x0B
t_wall=1785580911.394 t=3933051311 W DAT 0x0D
t_wall=1785580911.398 t=3933055127 W DAT 0x07 (CGRAM ref #7)
t_wall=1785580911.399 t=3933055165 W DAT 0x01 (CGRAM ref #1)
t_wall=1785580911.402 t=3933059014 W DAT 0x04 (CGRAM ref #4)
t_wall=1785580911.403 t=3933059142 W CMD 0xC0 [SET_DDRAM 0x40]
t_wall=1785580911.404 t=3933061288 W CMD 0x50 [SET_CGRAM 0x10]
t_wall=1785580911.405 t=3933061333 W DAT 0x00 (CGRAM ref #0)
t_wall=1785580911.405 t=3933061386 W DAT 0x00 (CGRAM ref #0)
t_wall=1785580911.406 t=3933061438 W DAT 0x00 (CGRAM ref #0)
t_wall=1785580911.406 t=3933061491 W DAT 0x00 (CGRAM ref #0)
t_wall=1785580911.407 t=3933061544 W DAT 0x00 (CGRAM ref #0)
t_wall=1785580911.407 t=3933061596 W DAT 0x00 (CGRAM ref #0)
t_wall=1785580911.407 t=3933061650 W DAT 0x09
t_wall=1785580911.408 t=3933061702 W DAT 0x00 (CGRAM ref #0)
t_wall=1785580911.408 t=3933061830 W CMD 0xC0 [SET_DDRAM 0x40]
t_wall=1785580911.409 t=3933063250 W DAT 0x50 'P'
t_wall=1785580911.409 t=3933065775 W DAT 0x65 'e'
t_wall=1785580911.410 t=3933067186 W DAT 0x64 'd'
t_wall=1785580911.412 t=3933069248 W DAT 0x61 'a'
t_wall=1785580911.414 t=3933070552 W DAT 0x6C 'l'
t_wall=1785580911.418 t=3933074458 W DAT 0x53 'S'
t_wall=1785580911.419 t=3933075747 W DAT 0x65 'e'
t_wall=1785580911.420 t=3933077011 W DAT 0x74 't'
t_wall=1785580911.421 t=3933078354 W DAT 0x74 't'
t_wall=1785580911.423 t=3933079696 W DAT 0x69 'i'
t_wall=1785580912.338 t=3933994333 W CMD 0x48 [SET_CGRAM 0x08]
t_wall=1785580912.338 t=3933994435 W DAT 0x07 (CGRAM ref #7)
t_wall=1785580912.339 t=3933994474 W DAT 0x0E
t_wall=1785580912.340 t=3933996895 W DAT 0x0F
t_wall=1785580912.344 t=3934000713 W DAT 0x0B
t_wall=1785580912.348 t=3934004529 W DAT 0x0D
t_wall=1785580912.352 t=3934008405 W DAT 0x06 (CGRAM ref #6)
t_wall=1785580912.352 t=3934008443 W DAT 0x01 (CGRAM ref #1)
t_wall=1785580912.353 t=3934008481 W DAT 0x04 (CGRAM ref #4)
t_wall=1785580912.353 t=3934008609 W CMD 0xC0 [SET_DDRAM 0x40]
t_wall=1785580912.357 t=3934014183 W DAT 0x20 ' '
t_wall=1785580912.360 t=3934016811 W DAT 0x20 ' '
t_wall=1785580912.361 t=3934018096 W DAT 0x20 ' '
t_wall=1785580912.362 t=3934019359 W DAT 0x49 'I'
t_wall=1785580912.365 t=3934022024 W DAT 0x6E 'n'
t_wall=1785580912.368 t=3934025462 W DAT 0x69 'i'
t_wall=1785580912.371 t=3934028122 W DAT 0x74 't'
t_wall=1785580912.373 t=3934029437 W DAT 0x69 'i'
t_wall=1785580912.375 t=3934032022 W DAT 0x61 'a'
t_wall=1785580912.425 # ALIVE us=3934081907 ring_depth=0 drops=0
t_wall=1785580912.712 t=3934368980 W CMD 0x48 [SET_CGRAM 0x08]
t_wall=1785580912.713 t=3934369098 W DAT 0x06 (CGRAM ref #6)
t_wall=1785580912.713 t=3934369136 W DAT 0x0F
t_wall=1785580912.716 t=3934372983 W DAT 0x0F
t_wall=1785580912.720 t=3934376817 W DAT 0x0B
t_wall=1785580912.724 t=3934380634 W DAT 0x0D
t_wall=1785580912.728 t=3934384478 W DAT 0x06 (CGRAM ref #6)
t_wall=1785580912.728 t=3934384516 W DAT 0x00 (CGRAM ref #0)
t_wall=1785580912.731 t=3934388364 W DAT 0x04 (CGRAM ref #4)
t_wall=1785580912.732 t=3934388502 W CMD 0xC2 [SET_DDRAM 0x42]
t_wall=1785580912.735 t=3934391503 W DAT 0x46 'F'
t_wall=1785580912.736 t=3934392825 W DAT 0x44 'D'
t_wall=1785580912.737 t=3934394114 W DAT 0x20 ' '
t_wall=1785580912.741 t=3934398027 W DAT 0x46 'F'
t_wall=1785580912.742 t=3934399311 W DAT 0x6F 'o'
t_wall=1785580912.745 t=3934401919 W DAT 0x72 'r'
t_wall=1785580912.747 t=3934404111 W DAT 0x6D 'm'
t_wall=1785580912.750 t=3934406692 W DAT 0x61 'a'
t_wall=1785580912.794 t=3934450863 W CMD 0x48 [SET_CGRAM 0x08]
t_wall=1785580912.795 t=3934450995 W DAT 0x07 (CGRAM ref #7)
t_wall=1785580912.795 t=3934451033 W DAT 0x0F
t_wall=1785580912.798 t=3934454882 W DAT 0x0E
t_wall=1785580912.802 t=3934458753 W DAT 0x0B
t_wall=1785580912.806 t=3934462599 W DAT 0x0D
t_wall=1785580912.810 t=3934466414 W DAT 0x06 (CGRAM ref #6)
t_wall=1785580912.810 t=3934466452 W DAT 0x01 (CGRAM ref #1)
t_wall=1785580912.810 t=3934466490 W DAT 0x04 (CGRAM ref #4)
t_wall=1785580912.811 t=3934466628 W CMD 0xC2 [SET_DDRAM 0x42]
t_wall=1785580912.812 t=3934468964 W DAT 0x20 ' '
t_wall=1785580912.814 t=3934471134 W DAT 0x4D 'M'
t_wall=1785580912.818 t=3934474945 W DAT 0x65 'e'
t_wall=1785580912.819 t=3934476303 W DAT 0x64 'd'
t_wall=1785580912.821 t=3934477593 W DAT 0x6C 'l'
t_wall=1785580912.823 t=3934480162 W DAT 0x65 'e'
t_wall=1785580912.825 t=3934481501 W DAT 0x79 'y'
t_wall=1785580912.828 t=3934484932 W DAT 0x20 ' '
t_wall=1785580912.872 t=3934528806 W CMD 0x48 [SET_CGRAM 0x08]
t_wall=1785580912.872 t=3934528938 W DAT 0x07 (CGRAM ref #7)
t_wall=1785580912.873 t=3934528976 W DAT 0x0F
t_wall=1785580912.876 t=3934532825 W DAT 0x0E
t_wall=1785580912.880 t=3934536680 W DAT 0x0B
t_wall=1785580912.882 t=3934538786 W DAT 0x0C
t_wall=1785580912.886 t=3934542604 W DAT 0x07 (CGRAM ref #7)
t_wall=1785580912.886 t=3934542642 W DAT 0x01 (CGRAM ref #1)
t_wall=1785580912.890 t=3934546490 W DAT 0x04 (CGRAM ref #4)
t_wall=1785580912.890 t=3934546625 W CMD 0xC1 [SET_DDRAM 0x41]
t_wall=1785580912.895 t=3934552283 W DAT 0x44 'D'
t_wall=1785580912.897 t=3934553598 W DAT 0x69 'i'
t_wall=1785580912.906 t=3934563497 W DAT 0x72 'r'
t_wall=1785580912.908 t=3934564769 W CMD 0xC5 [SET_DDRAM 0x45]
t_wall=1785580912.909 t=3934566055 W DAT 0x63 'c'
t_wall=1785580912.910 t=3934567422 W DAT 0x74 't'
t_wall=1785580912.912 t=3934568786 W DAT 0x20 ' '
t_wall=1785580912.913 t=3934570140 W DAT 0x50 'P'
t_wall=1785580912.914 t=3934571404 W DAT 0x6C 'l'
t_wall=1785580912.917 t=3934574051 W DAT 0x61 'a'
t_wall=1785580912.953 t=3934609122 W CMD 0x48 [SET_CGRAM 0x08]
t_wall=1785580912.954 t=3934609298 W DAT 0x06 (CGRAM ref #6)
t_wall=1785580912.955 t=3934609336 W DAT 0x0F
t_wall=1785580912.956 t=3934613185 W DAT 0x0E
t_wall=1785580912.960 t=3934617048 W DAT 0x0A
t_wall=1785580912.964 t=3934620864 W DAT 0x0D
t_wall=1785580912.968 t=3934624682 W DAT 0x06 (CGRAM ref #6)
t_wall=1785580912.968 t=3934624720 W DAT 0x00 (CGRAM ref #0)
t_wall=1785580912.972 t=3934628569 W DAT 0x04 (CGRAM ref #4)
t_wall=1785580912.972 t=3934628699 W CMD 0xC0 [SET_DDRAM 0x40]
t_wall=1785580912.975 t=3934632282 W CMD 0x58 [SET_CGRAM 0x18]
t_wall=1785580912.976 t=3934632340 W DAT 0x00 (CGRAM ref #0)
t_wall=1785580912.976 t=3934632394 W DAT 0x00 (CGRAM ref #0)
t_wall=1785580912.979 t=3934636212 W DAT 0x00 (CGRAM ref #0)
t_wall=1785580912.983 t=3934640027 W DAT 0x00 (CGRAM ref #0)
t_wall=1785580912.984 t=3934640065 W DAT 0x00 (CGRAM ref #0)
t_wall=1785580912.987 t=3934643914 W DAT 0x00 (CGRAM ref #0)
t_wall=1785580912.987 t=3934643952 W DAT 0x10
t_wall=1785580912.991 t=3934647815 W DAT 0x00 (CGRAM ref #0)
t_wall=1785580912.991 t=3934647943 W CMD 0xC0 [SET_DDRAM 0x40]
t_wall=1785580912.996 t=3934652577 W CMD 0x70 [SET_CGRAM 0x30]
t_wall=1785580912.996 t=3934652636 W DAT 0x00 (CGRAM ref #0)
t_wall=1785580912.997 t=3934652689 W DAT 0x00 (CGRAM ref #0)
t_wall=1785580912.997 t=3934652741 W DAT 0x00 (CGRAM ref #0)
t_wall=1785580912.997 t=3934652794 W DAT 0x00 (CGRAM ref #0)
t_wall=1785580912.998 t=3934652847 W DAT 0x00 (CGRAM ref #0)
t_wall=1785580912.998 t=3934652900 W DAT 0x00 (CGRAM ref #0)
t_wall=1785580912.998 t=3934652952 W DAT 0x00 (CGRAM ref #0)
t_wall=1785580912.999 t=3934653005 W DAT 0x00 (CGRAM ref #0)
t_wall=1785580912.999 t=3934653133 W CMD 0xC0 [SET_DDRAM 0x40]
t_wall=1785580913.000 t=3934654509 W CMD 0x78 [SET_CGRAM 0x38]
t_wall=1785580913.000 t=3934654567 W DAT 0x08
t_wall=1785580913.001 t=3934658414 W DAT 0x00 (CGRAM ref #0)
t_wall=1785580913.005 t=3934662249 W DAT 0x00 (CGRAM ref #0)
t_wall=1785580913.009 t=3934666095 W DAT 0x00 (CGRAM ref #0)
t_wall=1785580913.013 t=3934669910 W DAT 0x00 (CGRAM ref #0)
t_wall=1785580913.017 t=3934673757 W DAT 0x00 (CGRAM ref #0)
t_wall=1785580913.021 t=3934677592 W DAT 0x00 (CGRAM ref #0)
t_wall=1785580913.024 t=3934681437 W DAT 0x0A
t_wall=1785580913.030 t=3934687146 W CMD 0xC0 [SET_DDRAM 0x40]
t_wall=1785580913.033 t=3934689745 W DAT 0x4C 'L'
t_wall=1785580913.036 t=3934693230 W DAT 0x6F 'o'
t_wall=1785580913.043 t=3934699718 W DAT 0x61 'a'
t_wall=1785580913.044 t=3934701045 W DAT 0x64 'd'
t_wall=1785580913.045 t=3934702346 W DAT 0x20 ' '
t_wall=1785580913.046 t=3934703633 W DAT 0x20 ' '
t_wall=1785580913.050 t=3934707338 W DAT 0x20 ' '
t_wall=1785580913.053 t=3934709987 W CMD 0xC8 [SET_DDRAM 0x48]
t_wall=1785580913.055 t=3934712586 W DAT 0x53 'S'
t_wall=1785580913.057 t=3934713871 W DAT 0x61 'a'
t_wall=1785580913.058 t=3934715179 W DAT 0x76 'v'
t_wall=1785580913.060 t=3934717368 W DAT 0x65 'e'
t_wall=1785580913.062 t=3934718625 W CMD 0x0C [DISP_CTRL disp=1 cur=0 blink=0]
t_wall=1785580914.064 # NOTE [recorder] connected /dev/ttyACM0
t_wall=1785580914.425 # ALIVE us=3936081955 ring_depth=0 drops=0
t_wall=1785580915.427 # NOTE [recorder] connected /dev/ttyACM0
t_wall=1785580916.425 # ALIVE us=3938082005 ring_depth=0 drops=0
t_wall=1785580917.427 # NOTE [recorder] connected /dev/ttyACM0
t_wall=1785580918.425 # ALIVE us=3940082054 ring_depth=0 drops=0
t_wall=1785580919.427 # NOTE [recorder] connected /dev/ttyACM0
t_wall=1785580920.303 t=3941960319 W CMD 0x70 [SET_CGRAM 0x30]
t_wall=1785580920.304 t=3941960422 W DAT 0x00 (CGRAM ref #0)
t_wall=1785580920.305 t=3941960475 W DAT 0x00 (CGRAM ref #0)
t_wall=1785580920.306 t=3941960527 W DAT 0x00 (CGRAM ref #0)
t_wall=1785580920.306 t=3941960580 W DAT 0x00 (CGRAM ref #0)
t_wall=1785580920.307 t=3941960633 W DAT 0x00 (CGRAM ref #0)
t_wall=1785580920.307 t=3941960686 W DAT 0x00 (CGRAM ref #0)
t_wall=1785580920.308 t=3941960739 W DAT 0x00 (CGRAM ref #0)
t_wall=1785580920.309 t=3941960792 W DAT 0x01 (CGRAM ref #1)
t_wall=1785580920.309 t=3941960920 W CMD 0xC0 [SET_DDRAM 0x40]
t_wall=1785580920.310 t=3941963090 W CMD 0x78 [SET_CGRAM 0x38]
t_wall=1785580920.311 t=3941963149 W DAT 0x08
t_wall=1785580920.311 t=3941963201 W DAT 0x00 (CGRAM ref #0)
t_wall=1785580920.312 t=3941967017 W DAT 0x00 (CGRAM ref #0)
t_wall=1785580920.313 t=3941970834 W DAT 0x00 (CGRAM ref #0)
t_wall=1785580920.314 t=3941970872 W DAT 0x00 (CGRAM ref #0)
t_wall=1785580920.317 t=3941974743 W DAT 0x00 (CGRAM ref #0)
t_wall=1785580920.321 t=3941978604 W DAT 0x00 (CGRAM ref #0)
t_wall=1785580920.322 t=3941978642 W DAT 0x00 (CGRAM ref #0)
t_wall=1785580920.322 t=3941978770 W CMD 0xC0 [SET_DDRAM 0x40]
t_wall=1785580920.325 t=3941982226 W CMD 0x48 [SET_CGRAM 0x08]
t_wall=1785580920.326 t=3941982284 W DAT 0x07 (CGRAM ref #7)
t_wall=1785580920.326 t=3941982322 W DAT 0x0F
t_wall=1785580920.329 t=3941986139 W DAT 0x0E
t_wall=1785580920.333 t=3941989989 W DAT 0x0B
t_wall=1785580920.334 t=3941991379 W DAT 0x0C
t_wall=1785580920.338 t=3941995264 W DAT 0x07 (CGRAM ref #7)
t_wall=1785580920.338 t=3941995303 W DAT 0x01 (CGRAM ref #1)
t_wall=1785580920.342 t=3941999118 W DAT 0x04 (CGRAM ref #4)
t_wall=1785580920.342 t=3941999246 W CMD 0xC0 [SET_DDRAM 0x40]
t_wall=1785580920.346 t=3942003710 W CMD 0x58 [SET_CGRAM 0x18]
t_wall=1785580920.347 t=3942003768 W DAT 0x00 (CGRAM ref #0)
t_wall=1785580920.347 t=3942003821 W DAT 0x00 (CGRAM ref #0)
t_wall=1785580920.350 t=3942007682 W DAT 0x00 (CGRAM ref #0)
t_wall=1785580920.354 t=3942011459 W DAT 0x00 (CGRAM ref #0)
t_wall=1785580920.358 t=3942015275 W DAT 0x00 (CGRAM ref #0)
t_wall=1785580920.362 t=3942019091 W DAT 0x00 (CGRAM ref #0)
t_wall=1785580920.365 t=3942022970 W DAT 0x18
t_wall=1785580920.370 t=3942026800 W DAT 0x00 (CGRAM ref #0)
t_wall=1785580920.375 t=3942031737 W CMD 0xC0 [SET_DDRAM 0x40]
t_wall=1785580920.377 t=3942034281 W DAT 0x20 ' '
t_wall=1785580920.380 t=3942036936 W DAT 0x44 'D'
t_wall=1785580920.382 t=3942039024 W DAT 0x69 'i'
t_wall=1785580920.386 t=3942042915 W DAT 0x72 'r'
t_wall=1785580920.387 t=3942044225 W DAT 0x65 'e'
t_wall=1785580920.388 t=3942045510 W DAT 0x63 'c'
t_wall=1785580920.389 t=3942046794 W DAT 0x74 't'
t_wall=1785580920.391 t=3942048164 W CMD 0xC8 [SET_DDRAM 0x48]
t_wall=1785580920.394 t=3942051619 W DAT 0x50 'P'
t_wall=1785580920.396 t=3942052904 W DAT 0x6C 'l'
t_wall=1785580920.425 # ALIVE us=3942082104 ring_depth=0 drops=0
t_wall=1785580920.620 t=3942274351 W CMD 0x48 [SET_CGRAM 0x08]
t_wall=1785580920.622 t=3942274527 W DAT 0x07 (CGRAM ref #7)
t_wall=1785580920.623 t=3942274566 W DAT 0x0F
t_wall=1785580920.625 t=3942278401 W DAT 0x0E
t_wall=1785580920.626 t=3942282238 W DAT 0x0B
t_wall=1785580920.629 t=3942285647 W DAT 0x0D
t_wall=1785580920.634 t=3942289523 W DAT 0x06 (CGRAM ref #6)
t_wall=1785580920.636 t=3942289561 W DAT 0x01 (CGRAM ref #1)
t_wall=1785580920.638 t=3942289599 W DAT 0x04 (CGRAM ref #4)
t_wall=1785580920.639 t=3942289732 W CMD 0xC1 [SET_DDRAM 0x41]
t_wall=1785580920.640 t=3942295357 W DAT 0x20 ' '
t_wall=1785580920.642 t=3942299228 W DAT 0x20 ' '
t_wall=1785580920.646 t=3942302632 W DAT 0x4D 'M'
t_wall=1785580920.649 t=3942305346 W CMD 0xC5 [SET_DDRAM 0x45]
t_wall=1785580920.650 t=3942306688 W DAT 0x64 'd'
t_wall=1785580920.651 t=3942307972 W DAT 0x6C 'l'
t_wall=1785580920.653 t=3942310592 W DAT 0x65 'e'
t_wall=1785580920.655 t=3942311881 W DAT 0x79 'y'
t_wall=1785580920.658 t=3942315221 W DAT 0x20 ' '
t_wall=1785580920.659 t=3942316551 W DAT 0x20 ' '
t_wall=1785580920.917 t=3942574016 W CMD 0x48 [SET_CGRAM 0x08]
t_wall=1785580920.917 t=3942574118 W DAT 0x06 (CGRAM ref #6)
t_wall=1785580920.917 t=3942574156 W DAT 0x0F
t_wall=1785580920.920 t=3942577990 W DAT 0x0F
t_wall=1785580920.925 t=3942581806 W DAT 0x0B
t_wall=1785580920.929 t=3942585624 W DAT 0x0D
t_wall=1785580920.934 t=3942589429 W DAT 0x06 (CGRAM ref #6)
t_wall=1785580920.935 t=3942589541 W DAT 0x00 (CGRAM ref #0)
t_wall=1785580920.936 t=3942589579 W DAT 0x04 (CGRAM ref #4)
t_wall=1785580920.938 t=3942589717 W CMD 0xC2 [SET_DDRAM 0x42]
t_wall=1785580920.938 t=3942592741 W DAT 0x46 'F'
t_wall=1785580920.939 t=3942594102 W DAT 0x44 'D'
t_wall=1785580920.940 t=3942595388 W DAT 0x20 ' '
t_wall=1785580920.941 t=3942596678 W DAT 0x46 'F'
t_wall=1785580920.942 t=3942597982 W DAT 0x6F 'o'
t_wall=1785580920.943 t=3942600563 W DAT 0x72 'r'
t_wall=1785580920.945 t=3942601892 W DAT 0x6D 'm'
t_wall=1785580920.948 t=3942605374 W DAT 0x61 'a'
t_wall=1785580920.950 t=3942606681 W DAT 0x74 't'
t_wall=1785580920.951 t=3942608046 W DAT 0x20 ' '
t_wall=1785580920.953 t=3942609380 W CMD 0x0C [DISP_CTRL disp=1 cur=0 blink=0]
t_wall=1785580921.241 t=3942898589 W CMD 0x48 [SET_CGRAM 0x08]
t_wall=1785580921.241 t=3942898691 W DAT 0x07 (CGRAM ref #7)
t_wall=1785580921.242 t=3942898730 W DAT 0x0E
t_wall=1785580921.244 t=3942901932 W DAT 0x0F
t_wall=1785580921.248 t=3942905750 W DAT 0x0B
t_wall=1785580921.252 t=3942909599 W DAT 0x0D
t_wall=1785580921.256 t=3942913430 W DAT 0x06 (CGRAM ref #6)
t_wall=1785580921.256 t=3942913468 W DAT 0x01 (CGRAM ref #1)
t_wall=1785580921.260 t=3942917314 W DAT 0x04 (CGRAM ref #4)
t_wall=1785580921.260 t=3942917451 W CMD 0xC2 [SET_DDRAM 0x42]
t_wall=1785580921.262 t=3942919749 W DAT 0x20 ' '
t_wall=1785580921.266 t=3942923141 W DAT 0x49 'I'
t_wall=1785580921.268 t=3942925711 W DAT 0x6E 'n'
t_wall=1785580921.271 t=3942928298 W DAT 0x69 'i'
t_wall=1785580921.273 t=3942930922 W DAT 0x74 't'
t_wall=1785580921.275 t=3942932237 W DAT 0x69 'i'
t_wall=1785580921.278 t=3942935678 W DAT 0x61 'a'
t_wall=1785580921.281 t=3942938348 W DAT 0x6C 'l'
t_wall=1785580921.533 t=3943190417 W CMD 0x48 [SET_CGRAM 0x08]
t_wall=1785580921.533 t=3943190534 W DAT 0x07 (CGRAM ref #7)
t_wall=1785580921.533 t=3943190572 W DAT 0x0E
t_wall=1785580921.537 t=3943194423 W DAT 0x0F
t_wall=1785580921.541 t=3943198282 W DAT 0x0B
t_wall=1785580921.545 t=3943202099 W DAT 0x0D
t_wall=1785580921.549 t=3943205917 W DAT 0x07 (CGRAM ref #7)
t_wall=1785580921.549 t=3943205955 W DAT 0x01 (CGRAM ref #1)
t_wall=1785580921.552 t=3943209802 W DAT 0x04 (CGRAM ref #4)
t_wall=1785580921.553 t=3943209929 W CMD 0xC0 [SET_DDRAM 0x40]
t_wall=1785580921.558 t=3943215584 W DAT 0x50 'P'
t_wall=1785580921.561 t=3943218164 W DAT 0x65 'e'
t_wall=1785580921.562 t=3943219570 W DAT 0x64 'd'
t_wall=1785580921.564 t=3943220873 W DAT 0x61 'a'
t_wall=1785580921.566 t=3943223469 W DAT 0x6C 'l'
t_wall=1785580921.570 t=3943226887 W DAT 0x53 'S'
t_wall=1785580921.571 t=3943228150 W DAT 0x65 'e'
t_wall=1785580921.572 t=3943229466 W DAT 0x74 't'
t_wall=1785580921.573 t=3943230850 W DAT 0x74 't'
t_wall=1785580921.575 t=3943232121 W DAT 0x69 'i'
t_wall=1785580921.969 t=3943626849 W CMD 0x48 [SET_CGRAM 0x08]
t_wall=1785580921.970 t=3943627001 W DAT 0x07 (CGRAM ref #7)
t_wall=1785580921.970 t=3943627039 W DAT 0x0E
t_wall=1785580921.970 t=3943627092 W DAT 0x0F
t_wall=1785580921.973 t=3943630909 W DAT 0x0B
t_wall=1785580921.977 t=3943634759 W DAT 0x0D
t_wall=1785580921.981 t=3943638619 W DAT 0x06 (CGRAM ref #6)
t_wall=1785580921.981 t=3943638657 W DAT 0x01 (CGRAM ref #1)
t_wall=1785580921.981 t=3943638696 W DAT 0x04 (CGRAM ref #4)
t_wall=1785580921.982 t=3943638824 W CMD 0xC0 [SET_DDRAM 0x40]
t_wall=1785580921.983 t=3943641007 W DAT 0x20 ' '
t_wall=1785580921.986 t=3943643669 W DAT 0x20 ' '
t_wall=1785580921.987 t=3943644933 W DAT 0x20 ' '
t_wall=1785580921.991 t=3943647578 W DAT 0x49 'I'
t_wall=1785580922.001 t=3943653517 W DAT 0x6E 'n'
t_wall=1785580922.006 t=3943656128 W DAT 0x69 'i'
t_wall=1785580922.012 t=3943658696 W DAT 0x74 't'
t_wall=1785580922.017 t=3943660036 W DAT 0x69 'i'
t_wall=1785580922.021 t=3943663437 W DAT 0x61 'a'
t_wall=1785580922.026 t=3943667427 W DAT 0x6C 'l'
t_wall=1785580922.367 t=3944021443 W CMD 0x48 [SET_CGRAM 0x08]
t_wall=1785580922.369 t=3944021574 W DAT 0x06 (CGRAM ref #6)
t_wall=1785580922.370 t=3944021613 W DAT 0x0F
t_wall=1785580922.371 t=3944022599 W DAT 0x0F
t_wall=1785580922.372 t=3944026416 W DAT 0x0B
t_wall=1785580922.374 t=3944030220 W DAT 0x0D
t_wall=1785580922.378 t=3944034067 W DAT 0x06 (CGRAM ref #6)
t_wall=1785580922.381 t=3944034105 W DAT 0x00 (CGRAM ref #0)
t_wall=1785580922.384 t=3944037938 W DAT 0x04 (CGRAM ref #4)
t_wall=1785580922.386 t=3944038076 W CMD 0xC2 [SET_DDRAM 0x42]
t_wall=1785580922.388 t=3944040224 W DAT 0x46 'F'
t_wall=1785580922.390 t=3944042385 W DAT 0x44 'D'
t_wall=1785580922.391 t=3944043701 W DAT 0x20 ' '
t_wall=1785580922.392 t=3944045021 W DAT 0x46 'F'
t_wall=1785580922.393 t=3944046380 W DAT 0x6F 'o'
t_wall=1785580922.395 t=3944048935 W DAT 0x72 'r'
t_wall=1785580922.399 t=3944050278 W DAT 0x6D 'm'
t_wall=1785580922.401 t=3944052876 W DAT 0x61 'a'
t_wall=1785580922.428 # ALIVE us=3944082154 ring_depth=0 drops=0
t_wall=1785580922.652 t=3944309619 W CMD 0x48 [SET_CGRAM 0x08]
t_wall=1785580922.653 t=3944309810 W DAT 0x07 (CGRAM ref #7)
t_wall=1785580922.653 t=3944309848 W DAT 0x0F
t_wall=1785580922.656 t=3944313665 W DAT 0x0E
t_wall=1785580922.660 t=3944317514 W DAT 0x0B
t_wall=1785580922.664 t=3944321346 W DAT 0x0D
t_wall=1785580922.668 t=3944325192 W DAT 0x06 (CGRAM ref #6)
t_wall=1785580922.668 t=3944325230 W DAT 0x01 (CGRAM ref #1)
t_wall=1785580922.672 t=3944329049 W DAT 0x04 (CGRAM ref #4)
t_wall=1785580922.672 t=3944329187 W CMD 0xC2 [SET_DDRAM 0x42]
t_wall=1785580922.674 t=3944331497 W DAT 0x20 ' '
t_wall=1785580922.677 t=3944334025 W DAT 0x4D 'M'
t_wall=1785580922.681 t=3944338695 W DAT 0x65 'e'
t_wall=1785580922.683 t=3944340027 W DAT 0x64 'd'
t_wall=1785580922.684 t=3944341384 W DAT 0x6C 'l'
t_wall=1785580922.686 t=3944343956 W DAT 0x65 'e'
t_wall=1785580922.688 t=3944345220 W DAT 0x79 'y'
t_wall=1785580922.690 t=3944347896 W DAT 0x20 ' '
t_wall=1785580922.693 t=3944350014 W DAT 0x20 ' '
t_wall=1785580922.694 t=3944351336 W CMD 0x0C [DISP_CTRL disp=1 cur=0 blink=0]
t_wall=1785580922.820 t=3944477628 W CMD 0x48 [SET_CGRAM 0x08]
t_wall=1785580922.821 t=3944477745 W DAT 0x07 (CGRAM ref #7)
t_wall=1785580922.821 t=3944477783 W DAT 0x0F
t_wall=1785580922.824 t=3944481630 W DAT 0x0E
t_wall=1785580922.828 t=3944485403 W DAT 0x0B
t_wall=1785580922.832 t=3944489220 W DAT 0x0C
t_wall=1785580922.836 t=3944493092 W DAT 0x07 (CGRAM ref #7)
t_wall=1785580922.836 t=3944493130 W DAT 0x01 (CGRAM ref #1)
t_wall=1785580922.840 t=3944496992 W DAT 0x04 (CGRAM ref #4)
t_wall=1785580922.840 t=3944497148 W CMD 0xC1 [SET_DDRAM 0x41]
t_wall=1785580922.842 t=3944499354 W DAT 0x44 'D'
t_wall=1785580922.843 t=3944500617 W DAT 0x69 'i'
t_wall=1785580922.846 t=3944503238 W DAT 0x72 'r'
t_wall=1785580922.848 t=3944505461 W CMD 0xC5 [SET_DDRAM 0x45]
t_wall=1785580922.849 t=3944506726 W DAT 0x63 'c'
t_wall=1785580922.851 t=3944508012 W DAT 0x74 't'
t_wall=1785580922.852 t=3944509379 W DAT 0x20 ' '
t_wall=1785580922.853 t=3944510718 W DAT 0x50 'P'
t_wall=1785580922.856 t=3944513310 W DAT 0x6C 'l'
t_wall=1785580922.991 t=3944648696 W CMD 0x48 [SET_CGRAM 0x08]
t_wall=1785580922.992 t=3944648827 W DAT 0x06 (CGRAM ref #6)
t_wall=1785580922.992 t=3944648865 W DAT 0x0F
t_wall=1785580922.995 t=3944652698 W DAT 0x0E
t_wall=1785580922.999 t=3944656542 W DAT 0x0A
t_wall=1785580923.003 t=3944660360 W DAT 0x0D
t_wall=1785580923.007 t=3944664207 W DAT 0x06 (CGRAM ref #6)
t_wall=1785580923.007 t=3944664245 W DAT 0x00 (CGRAM ref #0)
t_wall=1785580923.011 t=3944668078 W DAT 0x04 (CGRAM ref #4)
t_wall=1785580923.012 t=3944668206 W CMD 0xC0 [SET_DDRAM 0x40]
t_wall=1785580923.013 t=3944670420 W DAT 0x4C 'L'
t_wall=1785580923.015 t=3944671772 W CMD 0x58 [SET_CGRAM 0x18]
t_wall=1785580923.015 t=3944671831 W DAT 0x00 (CGRAM ref #0)
t_wall=1785580923.016 t=3944671883 W DAT 0x00 (CGRAM ref #0)
t_wall=1785580923.018 t=3944675723 W DAT 0x00 (CGRAM ref #0)
t_wall=1785580923.022 t=3944679571 W DAT 0x00 (CGRAM ref #0)
t_wall=1785580923.026 t=3944683347 W DAT 0x00 (CGRAM ref #0)
t_wall=1785580923.026 t=3944683443 W DAT 0x00 (CGRAM ref #0)
t_wall=1785580923.030 t=3944687247 W DAT 0x10
t_wall=1785580923.034 t=3944691062 W DAT 0x00 (CGRAM ref #0)
t_wall=1785580923.040 t=3944696813 W CMD 0x70 [SET_CGRAM 0x30]
t_wall=1785580923.040 t=3944696872 W DAT 0x00 (CGRAM ref #0)
t_wall=1785580923.041 t=3944696924 W DAT 0x00 (CGRAM ref #0)
t_wall=1785580923.041 t=3944696977 W DAT 0x00 (CGRAM ref #0)
t_wall=1785580923.042 t=3944697030 W DAT 0x00 (CGRAM ref #0)
t_wall=1785580923.042 t=3944697083 W DAT 0x00 (CGRAM ref #0)
t_wall=1785580923.042 t=3944697136 W DAT 0x00 (CGRAM ref #0)
t_wall=1785580923.043 t=3944697189 W DAT 0x00 (CGRAM ref #0)
t_wall=1785580923.044 t=3944697242 W DAT 0x00 (CGRAM ref #0)
t_wall=1785580923.044 t=3944697375 W CMD 0xC1 [SET_DDRAM 0x41]
t_wall=1785580923.045 t=3944698640 W CMD 0x78 [SET_CGRAM 0x38]
t_wall=1785580923.045 t=3944698699 W DAT 0x08
t_wall=1785580923.045 t=3944698766 W DAT 0x00 (CGRAM ref #0)
t_wall=1785580923.046 t=3944702629 W DAT 0x00 (CGRAM ref #0)
t_wall=1785580923.049 t=3944706481 W DAT 0x00 (CGRAM ref #0)
t_wall=1785580923.053 t=3944710300 W DAT 0x00 (CGRAM ref #0)
t_wall=1785580923.057 t=3944714147 W DAT 0x00 (CGRAM ref #0)
t_wall=1785580923.061 t=3944718010 W DAT 0x00 (CGRAM ref #0)
t_wall=1785580923.064 t=3944721827 W DAT 0x0A
t_wall=1785580923.069 t=3944726695 W CMD 0xC1 [SET_DDRAM 0x41]
t_wall=1785580923.071 t=3944728054 W DAT 0x6F 'o'
t_wall=1785580923.074 t=3944731493 W DAT 0x61 'a'
t_wall=1785580923.078 t=3944735444 W DAT 0x64 'd'
t_wall=1785580923.079 t=3944736707 W DAT 0x20 ' '
t_wall=1785580923.080 t=3944737993 W DAT 0x20 ' '
t_wall=1785580923.084 t=3944741414 W DAT 0x20 ' '
t_wall=1785580923.087 t=3944744018 W CMD 0xC8 [SET_DDRAM 0x48]
t_wall=1785580923.089 t=3944746582 W DAT 0x53 'S'
t_wall=1785580923.090 t=3944747958 W DAT 0x61 'a'
t_wall=1785580923.092 t=3944749222 W DAT 0x76 'v'
t_wall=1785580923.093 t=3944750509 W DAT 0x65 'e'
t_wall=1785580923.095 t=3944751882 W CMD 0x0C [DISP_CTRL disp=1 cur=0 blink=0]
t_wall=1785580923.978 t=3945634823 W CMD 0x78 [SET_CGRAM 0x38]
t_wall=1785580923.978 t=3945634925 W DAT 0x08
t_wall=1785580923.979 t=3945634978 W DAT 0x00 (CGRAM ref #0)
t_wall=1785580923.981 t=3945638794 W DAT 0x00 (CGRAM ref #0)
t_wall=1785580923.985 t=3945642639 W DAT 0x00 (CGRAM ref #0)
t_wall=1785580923.989 t=3945646510 W DAT 0x00 (CGRAM ref #0)
t_wall=1785580923.993 t=3945650343 W DAT 0x00 (CGRAM ref #0)
t_wall=1785580923.997 t=3945654162 W DAT 0x00 (CGRAM ref #0)
t_wall=1785580924.001 t=3945658006 W DAT 0x00 (CGRAM ref #0)
t_wall=1785580924.001 t=3945658135 W CMD 0xC0 [SET_DDRAM 0x40]
t_wall=1785580924.004 t=3945661762 W CMD 0x48 [SET_CGRAM 0x08]
t_wall=1785580924.005 t=3945661820 W DAT 0x07 (CGRAM ref #7)
t_wall=1785580924.005 t=3945661859 W DAT 0x0F
t_wall=1785580924.008 t=3945665691 W DAT 0x0E
t_wall=1785580924.012 t=3945669508 W DAT 0x0B
t_wall=1785580924.016 t=3945673353 W DAT 0x0C
t_wall=1785580924.020 t=3945677200 W DAT 0x07 (CGRAM ref #7)
t_wall=1785580924.020 t=3945677238 W DAT 0x01 (CGRAM ref #1)
t_wall=1785580924.024 t=3945681095 W DAT 0x04 (CGRAM ref #4)
t_wall=1785580924.024 t=3945681222 W CMD 0xC0 [SET_DDRAM 0x40]
t_wall=1785580924.028 t=3945685552 W CMD 0x58 [SET_CGRAM 0x18]
t_wall=1785580924.029 t=3945685611 W DAT 0x00 (CGRAM ref #0)
t_wall=1785580924.029 t=3945685663 W DAT 0x00 (CGRAM ref #0)
t_wall=1785580924.032 t=3945689508 W DAT 0x00 (CGRAM ref #0)
t_wall=1785580924.036 t=3945693356 W DAT 0x00 (CGRAM ref #0)
t_wall=1785580924.037 t=3945693394 W DAT 0x00 (CGRAM ref #0)
t_wall=1785580924.040 t=3945697229 W DAT 0x00 (CGRAM ref #0)
t_wall=1785580924.043 t=3945701044 W DAT 0x18
t_wall=1785580924.047 t=3945704891 W DAT 0x00 (CGRAM ref #0)
t_wall=1785580924.052 t=3945709682 W CMD 0x70 [SET_CGRAM 0x30]
t_wall=1785580924.053 t=3945709740 W DAT 0x00 (CGRAM ref #0)
t_wall=1785580924.053 t=3945709793 W DAT 0x00 (CGRAM ref #0)
t_wall=1785580924.054 t=3945709846 W DAT 0x00 (CGRAM ref #0)
t_wall=1785580924.054 t=3945709899 W DAT 0x00 (CGRAM ref #0)
t_wall=1785580924.055 t=3945709966 W DAT 0x00 (CGRAM ref #0)
t_wall=1785580924.055 t=3945710019 W DAT 0x00 (CGRAM ref #0)
t_wall=1785580924.056 t=3945710072 W DAT 0x00 (CGRAM ref #0)
t_wall=1785580924.056 t=3945710132 W DAT 0x01 (CGRAM ref #1)
t_wall=1785580924.057 t=3945710259 W CMD 0xC0 [SET_DDRAM 0x40]
t_wall=1785580924.057 t=3945711579 W DAT 0x20 ' '
t_wall=1785580924.057 t=3945715018 W DAT 0x44 'D'
t_wall=1785580924.059 t=3945716303 W DAT 0x69 'i'
t_wall=1785580924.064 t=3945721541 W DAT 0x72 'r'
t_wall=1785580924.065 t=3945722827 W DAT 0x65 'e'
t_wall=1785580924.067 t=3945724147 W DAT 0x63 'c'
t_wall=1785580924.068 t=3945725534 W DAT 0x74 't'
t_wall=1785580924.070 t=3945727576 W CMD 0xC8 [SET_DDRAM 0x48]
t_wall=1785580924.073 t=3945730196 W DAT 0x50 'P'
t_wall=1785580924.075 t=3945732793 W DAT 0x6C 'l'
t_wall=1785580924.263 t=3945920407 W CMD 0x48 [SET_CGRAM 0x08]
t_wall=1785580924.263 t=3945920524 W DAT 0x07 (CGRAM ref #7)
t_wall=1785580924.264 t=3945920562 W DAT 0x0F
t_wall=1785580924.265 t=3945923047 W DAT 0x0E
t_wall=1785580924.269 t=3945926865 W DAT 0x0B
t_wall=1785580924.273 t=3945930712 W DAT 0x0D
t_wall=1785580924.277 t=3945934545 W DAT 0x06 (CGRAM ref #6)
t_wall=1785580924.277 t=3945934583 W DAT 0x01 (CGRAM ref #1)
t_wall=1785580924.281 t=3945938430 W DAT 0x04 (CGRAM ref #4)
t_wall=1785580924.281 t=3945938562 W CMD 0xC1 [SET_DDRAM 0x41]
t_wall=1785580924.283 t=3945940685 W DAT 0x20 ' '
t_wall=1785580924.284 t=3945941949 W DAT 0x20 ' '
t_wall=1785580924.286 t=3945943280 W DAT 0x4D 'M'
t_wall=1785580924.291 t=3945948016 W CMD 0xC5 [SET_DDRAM 0x45]
t_wall=1785580924.292 t=3945949305 W DAT 0x64 'd'
t_wall=1785580924.293 t=3945950702 W DAT 0x6C 'l'
t_wall=1785580924.296 t=3945953305 W DAT 0x65 'e'
t_wall=1785580924.297 t=3945954632 W DAT 0x79 'y'
t_wall=1785580924.300 t=3945957202 W DAT 0x20 ' '
t_wall=1785580924.302 t=3945959304 W DAT 0x20 ' '
t_wall=1785580924.425 # ALIVE us=3946082201 ring_depth=0 drops=0
t_wall=1785580924.498 t=3946155800 W CMD 0x48 [SET_CGRAM 0x08]
t_wall=1785580924.499 t=3946156078 W DAT 0x06 (CGRAM ref #6)
t_wall=1785580924.499 t=3946156116 W DAT 0x0F
t_wall=1785580924.499 t=3946156169 W DAT 0x0F
t_wall=1785580924.502 t=3946160012 W DAT 0x0B
t_wall=1785580924.505 t=3946162546 W DAT 0x0D
t_wall=1785580924.509 t=3946166364 W DAT 0x06 (CGRAM ref #6)
t_wall=1785580924.509 t=3946166402 W DAT 0x00 (CGRAM ref #0)
t_wall=1785580924.513 t=3946170249 W DAT 0x04 (CGRAM ref #4)
t_wall=1785580924.513 t=3946170389 W CMD 0xC2 [SET_DDRAM 0x42]
t_wall=1785580924.515 t=3946172587 W DAT 0x46 'F'
t_wall=1785580924.516 t=3946173906 W DAT 0x44 'D'
t_wall=1785580924.518 t=3946176088 W DAT 0x20 ' '
t_wall=1785580924.522 t=3946179931 W DAT 0x46 'F'
t_wall=1785580924.524 t=3946181296 W DAT 0x6F 'o'
t_wall=1785580924.526 t=3946183892 W DAT 0x72 'r'
t_wall=1785580924.528 t=3946185180 W DAT 0x6D 'm'
t_wall=1785580924.531 t=3946188642 W DAT 0x61 'a'
t_wall=1785580924.775 t=3946432264 W CMD 0x48 [SET_CGRAM 0x08]
t_wall=1785580924.775 t=3946432440 W DAT 0x07 (CGRAM ref #7)
t_wall=1785580924.776 t=3946432478 W DAT 0x0E
t_wall=1785580924.779 t=3946436297 W DAT 0x0F
t_wall=1785580924.783 t=3946440172 W DAT 0x0B
t_wall=1785580924.786 t=3946444007 W DAT 0x0D
t_wall=1785580924.790 t=3946447824 W DAT 0x06 (CGRAM ref #6)
t_wall=1785580924.791 t=3946447863 W DAT 0x01 (CGRAM ref #1)
t_wall=1785580924.791 t=3946447901 W DAT 0x04 (CGRAM ref #4)
t_wall=1785580924.792 t=3946448039 W CMD 0xC2 [SET_DDRAM 0x42]
t_wall=1785580924.793 t=3946450202 W DAT 0x20 ' '
t_wall=1785580924.795 t=3946452843 W DAT 0x49 'I'
t_wall=1785580924.801 t=3946458874 W DAT 0x6E 'n'
t_wall=1785580924.804 t=3946461513 W DAT 0x69 'i'
t_wall=1785580924.806 t=3946464038 W DAT 0x74 't'
t_wall=1785580924.808 t=3946465384 W DAT 0x69 'i'
t_wall=1785580924.811 t=3946468780 W DAT 0x61 'a'
t_wall=1785580924.812 t=3946470094 W DAT 0x6C 'l'
t_wall=1785580925.053 t=3946709852 W CMD 0x48 [SET_CGRAM 0x08]
t_wall=1785580925.053 t=3946709969 W DAT 0x07 (CGRAM ref #7)
t_wall=1785580925.054 t=3946710064 W DAT 0x0E
t_wall=1785580925.054 t=3946710117 W DAT 0x0F
t_wall=1785580925.056 t=3946713892 W DAT 0x0B
t_wall=1785580925.060 t=3946717710 W DAT 0x0D
t_wall=1785580925.064 t=3946721554 W DAT 0x07 (CGRAM ref #7)
t_wall=1785580925.065 t=3946721592 W DAT 0x01 (CGRAM ref #1)
t_wall=1785580925.068 t=3946725441 W DAT 0x04 (CGRAM ref #4)
t_wall=1785580925.068 t=3946725569 W CMD 0xC0 [SET_DDRAM 0x40]
t_wall=1785580925.070 t=3946727761 W DAT 0x50 'P'
t_wall=1785580925.073 t=3946730353 W DAT 0x65 'e'
t_wall=1785580925.074 t=3946731672 W DAT 0x64 'd'
t_wall=1785580925.075 t=3946732959 W DAT 0x61 'a'
t_wall=1785580925.079 t=3946736412 W DAT 0x6C 'l'
t_wall=1785580925.081 t=3946739058 W DAT 0x53 'S'
t_wall=1785580925.083 t=3946740379 W DAT 0x65 'e'
t_wall=1785580925.084 t=3946741663 W DAT 0x74 't'
t_wall=1785580925.085 t=3946743006 W DAT 0x74 't'
t_wall=1785580925.087 t=3946744326 W DAT 0x69 'i'
t_wall=1785580925.374 t=3947031138 W CMD 0x48 [SET_CGRAM 0x08]
t_wall=1785580925.374 t=3947031270 W DAT 0x07 (CGRAM ref #7)
t_wall=1785580925.375 t=3947031308 W DAT 0x0F
t_wall=1785580925.378 t=3947035152 W DAT 0x0F
t_wall=1785580925.381 t=3947039002 W DAT 0x0A
t_wall=1785580925.385 t=3947042837 W DAT 0x0D
t_wall=1785580925.389 t=3947046652 W DAT 0x06 (CGRAM ref #6)
t_wall=1785580925.390 t=3947046690 W DAT 0x00 (CGRAM ref #0)
t_wall=1785580925.393 t=3947050535 W DAT 0x04 (CGRAM ref #4)
t_wall=1785580925.394 t=3947050663 W CMD 0xC0 [SET_DDRAM 0x40]
t_wall=1785580925.396 t=3947052903 W CMD 0x50 [SET_CGRAM 0x10]
t_wall=1785580925.396 t=3947052961 W DAT 0x00 (CGRAM ref #0)
t_wall=1785580925.397 t=3947053014 W DAT 0x00 (CGRAM ref #0)
t_wall=1785580925.398 t=3947053067 W DAT 0x00 (CGRAM ref #0)
t_wall=1785580925.398 t=3947053119 W DAT 0x00 (CGRAM ref #0)
t_wall=1785580925.398 t=3947053172 W DAT 0x00 (CGRAM ref #0)
t_wall=1785580925.399 t=3947053225 W DAT 0x00 (CGRAM ref #0)
t_wall=1785580925.399 t=3947053278 W DAT 0x01 (CGRAM ref #1)
t_wall=1785580925.400 t=3947053331 W DAT 0x00 (CGRAM ref #0)
t_wall=1785580925.400 t=3947053459 W CMD 0xC0 [SET_DDRAM 0x40]
t_wall=1785580925.401 t=3947055592 W DAT 0x20 ' '
t_wall=1785580925.401 t=3947058174 W DAT 0x20 ' '
t_wall=1785580925.402 t=3947059518 W DAT 0x43 'C'
t_wall=1785580925.403 t=3947060807 W DAT 0x6F 'o'
t_wall=1785580925.406 t=3947063371 W DAT 0x6E 'n'
t_wall=1785580925.409 t=3947066863 W DAT 0x74 't'
t_wall=1785580925.411 t=3947068126 W DAT 0x72 'r'
t_wall=1785580925.412 t=3947069413 W DAT 0x61 'a'
t_wall=1785580925.415 t=3947072119 W DAT 0x73 's'
t_wall=1785580925.416 t=3947073403 W DAT 0x74 't'
t_wall=1785580925.417 t=3947074734 W CMD 0xCB [SET_DDRAM 0x4B]
t_wall=1785580925.670 t=3947325587 W CMD 0x50 [SET_CGRAM 0x10]
t_wall=1785580925.671 t=3947325704 W DAT 0x00 (CGRAM ref #0)
t_wall=1785580925.672 t=3947325756 W DAT 0x00 (CGRAM ref #0)
t_wall=1785580925.674 t=3947325809 W DAT 0x00 (CGRAM ref #0)
t_wall=1785580925.675 t=3947325862 W DAT 0x00 (CGRAM ref #0)
t_wall=1785580925.676 t=3947325915 W DAT 0x00 (CGRAM ref #0)
t_wall=1785580925.678 t=3947325968 W DAT 0x00 (CGRAM ref #0)
t_wall=1785580925.679 t=3947326020 W DAT 0x09
t_wall=1785580925.681 t=3947326073 W DAT 0x00 (CGRAM ref #0)
t_wall=1785580925.684 t=3947326203 W CMD 0xC0 [SET_DDRAM 0x40]
t_wall=1785580925.686 t=3947329627 W DAT 0x50 'P'
t_wall=1785580925.687 t=3947332278 W DAT 0x65 'e'
t_wall=1785580925.688 t=3947333548 W DAT 0x64 'd'
t_wall=1785580925.689 t=3947334832 W DAT 0x61 'a'
t_wall=1785580925.690 t=3947336138 W CMD 0x48 [SET_CGRAM 0x08]
t_wall=1785580925.691 t=3947336211 W DAT 0x07 (CGRAM ref #7)
t_wall=1785580925.692 t=3947336249 W DAT 0x0E
t_wall=1785580925.693 t=3947338022 W DAT 0x0F
t_wall=1785580925.694 t=3947341891 W DAT 0x0B
t_wall=1785580925.695 t=3947345726 W DAT 0x0D
t_wall=1785580925.697 t=3947349570 W DAT 0x07 (CGRAM ref #7)
t_wall=1785580925.698 t=3947349608 W DAT 0x01 (CGRAM ref #1)
t_wall=1785580925.700 t=3947353425 W DAT 0x04 (CGRAM ref #4)
t_wall=1785580925.702 t=3947353573 W CMD 0xC4 [SET_DDRAM 0x44]
t_wall=1785580925.703 t=3947356662 W DAT 0x6C 'l'
t_wall=1785580925.704 t=3947359248 W DAT 0x53 'S'
t_wall=1785580925.705 t=3947360588 W DAT 0x65 'e'
t_wall=1785580925.706 t=3947361859 W DAT 0x74 't'
t_wall=1785580925.706 t=3947363214 W DAT 0x74 't'
t_wall=1785580925.707 t=3947364500 W DAT 0x69 'i'
t_wall=1785580925.710 t=3947367072 W DAT 0x6E 'n'
t_wall=1785580925.914 t=3947571790 W CMD 0x48 [SET_CGRAM 0x08]
t_wall=1785580925.914 t=3947571966 W DAT 0x07 (CGRAM ref #7)
t_wall=1785580925.915 t=3947572004 W DAT 0x0E
t_wall=1785580925.918 t=3947575820 W DAT 0x0F
t_wall=1785580925.922 t=3947579668 W DAT 0x0B
t_wall=1785580925.926 t=3947583530 W DAT 0x0D
t_wall=1785580925.930 t=3947587346 W DAT 0x06 (CGRAM ref #6)
t_wall=1785580925.930 t=3947587384 W DAT 0x01 (CGRAM ref #1)
t_wall=1785580925.934 t=3947591202 W DAT 0x04 (CGRAM ref #4)
t_wall=1785580925.934 t=3947591330 W CMD 0xC0 [SET_DDRAM 0x40]
t_wall=1785580925.936 t=3947593575 W DAT 0x20 ' '
t_wall=1785580925.938 t=3947596104 W DAT 0x20 ' '
t_wall=1785580925.941 t=3947598776 W DAT 0x20 ' '
t_wall=1785580925.946 t=3947603440 W DAT 0x49 'I'
t_wall=1785580925.950 t=3947607398 W DAT 0x6E 'n'
t_wall=1785580925.953 t=3947610038 W DAT 0x69 'i'
t_wall=1785580925.956 t=3947613448 W DAT 0x74 't'
t_wall=1785580925.957 t=3947614711 W DAT 0x69 'i'
t_wall=1785580925.960 t=3947617357 W DAT 0x61 'a'
t_wall=1785580925.962 t=3947619887 W DAT 0x6C 'l'
t_wall=1785580926.425 # ALIVE us=3948082249 ring_depth=0 drops=0
t_wall=1785580927.426 # NOTE [recorder] connected /dev/ttyACM0
t_wall=1785580928.425 # ALIVE us=3950082295 ring_depth=0 drops=0
t_wall=1785580929.426 # NOTE [recorder] connected /dev/ttyACM0
t_wall=1785580930.425 # ALIVE us=3952082344 ring_depth=0 drops=0
t_wall=1785580931.426 # NOTE [recorder] connected /dev/ttyACM0
t_wall=1785580932.012 t=3953669812 W CMD 0x70 [SET_CGRAM 0x30]
t_wall=1785580932.013 t=3953669914 W DAT 0x02 (CGRAM ref #2)
t_wall=1785580932.014 t=3953669952 W DAT 0x00 (CGRAM ref #0)
t_wall=1785580932.014 t=3953670035 W DAT 0x02 (CGRAM ref #2)
t_wall=1785580932.015 t=3953670073 W DAT 0x00 (CGRAM ref #0)
t_wall=1785580932.015 t=3953670140 W DAT 0x02 (CGRAM ref #2)
t_wall=1785580932.015 t=3953670178 W DAT 0x02 (CGRAM ref #2)
t_wall=1785580932.016 t=3953670216 W DAT 0x02 (CGRAM ref #2)
t_wall=1785580932.016 t=3953670255 W DAT 0x01 (CGRAM ref #1)
t_wall=1785580932.017 t=3953670433 W CMD 0xCA [SET_DDRAM 0x4A]
t_wall=1785580932.017 t=3953673901 W DAT 0x20 ' '
t_wall=1785580932.022 t=3953680200 W CMD 0x50 [SET_CGRAM 0x10]
t_wall=1785580932.023 t=3953680302 W DAT 0x00 (CGRAM ref #0)
t_wall=1785580932.023 t=3953680355 W DAT 0x00 (CGRAM ref #0)
t_wall=1785580932.023 t=3953680408 W DAT 0x00 (CGRAM ref #0)
t_wall=1785580932.024 t=3953680461 W DAT 0x00 (CGRAM ref #0)
t_wall=1785580932.024 t=3953680555 W DAT 0x00 (CGRAM ref #0)
t_wall=1785580932.024 t=3953680608 W DAT 0x00 (CGRAM ref #0)
t_wall=1785580932.024 t=3953680660 W DAT 0x0B
t_wall=1785580932.025 t=3953680713 W DAT 0x00 (CGRAM ref #0)
t_wall=1785580932.025 t=3953680897 W CMD 0xCB [SET_DDRAM 0x4B]
t_wall=1785580932.025 t=3953683482 W DAT 0x20 ' '
t_wall=1785580932.425 t=3954082288 W CMD 0x50 [SET_CGRAM 0x10]
t_wall=1785580932.425 t=3954082332 W DAT 0x00 (CGRAM ref #0)
t_wall=1785580932.425 # ALIVE us=3954082394 ring_depth=0 drops=0
t_wall=1785580932.426 t=3954082400 W DAT 0x00 (CGRAM ref #0)
t_wall=1785580932.426 t=3954082453 W DAT 0x00 (CGRAM ref #0)
t_wall=1785580932.426 t=3954082505 W DAT 0x00 (CGRAM ref #0)
t_wall=1785580932.427 t=3954082558 W DAT 0x00 (CGRAM ref #0)
t_wall=1785580932.427 t=3954082611 W DAT 0x00 (CGRAM ref #0)
t_wall=1785580932.427 t=3954082664 W DAT 0x09
t_wall=1785580932.428 t=3954082717 W DAT 0x00 (CGRAM ref #0)
t_wall=1785580932.428 t=3954082896 W CMD 0x0C [DISP_CTRL disp=1 cur=0 blink=0]
t_wall=1785580932.432 t=3954088890 W CMD 0x70 [SET_CGRAM 0x30]
t_wall=1785580932.432 t=3954088949 W DAT 0x02 (CGRAM ref #2)
t_wall=1785580932.433 t=3954088987 W DAT 0x00 (CGRAM ref #0)
t_wall=1785580932.434 t=3954089040 W DAT 0x02 (CGRAM ref #2)
t_wall=1785580932.435 t=3954089078 W DAT 0x00 (CGRAM ref #0)
t_wall=1785580932.435 t=3954089145 W DAT 0x02 (CGRAM ref #2)
t_wall=1785580932.436 t=3954089183 W DAT 0x02 (CGRAM ref #2)
t_wall=1785580932.437 t=3954089221 W DAT 0x02 (CGRAM ref #2)
t_wall=1785580932.437 t=3954089260 W DAT 0x01 (CGRAM ref #1)
t_wall=1785580932.438 t=3954089440 W CMD 0x0C [DISP_CTRL disp=1 cur=0 blink=0]
t_wall=1785580932.659 t=3954317028 W CMD 0x70 [SET_CGRAM 0x30]
t_wall=1785580932.660 t=3954317087 W DAT 0x02 (CGRAM ref #2)
t_wall=1785580932.660 t=3954317125 W DAT 0x00 (CGRAM ref #0)
t_wall=1785580932.661 t=3954317207 W DAT 0x02 (CGRAM ref #2)
t_wall=1785580932.661 t=3954317246 W DAT 0x00 (CGRAM ref #0)
t_wall=1785580932.661 t=3954317313 W DAT 0x02 (CGRAM ref #2)
t_wall=1785580932.662 t=3954317352 W DAT 0x02 (CGRAM ref #2)
t_wall=1785580932.662 t=3954317390 W DAT 0x02 (CGRAM ref #2)
t_wall=1785580932.663 t=3954317428 W DAT 0x01 (CGRAM ref #1)
t_wall=1785580932.663 t=3954317608 W CMD 0x0C [DISP_CTRL disp=1 cur=0 blink=0]
t_wall=1785580932.666 t=3954323467 W CMD 0x50 [SET_CGRAM 0x10]
t_wall=1785580932.666 t=3954323525 W DAT 0x00 (CGRAM ref #0)
t_wall=1785580932.666 t=3954323578 W DAT 0x00 (CGRAM ref #0)
t_wall=1785580932.667 t=3954323631 W DAT 0x00 (CGRAM ref #0)
t_wall=1785580932.667 t=3954323684 W DAT 0x00 (CGRAM ref #0)
t_wall=1785580932.667 t=3954323736 W DAT 0x00 (CGRAM ref #0)
t_wall=1785580932.668 t=3954323789 W DAT 0x00 (CGRAM ref #0)
t_wall=1785580932.668 t=3954323842 W DAT 0x0B
t_wall=1785580932.668 t=3954323895 W DAT 0x00 (CGRAM ref #0)
t_wall=1785580932.669 t=3954324075 W CMD 0x0C [DISP_CTRL disp=1 cur=0 blink=0]
t_wall=1785580932.878 t=3954535850 W CMD 0x70 [SET_CGRAM 0x30]
t_wall=1785580932.879 t=3954535908 W DAT 0x02 (CGRAM ref #2)
t_wall=1785580932.879 t=3954535947 W DAT 0x00 (CGRAM ref #0)
t_wall=1785580932.880 t=3954536014 W DAT 0x02 (CGRAM ref #2)
t_wall=1785580932.881 t=3954536052 W DAT 0x00 (CGRAM ref #0)
t_wall=1785580932.882 t=3954536134 W DAT 0x02 (CGRAM ref #2)
t_wall=1785580932.882 t=3954536172 W DAT 0x02 (CGRAM ref #2)
t_wall=1785580932.883 t=3954536211 W DAT 0x02 (CGRAM ref #2)
t_wall=1785580932.883 t=3954536249 W DAT 0x01 (CGRAM ref #1)
t_wall=1785580932.884 t=3954536429 W CMD 0x0C [DISP_CTRL disp=1 cur=0 blink=0]
t_wall=1785580932.885 t=3954542255 W CMD 0x50 [SET_CGRAM 0x10]
t_wall=1785580932.885 t=3954542313 W DAT 0x00 (CGRAM ref #0)
t_wall=1785580932.886 t=3954542366 W DAT 0x00 (CGRAM ref #0)
t_wall=1785580932.886 t=3954542419 W DAT 0x00 (CGRAM ref #0)
t_wall=1785580932.887 t=3954542472 W DAT 0x00 (CGRAM ref #0)
t_wall=1785580932.887 t=3954542539 W DAT 0x00 (CGRAM ref #0)
t_wall=1785580932.887 t=3954542592 W DAT 0x00 (CGRAM ref #0)
t_wall=1785580932.888 t=3954542644 W DAT 0x09
t_wall=1785580932.888 t=3954542697 W DAT 0x00 (CGRAM ref #0)
t_wall=1785580932.889 t=3954542878 W CMD 0x0C [DISP_CTRL disp=1 cur=0 blink=0]
t_wall=1785580933.102 t=3954759664 W CMD 0x50 [SET_CGRAM 0x10]
t_wall=1785580933.102 t=3954759723 W DAT 0x00 (CGRAM ref #0)
t_wall=1785580933.102 t=3954759775 W DAT 0x00 (CGRAM ref #0)
t_wall=1785580933.102 t=3954759828 W DAT 0x00 (CGRAM ref #0)
t_wall=1785580933.103 t=3954759881 W DAT 0x00 (CGRAM ref #0)
t_wall=1785580933.103 t=3954759934 W DAT 0x00 (CGRAM ref #0)
t_wall=1785580933.103 t=3954759987 W DAT 0x00 (CGRAM ref #0)
t_wall=1785580933.103 t=3954760040 W DAT 0x0B
t_wall=1785580933.103 t=3954760093 W DAT 0x00 (CGRAM ref #0)
t_wall=1785580933.104 t=3954760273 W CMD 0x0C [DISP_CTRL disp=1 cur=0 blink=0]
t_wall=1785580933.108 t=3954766150 W CMD 0x70 [SET_CGRAM 0x30]
t_wall=1785580933.108 t=3954766209 W DAT 0x02 (CGRAM ref #2)
t_wall=1785580933.109 t=3954766247 W DAT 0x02 (CGRAM ref #2)
t_wall=1785580933.109 t=3954766285 W DAT 0x02 (CGRAM ref #2)
t_wall=1785580933.109 t=3954766323 W DAT 0x02 (CGRAM ref #2)
t_wall=1785580933.109 t=3954766361 W DAT 0x00 (CGRAM ref #0)
t_wall=1785580933.109 t=3954766414 W DAT 0x00 (CGRAM ref #0)
t_wall=1785580933.110 t=3954766452 W DAT 0x00 (CGRAM ref #0)
t_wall=1785580933.110 t=3954766505 W DAT 0x01 (CGRAM ref #1)
t_wall=1785580933.110 t=3954767944 W CMD 0x0C [DISP_CTRL disp=1 cur=0 blink=0]
t_wall=1785580933.299 t=3954956787 W CMD 0x50 [SET_CGRAM 0x10]
t_wall=1785580933.300 t=3954956845 W DAT 0x00 (CGRAM ref #0)
t_wall=1785580933.300 t=3954956898 W DAT 0x00 (CGRAM ref #0)
t_wall=1785580933.301 t=3954956951 W DAT 0x00 (CGRAM ref #0)
t_wall=1785580933.301 t=3954957004 W DAT 0x00 (CGRAM ref #0)
t_wall=1785580933.302 t=3954957085 W DAT 0x00 (CGRAM ref #0)
t_wall=1785580933.302 t=3954957138 W DAT 0x00 (CGRAM ref #0)
t_wall=1785580933.303 t=3954957176 W DAT 0x09
t_wall=1785580933.303 t=3954957229 W DAT 0x00 (CGRAM ref #0)
t_wall=1785580933.304 t=3954957409 W CMD 0x0C [DISP_CTRL disp=1 cur=0 blink=0]
t_wall=1785580933.306 t=3954963285 W CMD 0x70 [SET_CGRAM 0x30]
t_wall=1785580933.306 t=3954963343 W DAT 0x02 (CGRAM ref #2)
t_wall=1785580933.307 t=3954963381 W DAT 0x02 (CGRAM ref #2)
t_wall=1785580933.307 t=3954963419 W DAT 0x02 (CGRAM ref #2)
t_wall=1785580933.307 t=3954963458 W DAT 0x02 (CGRAM ref #2)
t_wall=1785580933.308 t=3954963496 W DAT 0x00 (CGRAM ref #0)
t_wall=1785580933.308 t=3954963548 W DAT 0x00 (CGRAM ref #0)
t_wall=1785580933.309 t=3954963601 W DAT 0x00 (CGRAM ref #0)
t_wall=1785580933.309 t=3954963654 W DAT 0x01 (CGRAM ref #1)
t_wall=1785580933.310 t=3954966322 W CMD 0x0C [DISP_CTRL disp=1 cur=0 blink=0]
t_wall=1785580933.518 t=3955175559 W CMD 0x50 [SET_CGRAM 0x10]
t_wall=1785580933.518 t=3955175618 W DAT 0x00 (CGRAM ref #0)
t_wall=1785580933.522 t=3955175671 W DAT 0x00 (CGRAM ref #0)
t_wall=1785580933.524 t=3955175724 W DAT 0x00 (CGRAM ref #0)
t_wall=1785580933.528 t=3955175777 W DAT 0x00 (CGRAM ref #0)
t_wall=1785580933.533 t=3955175830 W DAT 0x00 (CGRAM ref #0)
t_wall=1785580933.536 t=3955175882 W DAT 0x00 (CGRAM ref #0)
t_wall=1785580933.538 t=3955175956 W DAT 0x0B
t_wall=1785580933.541 t=3955176009 W DAT 0x00 (CGRAM ref #0)
t_wall=1785580933.544 t=3955177567 W CMD 0x0C [DISP_CTRL disp=1 cur=0 blink=0]
t_wall=1785580933.547 t=3955182133 W CMD 0x70 [SET_CGRAM 0x30]
t_wall=1785580933.550 t=3955182206 W DAT 0x02 (CGRAM ref #2)
t_wall=1785580933.552 t=3955182244 W DAT 0x02 (CGRAM ref #2)
t_wall=1785580933.555 t=3955182283 W DAT 0x02 (CGRAM ref #2)
t_wall=1785580933.557 t=3955182336 W DAT 0x02 (CGRAM ref #2)
t_wall=1785580933.559 t=3955182374 W DAT 0x00 (CGRAM ref #0)
t_wall=1785580933.560 t=3955182427 W DAT 0x00 (CGRAM ref #0)
t_wall=1785580933.561 t=3955182480 W DAT 0x00 (CGRAM ref #0)
t_wall=1785580933.563 t=3955182518 W DAT 0x01 (CGRAM ref #1)
t_wall=1785580933.565 t=3955183985 W CMD 0x0C [DISP_CTRL disp=1 cur=0 blink=0]
t_wall=1785580933.753 t=3955410228 W CMD 0x70 [SET_CGRAM 0x30]
t_wall=1785580933.753 t=3955410328 W DAT 0x02 (CGRAM ref #2)
t_wall=1785580933.754 t=3955410366 W DAT 0x02 (CGRAM ref #2)
t_wall=1785580933.754 t=3955410404 W DAT 0x02 (CGRAM ref #2)
t_wall=1785580933.755 t=3955410443 W DAT 0x02 (CGRAM ref #2)
t_wall=1785580933.755 t=3955410481 W DAT 0x00 (CGRAM ref #0)
t_wall=1785580933.756 t=3955410519 W DAT 0x00 (CGRAM ref #0)
t_wall=1785580933.756 t=3955410572 W DAT 0x00 (CGRAM ref #0)
t_wall=1785580933.757 t=3955410624 W DAT 0x01 (CGRAM ref #1)
t_wall=1785580933.757 t=3955410805 W CMD 0x0C [DISP_CTRL disp=1 cur=0 blink=0]
t_wall=1785580933.759 t=3955416772 W CMD 0x50 [SET_CGRAM 0x10]
t_wall=1785580933.760 t=3955416830 W DAT 0x00 (CGRAM ref #0)
t_wall=1785580933.760 t=3955416883 W DAT 0x00 (CGRAM ref #0)
t_wall=1785580933.760 t=3955416936 W DAT 0x00 (CGRAM ref #0)
t_wall=1785580933.761 t=3955416988 W DAT 0x00 (CGRAM ref #0)
t_wall=1785580933.762 t=3955417041 W DAT 0x00 (CGRAM ref #0)
t_wall=1785580933.762 t=3955417094 W DAT 0x00 (CGRAM ref #0)
t_wall=1785580933.762 t=3955417147 W DAT 0x09
t_wall=1785580933.763 t=3955417200 W DAT 0x00 (CGRAM ref #0)
t_wall=1785580933.763 t=3955418748 W CMD 0x0C [DISP_CTRL disp=1 cur=0 blink=0]
t_wall=1785580933.993 t=3955650720 W CMD 0x70 [SET_CGRAM 0x30]
t_wall=1785580933.993 t=3955650779 W DAT 0x00 (CGRAM ref #0)
t_wall=1785580933.993 t=3955650831 W DAT 0x02 (CGRAM ref #2)
t_wall=1785580933.994 t=3955650870 W DAT 0x02 (CGRAM ref #2)
t_wall=1785580933.994 t=3955650908 W DAT 0x02 (CGRAM ref #2)
t_wall=1785580933.994 t=3955650946 W DAT 0x00 (CGRAM ref #0)
t_wall=1785580933.994 t=3955650998 W DAT 0x00 (CGRAM ref #0)
t_wall=1785580933.994 t=3955651051 W DAT 0x00 (CGRAM ref #0)
t_wall=1785580933.994 t=3955651104 W DAT 0x01 (CGRAM ref #1)
t_wall=1785580933.995 t=3955651284 W CMD 0x0C [DISP_CTRL disp=1 cur=0 blink=0]
t_wall=1785580934.221 t=3955878814 W CMD 0x70 [SET_CGRAM 0x30]
t_wall=1785580934.221 t=3955878873 W DAT 0x00 (CGRAM ref #0)
t_wall=1785580934.222 t=3955878926 W DAT 0x02 (CGRAM ref #2)
t_wall=1785580934.222 t=3955878964 W DAT 0x02 (CGRAM ref #2)
t_wall=1785580934.222 t=3955879002 W DAT 0x02 (CGRAM ref #2)
t_wall=1785580934.222 t=3955879041 W DAT 0x00 (CGRAM ref #0)
t_wall=1785580934.223 t=3955879093 W DAT 0x00 (CGRAM ref #0)
t_wall=1785580934.223 t=3955879146 W DAT 0x00 (CGRAM ref #0)
t_wall=1785580934.223 t=3955879199 W DAT 0x03 (CGRAM ref #3)
t_wall=1785580934.224 t=3955879379 W CMD 0x0C [DISP_CTRL disp=1 cur=0 blink=0]
t_wall=1785580934.227 t=3955885328 W CMD 0x50 [SET_CGRAM 0x10]
t_wall=1785580934.228 t=3955885386 W DAT 0x00 (CGRAM ref #0)
t_wall=1785580934.228 t=3955885439 W DAT 0x00 (CGRAM ref #0)
t_wall=1785580934.228 t=3955885492 W DAT 0x00 (CGRAM ref #0)
t_wall=1785580934.229 t=3955885544 W DAT 0x00 (CGRAM ref #0)
t_wall=1785580934.229 t=3955885597 W DAT 0x00 (CGRAM ref #0)
t_wall=1785580934.229 t=3955885650 W DAT 0x00 (CGRAM ref #0)
t_wall=1785580934.229 t=3955885703 W DAT 0x0B
t_wall=1785580934.230 t=3955885756 W DAT 0x00 (CGRAM ref #0)
t_wall=1785580934.230 t=3955885937 W CMD 0x0C [DISP_CTRL disp=1 cur=0 blink=0]
t_wall=1785580934.425 # ALIVE us=3956082444 ring_depth=0 drops=0
t_wall=1785580934.887 t=3956544848 W CMD 0x50 [SET_CGRAM 0x10]
t_wall=1785580934.887 t=3956544930 W DAT 0x00 (CGRAM ref #0)
t_wall=1785580934.888 t=3956545012 W DAT 0x00 (CGRAM ref #0)
t_wall=1785580934.888 t=3956545065 W DAT 0x00 (CGRAM ref #0)
t_wall=1785580934.889 t=3956545117 W DAT 0x00 (CGRAM ref #0)
t_wall=1785580934.890 t=3956545170 W DAT 0x00 (CGRAM ref #0)
t_wall=1785580934.890 t=3956545223 W DAT 0x00 (CGRAM ref #0)
t_wall=1785580934.890 t=3956545276 W DAT 0x09
t_wall=1785580934.891 t=3956545329 W DAT 0x00 (CGRAM ref #0)
t_wall=1785580934.892 t=3956545509 W CMD 0x0C [DISP_CTRL disp=1 cur=0 blink=0]
t_wall=1785580934.894 t=3956551417 W CMD 0x70 [SET_CGRAM 0x30]
t_wall=1785580934.894 t=3956551549 W DAT 0x00 (CGRAM ref #0)
t_wall=1785580934.895 t=3956551602 W DAT 0x02 (CGRAM ref #2)
t_wall=1785580934.895 t=3956551640 W DAT 0x02 (CGRAM ref #2)
t_wall=1785580934.896 t=3956551678 W DAT 0x02 (CGRAM ref #2)
t_wall=1785580934.896 t=3956551716 W DAT 0x00 (CGRAM ref #0)
t_wall=1785580934.897 t=3956551769 W DAT 0x00 (CGRAM ref #0)
t_wall=1785580934.897 t=3956551821 W DAT 0x00 (CGRAM ref #0)
t_wall=1785580934.897 t=3956551874 W DAT 0x01 (CGRAM ref #1)
t_wall=1785580934.897 t=3956552055 W CMD 0x0C [DISP_CTRL disp=1 cur=0 blink=0]
t_wall=1785580935.112 t=3956769542 W CMD 0x70 [SET_CGRAM 0x30]
t_wall=1785580935.112 t=3956769600 W DAT 0x02 (CGRAM ref #2)
t_wall=1785580935.113 t=3956769638 W DAT 0x02 (CGRAM ref #2)
t_wall=1785580935.113 t=3956769676 W DAT 0x02 (CGRAM ref #2)
t_wall=1785580935.114 t=3956769715 W DAT 0x02 (CGRAM ref #2)
t_wall=1785580935.114 t=3956769753 W DAT 0x00 (CGRAM ref #0)
t_wall=1785580935.115 t=3956769805 W DAT 0x00 (CGRAM ref #0)
t_wall=1785580935.115 t=3956769858 W DAT 0x00 (CGRAM ref #0)
t_wall=1785580935.115 t=3956769911 W DAT 0x01 (CGRAM ref #1)
t_wall=1785580935.116 t=3956771346 W CMD 0x0C [DISP_CTRL disp=1 cur=0 blink=0]
t_wall=1785580936.117 # NOTE [recorder] connected /dev/ttyACM0
t_wall=1785580936.425 # ALIVE us=3958082491 ring_depth=0 drops=0
t_wall=1785580937.426 # NOTE [recorder] connected /dev/ttyACM0
t_wall=1785580938.424 # ALIVE us=3960082542 ring_depth=0 drops=0
t_wall=1785580938.961 t=3960618671 W CMD 0x48 [SET_CGRAM 0x08]
t_wall=1785580938.961 t=3960618730 W DAT 0x03 (CGRAM ref #3)
t_wall=1785580938.964 t=3960618768 W DAT 0x0E
t_wall=1785580938.964 t=3960622584 W DAT 0x0B
t_wall=1785580938.968 t=3960626463 W DAT 0x0B
t_wall=1785580938.972 t=3960630295 W DAT 0x0D
t_wall=1785580938.976 t=3960634112 W DAT 0x02 (CGRAM ref #2)
t_wall=1785580938.976 t=3960634150 W DAT 0x01 (CGRAM ref #1)
t_wall=1785580938.980 t=3960637968 W DAT 0x00 (CGRAM ref #0)
t_wall=1785580938.981 t=3960638148 W CMD 0x0C [DISP_CTRL disp=1 cur=0 blink=0]
t_wall=1785580939.360 t=3961018183 W CMD 0x48 [SET_CGRAM 0x08]
t_wall=1785580939.361 t=3961018242 W DAT 0x07 (CGRAM ref #7)
t_wall=1785580939.361 t=3961018280 W DAT 0x0E
t_wall=1785580939.364 t=3961022129 W DAT 0x0F
t_wall=1785580939.368 t=3961025990 W DAT 0x0B
t_wall=1785580939.372 t=3961029806 W DAT 0x0D
t_wall=1785580939.375 t=3961033625 W DAT 0x06 (CGRAM ref #6)
t_wall=1785580939.376 t=3961033664 W DAT 0x01 (CGRAM ref #1)
t_wall=1785580939.379 t=3961037510 W DAT 0x04 (CGRAM ref #4)
t_wall=1785580939.380 t=3961037713 W CMD 0x0C [DISP_CTRL disp=1 cur=0 blink=0]
t_wall=1785580939.706 t=3961363662 W CMD 0x48 [SET_CGRAM 0x08]
t_wall=1785580939.707 t=3961363720 W DAT 0x03 (CGRAM ref #3)
t_wall=1785580939.707 t=3961363758 W DAT 0x0E
t_wall=1785580939.710 t=3961367635 W DAT 0x0B
t_wall=1785580939.713 t=3961371469 W DAT 0x0B
t_wall=1785580939.717 t=3961375243 W DAT 0x0D
t_wall=1785580939.718 t=3961375296 W DAT 0x02 (CGRAM ref #2)
t_wall=1785580939.718 t=3961375334 W DAT 0x01 (CGRAM ref #1)
t_wall=1785580939.719 t=3961375414 W DAT 0x00 (CGRAM ref #0)
t_wall=1785580939.720 t=3961375593 W CMD 0x0C [DISP_CTRL disp=1 cur=0 blink=0]
t_wall=1785580939.855 t=3961513160 W CMD 0x70 [SET_CGRAM 0x30]
t_wall=1785580939.856 t=3961513219 W DAT 0x00 (CGRAM ref #0)
t_wall=1785580939.856 t=3961513271 W DAT 0x00 (CGRAM ref #0)
t_wall=1785580939.856 t=3961513324 W DAT 0x00 (CGRAM ref #0)
t_wall=1785580939.857 t=3961513377 W DAT 0x00 (CGRAM ref #0)
t_wall=1785580939.857 t=3961513430 W DAT 0x00 (CGRAM ref #0)
t_wall=1785580939.858 t=3961513483 W DAT 0x00 (CGRAM ref #0)
t_wall=1785580939.858 t=3961513536 W DAT 0x00 (CGRAM ref #0)
t_wall=1785580939.859 t=3961513588 W DAT 0x01 (CGRAM ref #1)
t_wall=1785580939.859 t=3961513769 W CMD 0x0C [DISP_CTRL disp=1 cur=0 blink=0]
t_wall=1785580940.425 # ALIVE us=3962082591 ring_depth=0 drops=0
t_wall=1785580941.426 # NOTE [recorder] connected /dev/ttyACM0
t_wall=1785580942.425 # ALIVE us=3964082638 ring_depth=0 drops=0
t_wall=1785580943.426 # NOTE [recorder] connected /dev/ttyACM0
t_wall=1785580944.424 # ALIVE us=3966082690 ring_depth=0 drops=0
t_wall=1785580945.426 # NOTE [recorder] connected /dev/ttyACM0
t_wall=1785580946.424 # ALIVE us=3968082740 ring_depth=0 drops=0
t_wall=1785580947.425 # NOTE [recorder] connected /dev/ttyACM0
t_wall=1785580948.424 # ALIVE us=3970082789 ring_depth=0 drops=0
t_wall=1785580949.426 # NOTE [recorder] connected /dev/ttyACM0
t_wall=1785580950.424 # ALIVE us=3972082838 ring_depth=0 drops=0
t_wall=1785580951.426 # NOTE [recorder] connected /dev/ttyACM0
t_wall=1785580952.428 # ALIVE us=3974082887 ring_depth=0 drops=0
t_wall=1785580953.429 # NOTE [recorder] connected /dev/ttyACM0
t_wall=1785580954.424 # ALIVE us=3976082936 ring_depth=0 drops=0
t_wall=1785580955.426 # NOTE [recorder] connected /dev/ttyACM0
t_wall=1785580956.424 # ALIVE us=3978082984 ring_depth=0 drops=0
t_wall=1785580957.426 # NOTE [recorder] connected /dev/ttyACM0
t_wall=1785580958.424 # ALIVE us=3980083032 ring_depth=0 drops=0
t_wall=1785580959.426 # NOTE [recorder] connected /dev/ttyACM0
t_wall=1785580960.424 # ALIVE us=3982083081 ring_depth=0 drops=0
t_wall=1785580961.425 # NOTE [recorder] connected /dev/ttyACM0
t_wall=1785580962.424 # ALIVE us=3984083129 ring_depth=0 drops=0
t_wall=1785580963.425 # NOTE [recorder] connected /dev/ttyACM0
t_wall=1785580964.424 # ALIVE us=3986083178 ring_depth=0 drops=0
t_wall=1785580965.425 # NOTE [recorder] connected /dev/ttyACM0
t_wall=1785580966.424 # ALIVE us=3988083226 ring_depth=0 drops=0
t_wall=1785580967.425 # NOTE [recorder] connected /dev/ttyACM0
t_wall=1785580968.424 # ALIVE us=3990083275 ring_depth=0 drops=0
t_wall=1785580969.066 # NOTE playing single-note major chords for chord names (G seemed wrong)
t_wall=1785580969.425 # NOTE [recorder] connected /dev/ttyACM0
t_wall=1785580970.424 # ALIVE us=3992083325 ring_depth=0 drops=0
t_wall=1785580971.425 # NOTE [recorder] connected /dev/ttyACM0
t_wall=1785580972.424 # ALIVE us=3994083374 ring_depth=0 drops=0
t_wall=1785580973.426 # NOTE [recorder] connected /dev/ttyACM0
t_wall=1785580974.041 t=3995700427 W CMD 0x81 [SET_DDRAM 0x01]
t_wall=1785580974.042 t=3995701750 W CMD 0x70 [SET_CGRAM 0x30]
t_wall=1785580974.043 t=3995701808 W DAT 0x00 (CGRAM ref #0)
t_wall=1785580974.043 t=3995701861 W DAT 0x00 (CGRAM ref #0)
t_wall=1785580974.044 t=3995701914 W DAT 0x00 (CGRAM ref #0)
t_wall=1785580974.044 t=3995701967 W DAT 0x00 (CGRAM ref #0)
t_wall=1785580974.045 t=3995702019 W DAT 0x00 (CGRAM ref #0)
t_wall=1785580974.045 t=3995702072 W DAT 0x00 (CGRAM ref #0)
t_wall=1785580974.046 t=3995702125 W DAT 0x00 (CGRAM ref #0)
t_wall=1785580974.046 t=3995702178 W DAT 0x01 (CGRAM ref #1)
t_wall=1785580974.047 t=3995702249 W CMD 0x81 [SET_DDRAM 0x01]
t_wall=1785580974.048 t=3995706129 W CMD 0x48 [SET_CGRAM 0x08]
t_wall=1785580974.048 t=3995706188 W DAT 0x02 (CGRAM ref #2)
t_wall=1785580974.048 t=3995706226 W DAT 0x0F
t_wall=1785580974.049 t=3995706279 W DAT 0x0A
t_wall=1785580974.050 t=3995710154 W DAT 0x0A
t_wall=1785580974.054 t=3995713987 W DAT 0x0D
t_wall=1785580974.058 t=3995717806 W DAT 0x02 (CGRAM ref #2)
t_wall=1785580974.059 t=3995717844 W DAT 0x00 (CGRAM ref #0)
t_wall=1785580974.062 t=3995721660 W DAT 0x00 (CGRAM ref #0)
t_wall=1785580974.065 t=3995724112 W CMD 0x50 [SET_CGRAM 0x10]
t_wall=1785580974.065 t=3995724170 W DAT 0x00 (CGRAM ref #0)
t_wall=1785580974.066 t=3995724223 W DAT 0x00 (CGRAM ref #0)
t_wall=1785580974.066 t=3995724276 W DAT 0x00 (CGRAM ref #0)
t_wall=1785580974.066 t=3995724328 W DAT 0x00 (CGRAM ref #0)
t_wall=1785580974.067 t=3995724381 W DAT 0x00 (CGRAM ref #0)
t_wall=1785580974.067 t=3995724434 W DAT 0x00 (CGRAM ref #0)
t_wall=1785580974.068 t=3995724487 W DAT 0x08
t_wall=1785580974.068 t=3995724540 W DAT 0x00 (CGRAM ref #0)
t_wall=1785580974.068 t=3995724611 W CMD 0x81 [SET_DDRAM 0x01]
t_wall=1785580974.069 t=3995726753 W CMD 0x58 [SET_CGRAM 0x18]
t_wall=1785580974.069 t=3995726812 W DAT 0x00 (CGRAM ref #0)
t_wall=1785580974.070 t=3995726864 W DAT 0x00 (CGRAM ref #0)
t_wall=1785580974.071 t=3995730698 W DAT 0x00 (CGRAM ref #0)
t_wall=1785580974.075 t=3995734516 W DAT 0x00 (CGRAM ref #0)
t_wall=1785580974.079 t=3995738332 W DAT 0x00 (CGRAM ref #0)
t_wall=1785580974.082 t=3995742208 W DAT 0x00 (CGRAM ref #0)
t_wall=1785580974.086 t=3995746062 W DAT 0x10
t_wall=1785580974.090 t=3995749879 W DAT 0x00 (CGRAM ref #0)
t_wall=1785580974.091 t=3995749951 W CMD 0x81 [SET_DDRAM 0x01]
t_wall=1785580974.092 t=3995752233 W DAT 0x4F 'O'
t_wall=1785580974.095 t=3995754813 W DAT 0x44 'D'
t_wall=1785580974.096 t=3995756156 W DAT 0x45 'E'
t_wall=1785580974.098 t=3995757513 W DAT 0x20 ' '
t_wall=1785580974.101 t=3995760888 W DAT 0x20 ' '
t_wall=1785580974.104 t=3995763443 W DAT 0x20 ' '
t_wall=1785580974.106 t=3995766007 W DAT 0x20 ' '
t_wall=1785580974.107 t=3995767289 W DAT 0x20 ' '
t_wall=1785580974.110 t=3995769906 W DAT 0x20 ' '
t_wall=1785580974.424 # ALIVE us=3996083422 ring_depth=0 drops=0
t_wall=1785580975.425 # NOTE [recorder] connected /dev/ttyACM0
t_wall=1785580976.106 t=3997765784 W CMD 0x68 [SET_CGRAM 0x28]
t_wall=1785580976.106 t=3997765886 W DAT 0x10
t_wall=1785580976.107 t=3997765945 W DAT 0x00 (CGRAM ref #0)
t_wall=1785580976.107 t=3997765998 W DAT 0x10
t_wall=1785580976.110 t=3997769847 W DAT 0x00 (CGRAM ref #0)
t_wall=1785580976.114 t=3997773710 W DAT 0x00 (CGRAM ref #0)
t_wall=1785580976.118 t=3997777526 W DAT 0x00 (CGRAM ref #0)
t_wall=1785580976.121 t=3997781343 W DAT 0x00 (CGRAM ref #0)
t_wall=1785580976.125 t=3997785192 W DAT 0x00 (CGRAM ref #0)
t_wall=1785580976.132 t=3997791728 W CMD 0x8A [SET_DDRAM 0x0A]
t_wall=1785580976.134 t=3997794251 W DAT 0x20 ' '
t_wall=1785580976.136 t=3997795601 W CMD 0xC3 [SET_DDRAM 0x43]
t_wall=1785580976.137 t=3997796940 W DAT 0x42 'B'
t_wall=1785580976.140 t=3997799533 W DAT 0x61 'a'
t_wall=1785580976.141 t=3997800793 W DAT 0x73 's'
t_wall=1785580976.142 t=3997802078 W DAT 0x69 'i'
t_wall=1785580976.145 t=3997804807 W DAT 0x63 'c'
t_wall=1785580976.146 t=3997806088 W DAT 0x20 ' '
t_wall=1785580976.147 t=3997807411 W DAT 0x20 ' '
t_wall=1785580976.399 t=3998058798 W CMD 0x68 [SET_CGRAM 0x28]
t_wall=1785580976.399 t=3998058900 W DAT 0x00 (CGRAM ref #0)
t_wall=1785580976.400 t=3998058953 W DAT 0x00 (CGRAM ref #0)
t_wall=1785580976.403 t=3998062796 W DAT 0x00 (CGRAM ref #0)
t_wall=1785580976.407 t=3998066614 W DAT 0x00 (CGRAM ref #0)
t_wall=1785580976.411 t=3998070463 W DAT 0x00 (CGRAM ref #0)
t_wall=1785580976.414 t=3998074294 W DAT 0x00 (CGRAM ref #0)
t_wall=1785580976.415 t=3998074333 W DAT 0x00 (CGRAM ref #0)
t_wall=1785580976.418 t=3998078177 W DAT 0x00 (CGRAM ref #0)
t_wall=1785580976.419 t=3998078357 W CMD 0x0C [DISP_CTRL disp=1 cur=0 blink=0]
t_wall=1785580976.424 # ALIVE us=3998083471 ring_depth=0 drops=0
t_wall=1785580976.704 t=3998363765 W CMD 0x68 [SET_CGRAM 0x28]
t_wall=1785580976.704 t=3998363823 W DAT 0x10
t_wall=1785580976.704 t=3998363876 W DAT 0x00 (CGRAM ref #0)
t_wall=1785580976.708 t=3998367692 W DAT 0x10
t_wall=1785580976.712 t=3998371569 W DAT 0x00 (CGRAM ref #0)
t_wall=1785580976.715 t=3998375402 W DAT 0x10
t_wall=1785580976.719 t=3998379217 W DAT 0x10
t_wall=1785580976.723 t=3998383062 W DAT 0x10
t_wall=1785580976.727 t=3998386912 W DAT 0x00 (CGRAM ref #0)
t_wall=1785580976.734 t=3998393422 W CMD 0x0C [DISP_CTRL disp=1 cur=0 blink=0]
t_wall=1785580976.914 t=3998573992 W CMD 0x68 [SET_CGRAM 0x28]
t_wall=1785580976.915 t=3998574050 W DAT 0x00 (CGRAM ref #0)
t_wall=1785580976.915 t=3998574103 W DAT 0x00 (CGRAM ref #0)
t_wall=1785580976.918 t=3998577952 W DAT 0x00 (CGRAM ref #0)
t_wall=1785580976.922 t=3998581816 W DAT 0x00 (CGRAM ref #0)
t_wall=1785580976.926 t=3998585631 W DAT 0x00 (CGRAM ref #0)
t_wall=1785580976.926 t=3998585669 W DAT 0x00 (CGRAM ref #0)
t_wall=1785580976.930 t=3998589487 W DAT 0x00 (CGRAM ref #0)
t_wall=1785580976.930 t=3998589525 W DAT 0x00 (CGRAM ref #0)
t_wall=1785580976.935 t=3998594601 W CMD 0x0C [DISP_CTRL disp=1 cur=0 blink=0]
t_wall=1785580977.936 # NOTE [recorder] connected /dev/ttyACM0
t_wall=1785580978.424 # ALIVE us=4000083519 ring_depth=0 drops=0
t_wall=1785580979.425 # NOTE [recorder] connected /dev/ttyACM0
t_wall=1785580980.358 t=4002018140 W CMD 0x48 [SET_CGRAM 0x08]
t_wall=1785580980.359 t=4002018198 W DAT 0x03 (CGRAM ref #3)
t_wall=1785580980.359 t=4002018236 W DAT 0x0E
t_wall=1785580980.359 t=4002018289 W DAT 0x0B
t_wall=1785580980.362 t=4002022135 W DAT 0x0B
t_wall=1785580980.366 t=4002025953 W DAT 0x0D
t_wall=1785580980.370 t=4002029800 W DAT 0x02 (CGRAM ref #2)
t_wall=1785580980.370 t=4002029838 W DAT 0x01 (CGRAM ref #1)
t_wall=1785580980.374 t=4002033671 W DAT 0x00 (CGRAM ref #0)
t_wall=1785580980.375 t=4002035189 W CMD 0x50 [SET_CGRAM 0x10]
t_wall=1785580980.376 t=4002035248 W DAT 0x00 (CGRAM ref #0)
t_wall=1785580980.376 t=4002035300 W DAT 0x00 (CGRAM ref #0)
t_wall=1785580980.377 t=4002035353 W DAT 0x00 (CGRAM ref #0)
t_wall=1785580980.377 t=4002035406 W DAT 0x00 (CGRAM ref #0)
t_wall=1785580980.378 t=4002035459 W DAT 0x00 (CGRAM ref #0)
t_wall=1785580980.378 t=4002035512 W DAT 0x00 (CGRAM ref #0)
t_wall=1785580980.378 t=4002035564 W DAT 0x09
t_wall=1785580980.379 t=4002035617 W DAT 0x00 (CGRAM ref #0)
t_wall=1785580980.379 t=4002035689 W CMD 0x81 [SET_DDRAM 0x01]
t_wall=1785580980.380 t=4002037742 W CMD 0x58 [SET_CGRAM 0x18]
t_wall=1785580980.380 t=4002037830 W DAT 0x00 (CGRAM ref #0)
t_wall=1785580980.381 t=4002037882 W DAT 0x00 (CGRAM ref #0)
t_wall=1785580980.382 t=4002041701 W DAT 0x00 (CGRAM ref #0)
t_wall=1785580980.386 t=4002045550 W DAT 0x00 (CGRAM ref #0)
t_wall=1785580980.389 t=4002049404 W DAT 0x00 (CGRAM ref #0)
t_wall=1785580980.393 t=4002053251 W DAT 0x00 (CGRAM ref #0)
t_wall=1785580980.397 t=4002057066 W DAT 0x18
t_wall=1785580980.401 t=4002060915 W DAT 0x00 (CGRAM ref #0)
t_wall=1785580980.406 t=4002065770 W CMD 0x70 [SET_CGRAM 0x30]
t_wall=1785580980.406 t=4002065814 W DAT 0x00 (CGRAM ref #0)
t_wall=1785580980.407 t=4002065867 W DAT 0x00 (CGRAM ref #0)
t_wall=1785580980.407 t=4002065920 W DAT 0x00 (CGRAM ref #0)
t_wall=1785580980.408 t=4002065972 W DAT 0x00 (CGRAM ref #0)
t_wall=1785580980.408 t=4002066025 W DAT 0x00 (CGRAM ref #0)
t_wall=1785580980.409 t=4002066078 W DAT 0x00 (CGRAM ref #0)
t_wall=1785580980.409 t=4002066131 W DAT 0x00 (CGRAM ref #0)
t_wall=1785580980.410 t=4002066184 W DAT 0x01 (CGRAM ref #1)
t_wall=1785580980.410 t=4002066254 W CMD 0x81 [SET_DDRAM 0x01]
t_wall=1785580980.411 t=4002068889 W DAT 0x45 'E'
t_wall=1785580980.411 t=4002070963 W DAT 0x4D 'M'
t_wall=1785580980.416 t=4002076133 W DAT 0x26 '&'
t_wall=1785580980.417 t=4002077391 W DAT 0x43 'C'
t_wall=1785580980.419 t=4002078731 W DAT 0x4F 'O'
t_wall=1785580980.422 t=4002082212 W DAT 0x4E 'N'
t_wall=1785580980.424 # ALIVE us=4002083570 ring_depth=0 drops=0
t_wall=1785580980.425 t=4002084730 W DAT 0x54 'T'
t_wall=1785580980.426 t=4002086049 W DAT 0x52 'R'
t_wall=1785580980.427 t=4002087452 W DAT 0x4F 'O'
t_wall=1785580981.429 # NOTE [recorder] connected /dev/ttyACM0
t_wall=1785580981.967 t=4003626138 W CMD 0x68 [SET_CGRAM 0x28]
t_wall=1785580981.967 t=4003626270 W DAT 0x10
t_wall=1785580981.968 t=4003626323 W DAT 0x00 (CGRAM ref #0)
t_wall=1785580981.970 t=4003630158 W DAT 0x10
t_wall=1785580981.971 t=4003630197 W DAT 0x00 (CGRAM ref #0)
t_wall=1785580981.974 t=4003634012 W DAT 0x10
t_wall=1785580981.978 t=4003637828 W DAT 0x10
t_wall=1785580981.981 t=4003641706 W DAT 0x10
t_wall=1785580981.986 t=4003645480 W DAT 0x00 (CGRAM ref #0)
t_wall=1785580981.986 t=4003645597 W CMD 0x8A [SET_DDRAM 0x0A]
t_wall=1785580982.273 t=4003929978 W CMD 0x68 [SET_CGRAM 0x28]
t_wall=1785580982.275 t=4003930080 W DAT 0x00 (CGRAM ref #0)
t_wall=1785580982.277 t=4003930133 W DAT 0x00 (CGRAM ref #0)
t_wall=1785580982.280 t=4003933966 W DAT 0x00 (CGRAM ref #0)
t_wall=1785580982.282 t=4003937784 W DAT 0x00 (CGRAM ref #0)
t_wall=1785580982.284 t=4003941601 W DAT 0x00 (CGRAM ref #0)
t_wall=1785580982.288 t=4003945476 W DAT 0x00 (CGRAM ref #0)
t_wall=1785580982.291 t=4003949311 W DAT 0x00 (CGRAM ref #0)
t_wall=1785580982.295 t=4003953126 W DAT 0x00 (CGRAM ref #0)
t_wall=1785580982.303 t=4003961311 W CMD 0x8A [SET_DDRAM 0x0A]
t_wall=1785580982.305 t=4003964787 W DAT 0x4C 'L'
t_wall=1785580982.424 # ALIVE us=4004083612 ring_depth=0 drops=0
t_wall=1785580982.477 t=4004136557 W CMD 0x68 [SET_CGRAM 0x28]
t_wall=1785580982.477 t=4004136694 W DAT 0x10
t_wall=1785580982.480 t=4004140511 W DAT 0x10
t_wall=1785580982.484 t=4004144315 W DAT 0x10
t_wall=1785580982.485 t=4004144396 W DAT 0x10
t_wall=1785580982.488 t=4004148169 W DAT 0x00 (CGRAM ref #0)
t_wall=1785580982.489 t=4004148207 W DAT 0x00 (CGRAM ref #0)
t_wall=1785580982.492 t=4004152056 W DAT 0x00 (CGRAM ref #0)
t_wall=1785580982.492 t=4004152094 W DAT 0x00 (CGRAM ref #0)
t_wall=1785580982.497 t=4004157343 W CMD 0xC3 [SET_DDRAM 0x43]
t_wall=1785580982.499 t=4004158688 W DAT 0x49 'I'
t_wall=1785580982.501 t=4004161322 W DAT 0x6E 'n'
t_wall=1785580982.504 t=4004163840 W DAT 0x69 'i'
t_wall=1785580982.506 t=4004166508 W DAT 0x74 't'
t_wall=1785580982.509 t=4004169100 W DAT 0x69 'i'
t_wall=1785580982.511 t=4004171698 W DAT 0x61 'a'
t_wall=1785580982.514 t=4004174291 W DAT 0x6C 'l'
t_wall=1785580982.687 t=4004346857 W CMD 0x68 [SET_CGRAM 0x28]
t_wall=1785580982.688 t=4004346988 W DAT 0x00 (CGRAM ref #0)
t_wall=1785580982.688 t=4004347040 W DAT 0x00 (CGRAM ref #0)
t_wall=1785580982.691 t=4004350856 W DAT 0x00 (CGRAM ref #0)
t_wall=1785580982.695 t=4004354703 W DAT 0x00 (CGRAM ref #0)
t_wall=1785580982.696 t=4004354741 W DAT 0x00 (CGRAM ref #0)
t_wall=1785580982.700 t=4004358604 W DAT 0x00 (CGRAM ref #0)
t_wall=1785580982.705 t=4004362443 W DAT 0x00 (CGRAM ref #0)
t_wall=1785580982.707 t=4004362481 W DAT 0x00 (CGRAM ref #0)
t_wall=1785580982.712 t=4004366457 W CMD 0x0C [DISP_CTRL disp=1 cur=0 blink=0]
t_wall=1785580982.988 t=4004648065 W CMD 0x68 [SET_CGRAM 0x28]
t_wall=1785580982.988 t=4004648124 W DAT 0x00 (CGRAM ref #0)
t_wall=1785580982.989 t=4004648177 W DAT 0x10
t_wall=1785580982.992 t=4004651993 W DAT 0x10
t_wall=1785580982.996 t=4004655842 W DAT 0x10
t_wall=1785580982.999 t=4004659677 W DAT 0x00 (CGRAM ref #0)
t_wall=1785580983.000 t=4004659715 W DAT 0x00 (CGRAM ref #0)
t_wall=1785580983.003 t=4004663559 W DAT 0x00 (CGRAM ref #0)
t_wall=1785580983.004 t=4004663597 W DAT 0x00 (CGRAM ref #0)
t_wall=1785580983.004 t=4004663777 W CMD 0x0C [DISP_CTRL disp=1 cur=0 blink=0]
t_wall=1785580983.189 t=4004849195 W CMD 0x68 [SET_CGRAM 0x28]
t_wall=1785580983.189 t=4004849253 W DAT 0x00 (CGRAM ref #0)
t_wall=1785580983.190 t=4004849306 W DAT 0x00 (CGRAM ref #0)
t_wall=1785580983.193 t=4004853123 W DAT 0x00 (CGRAM ref #0)
t_wall=1785580983.197 t=4004856939 W DAT 0x00 (CGRAM ref #0)
t_wall=1785580983.197 t=4004856977 W DAT 0x00 (CGRAM ref #0)
t_wall=1785580983.201 t=4004860854 W DAT 0x00 (CGRAM ref #0)
t_wall=1785580983.204 t=4004864630 W DAT 0x00 (CGRAM ref #0)
t_wall=1785580983.208 t=4004868462 W DAT 0x00 (CGRAM ref #0)
t_wall=1785580983.218 t=4004877874 W CMD 0x0C [DISP_CTRL disp=1 cur=0 blink=0]
t_wall=1785580983.396 t=4005056152 W CMD 0x68 [SET_CGRAM 0x28]
t_wall=1785580983.396 t=4005056240 W DAT 0x10
t_wall=1785580983.397 t=4005056293 W DAT 0x00 (CGRAM ref #0)
t_wall=1785580983.400 t=4005060136 W DAT 0x10
t_wall=1785580983.404 t=4005063953 W DAT 0x10
t_wall=1785580983.408 t=4005067803 W DAT 0x00 (CGRAM ref #0)
t_wall=1785580983.411 t=4005071635 W DAT 0x10
t_wall=1785580983.415 t=4005075481 W DAT 0x10
t_wall=1785580983.419 t=4005079299 W DAT 0x00 (CGRAM ref #0)
t_wall=1785580983.430 t=4005089383 W CMD 0x0C [DISP_CTRL disp=1 cur=0 blink=0]
t_wall=1785580983.696 t=4005355630 W CMD 0x68 [SET_CGRAM 0x28]
t_wall=1785580983.696 t=4005355688 W DAT 0x00 (CGRAM ref #0)
t_wall=1785580983.697 t=4005355741 W DAT 0x00 (CGRAM ref #0)
t_wall=1785580983.699 t=4005359559 W DAT 0x00 (CGRAM ref #0)
t_wall=1785580983.703 t=4005363333 W DAT 0x00 (CGRAM ref #0)
t_wall=1785580983.707 t=4005367179 W DAT 0x00 (CGRAM ref #0)
t_wall=1785580983.711 t=4005371029 W DAT 0x00 (CGRAM ref #0)
t_wall=1785580983.715 t=4005374860 W DAT 0x00 (CGRAM ref #0)
t_wall=1785580983.718 t=4005378677 W DAT 0x00 (CGRAM ref #0)
t_wall=1785580983.725 t=4005385523 W CMD 0x0C [DISP_CTRL disp=1 cur=0 blink=0]
t_wall=1785580983.818 t=4005478000 W CMD 0x68 [SET_CGRAM 0x28]
t_wall=1785580983.819 t=4005478058 W DAT 0x00 (CGRAM ref #0)
t_wall=1785580983.819 t=4005478111 W DAT 0x10
t_wall=1785580983.822 t=4005481961 W DAT 0x10
t_wall=1785580983.825 t=4005485794 W DAT 0x10
t_wall=1785580983.829 t=4005489639 W DAT 0x10
t_wall=1785580983.833 t=4005493457 W DAT 0x10
t_wall=1785580983.837 t=4005497304 W DAT 0x10
t_wall=1785580983.838 t=4005497342 W DAT 0x00 (CGRAM ref #0)
t_wall=1785580983.843 t=4005502706 W CMD 0x0C [DISP_CTRL disp=1 cur=0 blink=0]
t_wall=1785580984.113 t=4005772968 W CMD 0x68 [SET_CGRAM 0x28]
t_wall=1785580984.113 t=4005773056 W DAT 0x00 (CGRAM ref #0)
t_wall=1785580984.114 t=4005773109 W DAT 0x00 (CGRAM ref #0)
t_wall=1785580984.117 t=4005776927 W DAT 0x00 (CGRAM ref #0)
t_wall=1785580984.121 t=4005780804 W DAT 0x00 (CGRAM ref #0)
t_wall=1785580984.121 t=4005780843 W DAT 0x00 (CGRAM ref #0)
t_wall=1785580984.124 t=4005784675 W DAT 0x00 (CGRAM ref #0)
t_wall=1785580984.128 t=4005788490 W DAT 0x00 (CGRAM ref #0)
t_wall=1785580984.132 t=4005792338 W DAT 0x00 (CGRAM ref #0)
t_wall=1785580984.137 t=4005797466 W CMD 0x0C [DISP_CTRL disp=1 cur=0 blink=0]
t_wall=1785580984.319 t=4005979509 W CMD 0x68 [SET_CGRAM 0x28]
t_wall=1785580984.320 t=4005979568 W DAT 0x10
t_wall=1785580984.320 t=4005979621 W DAT 0x10
t_wall=1785580984.323 t=4005983438 W DAT 0x10
t_wall=1785580984.327 t=4005987288 W DAT 0x10
t_wall=1785580984.331 t=4005991149 W DAT 0x10
t_wall=1785580984.335 t=4005994965 W DAT 0x00 (CGRAM ref #0)
t_wall=1785580984.338 t=4005998783 W DAT 0x10
t_wall=1785580984.342 t=4006002630 W DAT 0x00 (CGRAM ref #0)
t_wall=1785580984.348 t=4006008022 W CMD 0x0C [DISP_CTRL disp=1 cur=0 blink=0]
t_wall=1785580984.423 # ALIVE us=4006083660 ring_depth=0 drops=0
t_wall=1785580984.528 t=4006188523 W CMD 0x68 [SET_CGRAM 0x28]
t_wall=1785580984.528 t=4006188581 W DAT 0x00 (CGRAM ref #0)
t_wall=1785580984.529 t=4006188634 W DAT 0x00 (CGRAM ref #0)
t_wall=1785580984.532 t=4006192512 W DAT 0x00 (CGRAM ref #0)
t_wall=1785580984.536 t=4006196347 W DAT 0x00 (CGRAM ref #0)
t_wall=1785580984.540 t=4006200180 W DAT 0x00 (CGRAM ref #0)
t_wall=1785580984.544 t=4006203997 W DAT 0x00 (CGRAM ref #0)
t_wall=1785580984.548 t=4006207876 W DAT 0x00 (CGRAM ref #0)
t_wall=1785580984.551 t=4006211706 W DAT 0x00 (CGRAM ref #0)
t_wall=1785580984.552 t=4006211887 W CMD 0x0C [DISP_CTRL disp=1 cur=0 blink=0]
t_wall=1785580984.739 t=4006398932 W CMD 0x68 [SET_CGRAM 0x28]
t_wall=1785580984.739 t=4006398991 W DAT 0x10
t_wall=1785580984.740 t=4006399043 W DAT 0x00 (CGRAM ref #0)
t_wall=1785580984.742 t=4006402878 W DAT 0x10
t_wall=1785580984.746 t=4006406722 W DAT 0x00 (CGRAM ref #0)
t_wall=1785580984.750 t=4006410539 W DAT 0x00 (CGRAM ref #0)
t_wall=1785580984.754 t=4006414388 W DAT 0x00 (CGRAM ref #0)
t_wall=1785580984.754 t=4006414427 W DAT 0x00 (CGRAM ref #0)
t_wall=1785580984.758 t=4006418259 W DAT 0x00 (CGRAM ref #0)
t_wall=1785580984.767 t=4006427338 W CMD 0x0C [DISP_CTRL disp=1 cur=0 blink=0]
t_wall=1785580985.043 t=4006703550 W CMD 0x68 [SET_CGRAM 0x28]
t_wall=1785580985.044 t=4006703608 W DAT 0x00 (CGRAM ref #0)
t_wall=1785580985.044 t=4006703661 W DAT 0x00 (CGRAM ref #0)
t_wall=1785580985.047 t=4006707479 W DAT 0x00 (CGRAM ref #0)
t_wall=1785580985.051 t=4006711324 W DAT 0x00 (CGRAM ref #0)
t_wall=1785580985.055 t=4006715173 W DAT 0x00 (CGRAM ref #0)
t_wall=1785580985.059 t=4006719007 W DAT 0x00 (CGRAM ref #0)
t_wall=1785580985.063 t=4006722822 W DAT 0x00 (CGRAM ref #0)
t_wall=1785580985.066 t=4006726668 W DAT 0x00 (CGRAM ref #0)
t_wall=1785580985.073 t=4006733232 W CMD 0x0C [DISP_CTRL disp=1 cur=0 blink=0]
t_wall=1785580985.167 t=4006826558 W CMD 0x68 [SET_CGRAM 0x28]
t_wall=1785580985.167 t=4006826617 W DAT 0x10
t_wall=1785580985.168 t=4006826670 W DAT 0x00 (CGRAM ref #0)
t_wall=1785580985.170 t=4006830501 W DAT 0x10
t_wall=1785580985.174 t=4006834346 W DAT 0x00 (CGRAM ref #0)
t_wall=1785580985.178 t=4006838165 W DAT 0x10
t_wall=1785580985.181 t=4006842013 W DAT 0x10
t_wall=1785580985.185 t=4006845869 W DAT 0x10
t_wall=1785580985.186 t=4006845908 W DAT 0x00 (CGRAM ref #0)
t_wall=1785580985.191 t=4006851125 W CMD 0x0C [DISP_CTRL disp=1 cur=0 blink=0]
t_wall=1785580985.449 t=4007108937 W CMD 0x68 [SET_CGRAM 0x28]
t_wall=1785580985.449 t=4007108995 W DAT 0x00 (CGRAM ref #0)
t_wall=1785580985.449 t=4007109034 W DAT 0x00 (CGRAM ref #0)
t_wall=1785580985.450 t=4007109146 W DAT 0x00 (CGRAM ref #0)
t_wall=1785580985.453 t=4007112923 W DAT 0x00 (CGRAM ref #0)
t_wall=1785580985.456 t=4007116777 W DAT 0x00 (CGRAM ref #0)
t_wall=1785580985.460 t=4007120594 W DAT 0x00 (CGRAM ref #0)
t_wall=1785580985.464 t=4007124438 W DAT 0x00 (CGRAM ref #0)
t_wall=1785580985.468 t=4007128285 W DAT 0x00 (CGRAM ref #0)
t_wall=1785580985.475 t=4007134808 W CMD 0x0C [DISP_CTRL disp=1 cur=0 blink=0]
t_wall=1785580985.659 t=4007319551 W CMD 0x68 [SET_CGRAM 0x28]
t_wall=1785580985.660 t=4007319609 W DAT 0x10
t_wall=1785580985.660 t=4007319662 W DAT 0x10
t_wall=1785580985.663 t=4007323508 W DAT 0x10
t_wall=1785580985.667 t=4007327324 W DAT 0x10
t_wall=1785580985.671 t=4007331172 W DAT 0x00 (CGRAM ref #0)
t_wall=1785580985.675 t=4007335007 W DAT 0x00 (CGRAM ref #0)
t_wall=1785580985.679 t=4007338849 W DAT 0x00 (CGRAM ref #0)
t_wall=1785580985.679 t=4007338887 W DAT 0x00 (CGRAM ref #0)
t_wall=1785580985.680 t=4007339067 W CMD 0x0C [DISP_CTRL disp=1 cur=0 blink=0]
t_wall=1785580985.964 t=4007623858 W CMD 0x68 [SET_CGRAM 0x28]
t_wall=1785580985.964 t=4007623917 W DAT 0x00 (CGRAM ref #0)
t_wall=1785580985.964 t=4007623955 W DAT 0x00 (CGRAM ref #0)
t_wall=1785580985.965 t=4007624008 W DAT 0x00 (CGRAM ref #0)
t_wall=1785580985.968 t=4007627875 W DAT 0x00 (CGRAM ref #0)
t_wall=1785580985.971 t=4007631724 W DAT 0x00 (CGRAM ref #0)
t_wall=1785580985.975 t=4007635557 W DAT 0x00 (CGRAM ref #0)
t_wall=1785580985.979 t=4007639349 W DAT 0x00 (CGRAM ref #0)
t_wall=1785580985.983 t=4007643195 W DAT 0x00 (CGRAM ref #0)
t_wall=1785580985.984 t=4007643376 W CMD 0x0C [DISP_CTRL disp=1 cur=0 blink=0]
t_wall=1785580986.071 t=4007731658 W CMD 0x68 [SET_CGRAM 0x28]
t_wall=1785580986.072 t=4007731716 W DAT 0x00 (CGRAM ref #0)
t_wall=1785580986.072 t=4007731769 W DAT 0x10
t_wall=1785580986.075 t=4007735612 W DAT 0x10
t_wall=1785580986.079 t=4007739429 W DAT 0x10
t_wall=1785580986.083 t=4007743278 W DAT 0x00 (CGRAM ref #0)
t_wall=1785580986.087 t=4007747109 W DAT 0x00 (CGRAM ref #0)
t_wall=1785580986.091 t=4007750978 W DAT 0x00 (CGRAM ref #0)
t_wall=1785580986.095 t=4007754794 W DAT 0x00 (CGRAM ref #0)
t_wall=1785580986.095 t=4007754974 W CMD 0x0C [DISP_CTRL disp=1 cur=0 blink=0]
t_wall=1785580986.369 t=4008029036 W CMD 0x68 [SET_CGRAM 0x28]
t_wall=1785580986.369 t=4008029094 W DAT 0x00 (CGRAM ref #0)
t_wall=1785580986.370 t=4008029147 W DAT 0x00 (CGRAM ref #0)
t_wall=1785580986.373 t=4008032979 W DAT 0x00 (CGRAM ref #0)
t_wall=1785580986.377 t=4008036796 W DAT 0x00 (CGRAM ref #0)
t_wall=1785580986.380 t=4008040642 W DAT 0x00 (CGRAM ref #0)
t_wall=1785580986.384 t=4008044510 W DAT 0x00 (CGRAM ref #0)
t_wall=1785580986.388 t=4008048344 W DAT 0x00 (CGRAM ref #0)
t_wall=1785580986.392 t=4008052160 W DAT 0x00 (CGRAM ref #0)
t_wall=1785580986.400 t=4008060214 W CMD 0x0C [DISP_CTRL disp=1 cur=0 blink=0]
t_wall=1785580986.423 # ALIVE us=4008083706 ring_depth=0 drops=0
t_wall=1785580987.425 # NOTE [recorder] connected /dev/ttyACM0
t_wall=1785580988.423 # ALIVE us=4010083752 ring_depth=0 drops=0
t_wall=1785580989.055 t=4010714702 W CMD 0x68 [SET_CGRAM 0x28]
t_wall=1785580989.055 t=4010714760 W DAT 0x00 (CGRAM ref #0)
t_wall=1785580989.056 t=4010714813 W DAT 0x10
t_wall=1785580989.058 t=4010718629 W DAT 0x10
t_wall=1785580989.062 t=4010722477 W DAT 0x10
t_wall=1785580989.066 t=4010726313 W DAT 0x00 (CGRAM ref #0)
t_wall=1785580989.070 t=4010730156 W DAT 0x00 (CGRAM ref #0)
t_wall=1785580989.070 t=4010730194 W DAT 0x00 (CGRAM ref #0)
t_wall=1785580989.074 t=4010734013 W DAT 0x00 (CGRAM ref #0)
t_wall=1785580989.074 t=4010734193 W CMD 0x0C [DISP_CTRL disp=1 cur=0 blink=0]
t_wall=1785580989.337 t=4010997349 W CMD 0x68 [SET_CGRAM 0x28]
t_wall=1785580989.337 t=4010997437 W DAT 0x00 (CGRAM ref #0)
t_wall=1785580989.338 t=4010997490 W DAT 0x00 (CGRAM ref #0)
t_wall=1785580989.341 t=4011001307 W DAT 0x00 (CGRAM ref #0)
t_wall=1785580989.345 t=4011005186 W DAT 0x00 (CGRAM ref #0)
t_wall=1785580989.348 t=4011009018 W DAT 0x00 (CGRAM ref #0)
t_wall=1785580989.352 t=4011012836 W DAT 0x00 (CGRAM ref #0)
t_wall=1785580989.356 t=4011016654 W DAT 0x00 (CGRAM ref #0)
t_wall=1785580989.360 t=4011020551 W DAT 0x00 (CGRAM ref #0)
t_wall=1785580989.361 t=4011020731 W CMD 0x0C [DISP_CTRL disp=1 cur=0 blink=0]
t_wall=1785580989.449 t=4011109011 W CMD 0x68 [SET_CGRAM 0x28]
t_wall=1785580989.450 t=4011109069 W DAT 0x10
t_wall=1785580989.450 t=4011109107 W DAT 0x10
t_wall=1785580989.450 t=4011109160 W DAT 0x10
t_wall=1785580989.453 t=4011112976 W DAT 0x10
t_wall=1785580989.453 t=4011113014 W DAT 0x00 (CGRAM ref #0)
t_wall=1785580989.456 t=4011116863 W DAT 0x00 (CGRAM ref #0)
t_wall=1785580989.460 t=4011120697 W DAT 0x00 (CGRAM ref #0)
t_wall=1785580989.464 t=4011124540 W DAT 0x00 (CGRAM ref #0)
t_wall=1785580989.471 t=4011131117 W CMD 0x0C [DISP_CTRL disp=1 cur=0 blink=0]
t_wall=1785580989.749 t=4011409838 W CMD 0x68 [SET_CGRAM 0x28]
t_wall=1785580989.750 t=4011409897 W DAT 0x00 (CGRAM ref #0)
t_wall=1785580989.751 t=4011409935 W DAT 0x00 (CGRAM ref #0)
t_wall=1785580989.751 t=4011409988 W DAT 0x00 (CGRAM ref #0)
t_wall=1785580989.753 t=4011413806 W DAT 0x00 (CGRAM ref #0)
t_wall=1785580989.757 t=4011417682 W DAT 0x00 (CGRAM ref #0)
t_wall=1785580989.761 t=4011421515 W DAT 0x00 (CGRAM ref #0)
t_wall=1785580989.765 t=4011425334 W DAT 0x00 (CGRAM ref #0)
t_wall=1785580989.766 t=4011425372 W DAT 0x00 (CGRAM ref #0)
t_wall=1785580989.766 t=4011425552 W CMD 0x0C [DISP_CTRL disp=1 cur=0 blink=0]
t_wall=1785580989.955 t=4011615031 W CMD 0x68 [SET_CGRAM 0x28]
t_wall=1785580989.955 t=4011615119 W DAT 0x10
t_wall=1785580989.955 t=4011615172 W DAT 0x00 (CGRAM ref #0)
t_wall=1785580989.958 t=4011618991 W DAT 0x10
t_wall=1785580989.962 t=4011622837 W DAT 0x00 (CGRAM ref #0)
t_wall=1785580989.966 t=4011626671 W DAT 0x10
t_wall=1785580989.970 t=4011630518 W DAT 0x10
t_wall=1785580989.974 t=4011634333 W DAT 0x10
t_wall=1785580989.978 t=4011638180 W DAT 0x00 (CGRAM ref #0)
t_wall=1785580989.978 t=4011638383 W CMD 0x0C [DISP_CTRL disp=1 cur=0 blink=0]
t_wall=1785580990.164 t=4011824077 W CMD 0x68 [SET_CGRAM 0x28]
t_wall=1785580990.165 t=4011824136 W DAT 0x00 (CGRAM ref #0)
t_wall=1785580990.165 t=4011824189 W DAT 0x00 (CGRAM ref #0)
t_wall=1785580990.168 t=4011828064 W DAT 0x00 (CGRAM ref #0)
t_wall=1785580990.171 t=4011831898 W DAT 0x00 (CGRAM ref #0)
t_wall=1785580990.175 t=4011835716 W DAT 0x00 (CGRAM ref #0)
t_wall=1785580990.179 t=4011839532 W DAT 0x00 (CGRAM ref #0)
t_wall=1785580990.179 t=4011839570 W DAT 0x00 (CGRAM ref #0)
t_wall=1785580990.183 t=4011843446 W DAT 0x00 (CGRAM ref #0)
t_wall=1785580990.189 t=4011849640 W CMD 0x0C [DISP_CTRL disp=1 cur=0 blink=0]
t_wall=1785580990.371 t=4012031221 W CMD 0x68 [SET_CGRAM 0x28]
t_wall=1785580990.371 t=4012031279 W DAT 0x10
t_wall=1785580990.372 t=4012031332 W DAT 0x00 (CGRAM ref #0)
t_wall=1785580990.374 t=4012035182 W DAT 0x10
t_wall=1785580990.379 t=4012039016 W DAT 0x00 (CGRAM ref #0)
t_wall=1785580990.382 t=4012042859 W DAT 0x00 (CGRAM ref #0)
t_wall=1785580990.386 t=4012046699 W DAT 0x00 (CGRAM ref #0)
t_wall=1785580990.390 t=4012050546 W DAT 0x00 (CGRAM ref #0)
t_wall=1785580990.394 t=4012054381 W DAT 0x00 (CGRAM ref #0)
t_wall=1785580990.399 t=4012059529 W CMD 0x0C [DISP_CTRL disp=1 cur=0 blink=0]
t_wall=1785580990.423 # ALIVE us=4012083803 ring_depth=0 drops=0
t_wall=1785580990.580 t=4012240172 W CMD 0x68 [SET_CGRAM 0x28]
t_wall=1785580990.580 t=4012240231 W DAT 0x00 (CGRAM ref #0)
t_wall=1785580990.580 t=4012240283 W DAT 0x00 (CGRAM ref #0)
t_wall=1785580990.583 t=4012244114 W DAT 0x00 (CGRAM ref #0)
t_wall=1785580990.587 t=4012247931 W DAT 0x00 (CGRAM ref #0)
t_wall=1785580990.591 t=4012251749 W DAT 0x00 (CGRAM ref #0)
t_wall=1785580990.595 t=4012255624 W DAT 0x00 (CGRAM ref #0)
t_wall=1785580990.595 t=4012255663 W DAT 0x00 (CGRAM ref #0)
t_wall=1785580990.599 t=4012259496 W DAT 0x00 (CGRAM ref #0)
t_wall=1785580990.604 t=4012264631 W CMD 0x0C [DISP_CTRL disp=1 cur=0 blink=0]
t_wall=1785580990.775 t=4012435748 W CMD 0x68 [SET_CGRAM 0x28]
t_wall=1785580990.776 t=4012435807 W DAT 0x10
t_wall=1785580990.776 t=4012435845 W DAT 0x10
t_wall=1785580990.776 t=4012435898 W DAT 0x10
t_wall=1785580990.779 t=4012439742 W DAT 0x10
t_wall=1785580990.783 t=4012443560 W DAT 0x10
t_wall=1785580990.787 t=4012447407 W DAT 0x00 (CGRAM ref #0)
t_wall=1785580990.790 t=4012451241 W DAT 0x10
t_wall=1785580990.795 t=4012455088 W DAT 0x00 (CGRAM ref #0)
t_wall=1785580990.800 t=4012460321 W CMD 0x0C [DISP_CTRL disp=1 cur=0 blink=0]
t_wall=1785580990.980 t=4012640777 W CMD 0x68 [SET_CGRAM 0x28]
t_wall=1785580990.981 t=4012640836 W DAT 0x00 (CGRAM ref #0)
t_wall=1785580990.981 t=4012640889 W DAT 0x00 (CGRAM ref #0)
t_wall=1785580990.984 t=4012644705 W DAT 0x00 (CGRAM ref #0)
t_wall=1785580990.984 t=4012644743 W DAT 0x00 (CGRAM ref #0)
t_wall=1785580990.988 t=4012648562 W DAT 0x00 (CGRAM ref #0)
t_wall=1785580990.992 t=4012652438 W DAT 0x00 (CGRAM ref #0)
t_wall=1785580990.996 t=4012656295 W DAT 0x00 (CGRAM ref #0)
t_wall=1785580991.000 t=4012660110 W DAT 0x00 (CGRAM ref #0)
t_wall=1785580991.000 t=4012660290 W CMD 0x0C [DISP_CTRL disp=1 cur=0 blink=0]
t_wall=1785580991.209 t=4012869348 W CMD 0x68 [SET_CGRAM 0x28]
t_wall=1785580991.209 t=4012869407 W DAT 0x00 (CGRAM ref #0)
t_wall=1785580991.209 t=4012869459 W DAT 0x10
t_wall=1785580991.213 t=4012873307 W DAT 0x10
t_wall=1785580991.216 t=4012877142 W DAT 0x10
t_wall=1785580991.220 t=4012880987 W DAT 0x10
t_wall=1785580991.224 t=4012884804 W DAT 0x10
t_wall=1785580991.228 t=4012888655 W DAT 0x10
t_wall=1785580991.232 t=4012892487 W DAT 0x00 (CGRAM ref #0)
t_wall=1785580991.238 t=4012899012 W CMD 0x0C [DISP_CTRL disp=1 cur=0 blink=0]
t_wall=1785580991.495 t=4013155397 W CMD 0x68 [SET_CGRAM 0x28]
t_wall=1785580991.496 t=4013155456 W DAT 0x00 (CGRAM ref #0)
t_wall=1785580991.496 t=4013155509 W DAT 0x00 (CGRAM ref #0)
t_wall=1785580991.499 t=4013159384 W DAT 0x00 (CGRAM ref #0)
t_wall=1785580991.503 t=4013163240 W DAT 0x00 (CGRAM ref #0)
t_wall=1785580991.503 t=4013163279 W DAT 0x00 (CGRAM ref #0)
t_wall=1785580991.506 t=4013167094 W DAT 0x00 (CGRAM ref #0)
t_wall=1785580991.510 t=4013170911 W DAT 0x00 (CGRAM ref #0)
t_wall=1785580991.514 t=4013174789 W DAT 0x00 (CGRAM ref #0)
t_wall=1785580991.521 t=4013181729 W CMD 0x0C [DISP_CTRL disp=1 cur=0 blink=0]
t_wall=1785580991.703 t=4013363438 W CMD 0x68 [SET_CGRAM 0x28]
t_wall=1785580991.704 t=4013363497 W DAT 0x10
t_wall=1785580991.705 t=4013363549 W DAT 0x00 (CGRAM ref #0)
t_wall=1785580991.707 t=4013367383 W DAT 0x10
t_wall=1785580991.711 t=4013371226 W DAT 0x10
t_wall=1785580991.711 t=4013371264 W DAT 0x00 (CGRAM ref #0)
t_wall=1785580991.714 t=4013375082 W DAT 0x10
t_wall=1785580991.718 t=4013378858 W DAT 0x10
t_wall=1785580991.722 t=4013382706 W DAT 0x00 (CGRAM ref #0)
t_wall=1785580991.728 t=4013388093 W CMD 0x0C [DISP_CTRL disp=1 cur=0 blink=0]
t_wall=1785580991.908 t=4013568514 W CMD 0x68 [SET_CGRAM 0x28]
t_wall=1785580991.909 t=4013568573 W DAT 0x00 (CGRAM ref #0)
t_wall=1785580991.910 t=4013568626 W DAT 0x00 (CGRAM ref #0)
t_wall=1785580991.912 t=4013572475 W DAT 0x00 (CGRAM ref #0)
t_wall=1785580991.916 t=4013576307 W DAT 0x00 (CGRAM ref #0)
t_wall=1785580991.920 t=4013580124 W DAT 0x00 (CGRAM ref #0)
t_wall=1785580991.923 t=4013583991 W DAT 0x00 (CGRAM ref #0)
t_wall=1785580991.927 t=4013587840 W DAT 0x00 (CGRAM ref #0)
t_wall=1785580991.931 t=4013591674 W DAT 0x00 (CGRAM ref #0)
t_wall=1785580991.937 t=4013597096 W CMD 0x0C [DISP_CTRL disp=1 cur=0 blink=0]
t_wall=1785580992.108 t=4013767696 W CMD 0x68 [SET_CGRAM 0x28]
t_wall=1785580992.108 t=4013767754 W DAT 0x00 (CGRAM ref #0)
t_wall=1785580992.109 t=4013767807 W DAT 0x10
t_wall=1785580992.111 t=4013771650 W DAT 0x10
t_wall=1785580992.115 t=4013775497 W DAT 0x10
t_wall=1785580992.115 t=4013775535 W DAT 0x00 (CGRAM ref #0)
t_wall=1785580992.119 t=4013779369 W DAT 0x00 (CGRAM ref #0)
t_wall=1785580992.119 t=4013779407 W DAT 0x00 (CGRAM ref #0)
t_wall=1785580992.122 t=4013783253 W DAT 0x00 (CGRAM ref #0)
t_wall=1785580992.128 t=4013788560 W CMD 0x0C [DISP_CTRL disp=1 cur=0 blink=0]
t_wall=1785580992.320 t=4013980228 W CMD 0x68 [SET_CGRAM 0x28]
t_wall=1785580992.321 t=4013980286 W DAT 0x00 (CGRAM ref #0)
t_wall=1785580992.321 t=4013980339 W DAT 0x00 (CGRAM ref #0)
t_wall=1785580992.324 t=4013984235 W DAT 0x00 (CGRAM ref #0)
t_wall=1785580992.328 t=4013988069 W DAT 0x00 (CGRAM ref #0)
t_wall=1785580992.328 t=4013988107 W DAT 0x00 (CGRAM ref #0)
t_wall=1785580992.332 t=4013991923 W DAT 0x00 (CGRAM ref #0)
t_wall=1785580992.335 t=4013995741 W DAT 0x00 (CGRAM ref #0)
t_wall=1785580992.339 t=4013999619 W DAT 0x00 (CGRAM ref #0)
t_wall=1785580992.340 t=4013999798 W CMD 0x0C [DISP_CTRL disp=1 cur=0 blink=0]
t_wall=1785580992.423 # ALIVE us=4014083849 ring_depth=0 drops=0
t_wall=1785580992.515 t=4014174997 W CMD 0x68 [SET_CGRAM 0x28]
t_wall=1785580992.516 t=4014175078 W DAT 0x10
t_wall=1785580992.516 t=4014175116 W DAT 0x10
t_wall=1785580992.517 t=4014175169 W DAT 0x10
t_wall=1785580992.519 t=4014178988 W DAT 0x10
t_wall=1785580992.522 t=4014182832 W DAT 0x00 (CGRAM ref #0)
t_wall=1785580992.526 t=4014186681 W DAT 0x00 (CGRAM ref #0)
t_wall=1785580992.526 t=4014186720 W DAT 0x00 (CGRAM ref #0)
t_wall=1785580992.530 t=4014190554 W DAT 0x00 (CGRAM ref #0)
t_wall=1785580992.535 t=4014195896 W CMD 0x0C [DISP_CTRL disp=1 cur=0 blink=0]
t_wall=1785580992.717 t=4014376543 W CMD 0x68 [SET_CGRAM 0x28]
t_wall=1785580992.718 t=4014376601 W DAT 0x00 (CGRAM ref #0)
t_wall=1785580992.719 t=4014376654 W DAT 0x00 (CGRAM ref #0)
t_wall=1785580992.720 t=4014380515 W DAT 0x00 (CGRAM ref #0)
t_wall=1785580992.724 t=4014384293 W DAT 0x00 (CGRAM ref #0)
t_wall=1785580992.728 t=4014388108 W DAT 0x00 (CGRAM ref #0)
t_wall=1785580992.732 t=4014391925 W DAT 0x00 (CGRAM ref #0)
t_wall=1785580992.735 t=4014395804 W DAT 0x00 (CGRAM ref #0)
t_wall=1785580992.739 t=4014399635 W DAT 0x00 (CGRAM ref #0)
t_wall=1785580992.740 t=4014399816 W CMD 0x0C [DISP_CTRL disp=1 cur=0 blink=0]
t_wall=1785580992.926 t=4014586414 W CMD 0x68 [SET_CGRAM 0x28]
t_wall=1785580992.926 t=4014586473 W DAT 0x10
t_wall=1785580992.926 t=4014586526 W DAT 0x00 (CGRAM ref #0)
t_wall=1785580992.929 t=4014590344 W DAT 0x10
t_wall=1785580992.933 t=4014594188 W DAT 0x00 (CGRAM ref #0)
t_wall=1785580992.937 t=4014597965 W DAT 0x10
t_wall=1785580992.937 t=4014598003 W DAT 0x10
t_wall=1785580992.941 t=4014601852 W DAT 0x10
t_wall=1785580992.945 t=4014605684 W DAT 0x00 (CGRAM ref #0)
t_wall=1785580992.952 t=4014612211 W CMD 0x0C [DISP_CTRL disp=1 cur=0 blink=0]
t_wall=1785580993.142 t=4014802539 W CMD 0x68 [SET_CGRAM 0x28]
t_wall=1785580993.143 t=4014802597 W DAT 0x00 (CGRAM ref #0)
t_wall=1785580993.144 t=4014802650 W DAT 0x00 (CGRAM ref #0)
t_wall=1785580993.146 t=4014806527 W DAT 0x00 (CGRAM ref #0)
t_wall=1785580993.150 t=4014810362 W DAT 0x00 (CGRAM ref #0)
t_wall=1785580993.153 t=4014814177 W DAT 0x00 (CGRAM ref #0)
t_wall=1785580993.158 t=4014817994 W DAT 0x00 (CGRAM ref #0)
t_wall=1785580993.161 t=4014821872 W DAT 0x00 (CGRAM ref #0)
t_wall=1785580993.165 t=4014825726 W DAT 0x00 (CGRAM ref #0)
t_wall=1785580993.166 t=4014825906 W CMD 0x0C [DISP_CTRL disp=1 cur=0 blink=0]
t_wall=1785580993.352 t=4015012503 W CMD 0x68 [SET_CGRAM 0x28]
t_wall=1785580993.352 t=4015012562 W DAT 0x10
t_wall=1785580993.353 t=4015012615 W DAT 0x00 (CGRAM ref #0)
t_wall=1785580993.356 t=4015016447 W DAT 0x10
t_wall=1785580993.360 t=4015020292 W DAT 0x00 (CGRAM ref #0)
t_wall=1785580993.363 t=4015024110 W DAT 0x00 (CGRAM ref #0)
t_wall=1785580993.367 t=4015027957 W DAT 0x00 (CGRAM ref #0)
t_wall=1785580993.371 t=4015031790 W DAT 0x00 (CGRAM ref #0)
t_wall=1785580993.375 t=4015035637 W DAT 0x00 (CGRAM ref #0)
t_wall=1785580993.382 t=4015042269 W CMD 0x0C [DISP_CTRL disp=1 cur=0 blink=0]
t_wall=1785580993.750 t=4015410286 W CMD 0x68 [SET_CGRAM 0x28]
t_wall=1785580993.750 t=4015410344 W DAT 0x00 (CGRAM ref #0)
t_wall=1785580993.753 t=4015410397 W DAT 0x00 (CGRAM ref #0)
t_wall=1785580993.754 t=4015414215 W DAT 0x00 (CGRAM ref #0)
t_wall=1785580993.757 t=4015418059 W DAT 0x00 (CGRAM ref #0)
t_wall=1785580993.761 t=4015421907 W DAT 0x00 (CGRAM ref #0)
t_wall=1785580993.765 t=4015425742 W DAT 0x00 (CGRAM ref #0)
t_wall=1785580993.766 t=4015425780 W DAT 0x00 (CGRAM ref #0)
t_wall=1785580993.769 t=4015429596 W DAT 0x00 (CGRAM ref #0)
t_wall=1785580993.769 t=4015429776 W CMD 0x0C [DISP_CTRL disp=1 cur=0 blink=0]
t_wall=1785580994.423 # ALIVE us=4016083894 ring_depth=0 drops=0
t_wall=1785580995.132 t=4016792569 W CMD 0x68 [SET_CGRAM 0x28]
t_wall=1785580995.133 t=4016792627 W DAT 0x10
t_wall=1785580995.133 t=4016792680 W DAT 0x00 (CGRAM ref #0)
t_wall=1785580995.136 t=4016796499 W DAT 0x10
t_wall=1785580995.140 t=4016800346 W DAT 0x00 (CGRAM ref #0)
t_wall=1785580995.140 t=4016800385 W DAT 0x00 (CGRAM ref #0)
t_wall=1785580995.144 t=4016804242 W DAT 0x00 (CGRAM ref #0)
t_wall=1785580995.144 t=4016804280 W DAT 0x00 (CGRAM ref #0)
t_wall=1785580995.147 t=4016808124 W DAT 0x00 (CGRAM ref #0)
t_wall=1785580995.154 t=4016814440 W CMD 0x0C [DISP_CTRL disp=1 cur=0 blink=0]
t_wall=1785580995.333 t=4016993529 W CMD 0x68 [SET_CGRAM 0x28]
t_wall=1785580995.334 t=4016993588 W DAT 0x00 (CGRAM ref #0)
t_wall=1785580995.334 t=4016993640 W DAT 0x00 (CGRAM ref #0)
t_wall=1785580995.337 t=4016997458 W DAT 0x00 (CGRAM ref #0)
t_wall=1785580995.341 t=4017001296 W DAT 0x00 (CGRAM ref #0)
t_wall=1785580995.344 t=4017005145 W DAT 0x00 (CGRAM ref #0)
t_wall=1785580995.348 t=4017009006 W DAT 0x00 (CGRAM ref #0)
t_wall=1785580995.352 t=4017012822 W DAT 0x00 (CGRAM ref #0)
t_wall=1785580995.353 t=4017012860 W DAT 0x00 (CGRAM ref #0)
t_wall=1785580995.359 t=4017019503 W CMD 0x0C [DISP_CTRL disp=1 cur=0 blink=0]
t_wall=1785580995.534 t=4017194648 W CMD 0x48 [SET_CGRAM 0x08]
t_wall=1785580995.535 t=4017194780 W DAT 0x03 (CGRAM ref #3)
t_wall=1785580995.535 t=4017194818 W DAT 0x0E
t_wall=1785580995.536 t=4017194871 W DAT 0x0B
t_wall=1785580995.538 t=4017198703 W DAT 0x0B
t_wall=1785580995.542 t=4017202480 W DAT 0x0D
t_wall=1785580995.546 t=4017206324 W DAT 0x02 (CGRAM ref #2)
t_wall=1785580995.547 t=4017206362 W DAT 0x01 (CGRAM ref #1)
t_wall=1785580995.549 t=4017210180 W DAT 0x10
t_wall=1785580995.556 t=4017216778 W CMD 0x68 [SET_CGRAM 0x28]
t_wall=1785580995.557 t=4017216866 W DAT 0x10
t_wall=1785580995.557 t=4017216919 W DAT 0x00 (CGRAM ref #0)
t_wall=1785580995.560 t=4017220763 W DAT 0x10
t_wall=1785580995.564 t=4017224581 W DAT 0x00 (CGRAM ref #0)
t_wall=1785580995.568 t=4017228430 W DAT 0x10
t_wall=1785580995.571 t=4017232262 W DAT 0x10
t_wall=1785580995.575 t=4017236108 W DAT 0x10
t_wall=1785580995.579 t=4017239926 W DAT 0x00 (CGRAM ref #0)
t_wall=1785580995.580 t=4017240106 W CMD 0x0C [DISP_CTRL disp=1 cur=0 blink=0]
t_wall=1785580995.849 t=4017509033 W CMD 0x48 [SET_CGRAM 0x08]
t_wall=1785580995.849 t=4017509091 W DAT 0x03 (CGRAM ref #3)
t_wall=1785580995.850 t=4017509130 W DAT 0x0E
t_wall=1785580995.850 t=4017509183 W DAT 0x0B
t_wall=1785580995.852 t=4017513062 W DAT 0x0B
t_wall=1785580995.856 t=4017516893 W DAT 0x0D
t_wall=1785580995.860 t=4017520710 W DAT 0x02 (CGRAM ref #2)
t_wall=1785580995.860 t=4017520748 W DAT 0x01 (CGRAM ref #1)
t_wall=1785580995.861 t=4017520786 W DAT 0x00 (CGRAM ref #0)
t_wall=1785580995.864 t=4017524899 W CMD 0x0C [DISP_CTRL disp=1 cur=0 blink=0]
t_wall=1785580995.867 t=4017527475 W CMD 0x68 [SET_CGRAM 0x28]
t_wall=1785580995.867 t=4017527533 W DAT 0x00 (CGRAM ref #0)
t_wall=1785580995.867 t=4017527586 W DAT 0x00 (CGRAM ref #0)
t_wall=1785580995.870 t=4017531420 W DAT 0x00 (CGRAM ref #0)
t_wall=1785580995.874 t=4017535236 W DAT 0x00 (CGRAM ref #0)
t_wall=1785580995.878 t=4017539012 W DAT 0x00 (CGRAM ref #0)
t_wall=1785580995.882 t=4017542857 W DAT 0x00 (CGRAM ref #0)
t_wall=1785580995.886 t=4017546704 W DAT 0x00 (CGRAM ref #0)
t_wall=1785580995.890 t=4017550537 W DAT 0x00 (CGRAM ref #0)
t_wall=1785580995.896 t=4017556903 W CMD 0x0C [DISP_CTRL disp=1 cur=0 blink=0]
t_wall=1785580995.969 t=4017629644 W CMD 0x68 [SET_CGRAM 0x28]
t_wall=1785580995.970 t=4017629731 W DAT 0x10
t_wall=1785580995.970 t=4017629784 W DAT 0x00 (CGRAM ref #0)
t_wall=1785580995.973 t=4017633630 W DAT 0x10
t_wall=1785580995.977 t=4017637446 W DAT 0x00 (CGRAM ref #0)
t_wall=1785580995.977 t=4017637484 W DAT 0x10
t_wall=1785580995.977 t=4017637544 W DAT 0x10
t_wall=1785580995.980 t=4017641394 W DAT 0x10
t_wall=1785580995.984 t=4017645225 W DAT 0x00 (CGRAM ref #0)
t_wall=1785580995.993 t=4017653190 W CMD 0x0C [DISP_CTRL disp=1 cur=0 blink=0]
t_wall=1785580996.271 t=4017930638 W CMD 0x68 [SET_CGRAM 0x28]
t_wall=1785580996.273 t=4017930696 W DAT 0x00 (CGRAM ref #0)
t_wall=1785580996.276 t=4017930749 W DAT 0x00 (CGRAM ref #0)
t_wall=1785580996.283 t=4017934567 W DAT 0x00 (CGRAM ref #0)
t_wall=1785580996.288 t=4017938411 W DAT 0x00 (CGRAM ref #0)
t_wall=1785580996.293 t=4017938449 W DAT 0x00 (CGRAM ref #0)
t_wall=1785580996.299 t=4017942297 W DAT 0x00 (CGRAM ref #0)
t_wall=1785580996.305 t=4017946131 W DAT 0x00 (CGRAM ref #0)
t_wall=1785580996.309 t=4017949946 W DAT 0x00 (CGRAM ref #0)
t_wall=1785580996.316 t=4017958153 W CMD 0x0C [DISP_CTRL disp=1 cur=0 blink=0]
t_wall=1785580996.394 t=4018054401 W CMD 0x48 [SET_CGRAM 0x08]
t_wall=1785580996.394 t=4018054459 W DAT 0x03 (CGRAM ref #3)
t_wall=1785580996.395 t=4018054497 W DAT 0x0E
t_wall=1785580996.397 t=4018057700 W DAT 0x0B
t_wall=1785580996.401 t=4018061506 W DAT 0x0B
t_wall=1785580996.404 t=4018065321 W DAT 0x0D
t_wall=1785580996.408 t=4018069169 W DAT 0x02 (CGRAM ref #2)
t_wall=1785580996.409 t=4018069207 W DAT 0x01 (CGRAM ref #1)
t_wall=1785580996.409 t=4018069246 W DAT 0x10
t_wall=1785580996.415 t=4018075888 W CMD 0x68 [SET_CGRAM 0x28]
t_wall=1785580996.416 t=4018075946 W DAT 0x10
t_wall=1785580996.416 t=4018075999 W DAT 0x10
t_wall=1785580996.419 t=4018079818 W DAT 0x10
t_wall=1785580996.423 t=4018083665 W DAT 0x10
t_wall=1785580996.424 # ALIVE us=4018083941 ring_depth=0 drops=0
t_wall=1785580996.427 t=4018087499 W DAT 0x00 (CGRAM ref #0)
t_wall=1785580996.431 t=4018091345 W DAT 0x00 (CGRAM ref #0)
t_wall=1785580996.435 t=4018095161 W DAT 0x00 (CGRAM ref #0)
t_wall=1785580996.438 t=4018099008 W DAT 0x00 (CGRAM ref #0)
t_wall=1785580996.445 t=4018105635 W CMD 0x0C [DISP_CTRL disp=1 cur=0 blink=0]
t_wall=1785580996.779 t=4018439961 W CMD 0x68 [SET_CGRAM 0x28]
t_wall=1785580996.779 t=4018440040 W DAT 0x00 (CGRAM ref #0)
t_wall=1785580996.780 t=4018440079 W DAT 0x00 (CGRAM ref #0)
t_wall=1785580996.780 t=4018440131 W DAT 0x00 (CGRAM ref #0)
t_wall=1785580996.783 t=4018443977 W DAT 0x00 (CGRAM ref #0)
t_wall=1785580996.783 t=4018444015 W DAT 0x00 (CGRAM ref #0)
t_wall=1785580996.787 t=4018447865 W DAT 0x00 (CGRAM ref #0)
t_wall=1785580996.791 t=4018451715 W DAT 0x00 (CGRAM ref #0)
t_wall=1785580996.795 t=4018455532 W DAT 0x00 (CGRAM ref #0)
t_wall=1785580996.800 t=4018460904 W CMD 0x0C [DISP_CTRL disp=1 cur=0 blink=0]
t_wall=1785580996.801 t=4018462289 W CMD 0x48 [SET_CGRAM 0x08]
t_wall=1785580996.802 t=4018462348 W DAT 0x03 (CGRAM ref #3)
t_wall=1785580996.802 t=4018462386 W DAT 0x0E
t_wall=1785580996.802 t=4018462439 W DAT 0x0B
t_wall=1785580996.805 t=4018466273 W DAT 0x0B
t_wall=1785580996.805 t=4018466443 W DAT 0x0D
t_wall=1785580996.809 t=4018470259 W DAT 0x02 (CGRAM ref #2)
t_wall=1785580996.809 t=4018470297 W DAT 0x01 (CGRAM ref #1)
t_wall=1785580996.813 t=4018474143 W DAT 0x00 (CGRAM ref #0)
t_wall=1785580996.820 t=4018479486 W CMD 0x0C [DISP_CTRL disp=1 cur=0 blink=0]
t_wall=1785580996.898 t=4018558944 W CMD 0x68 [SET_CGRAM 0x28]
t_wall=1785580996.898 t=4018559002 W DAT 0x10
t_wall=1785580996.899 t=4018559078 W DAT 0x10
t_wall=1785580996.902 t=4018562912 W DAT 0x10
t_wall=1785580996.906 t=4018566756 W DAT 0x10
t_wall=1785580996.910 t=4018570572 W DAT 0x00 (CGRAM ref #0)
t_wall=1785580996.914 t=4018574422 W DAT 0x00 (CGRAM ref #0)
t_wall=1785580996.917 t=4018578253 W DAT 0x00 (CGRAM ref #0)
t_wall=1785580996.921 t=4018582099 W DAT 0x00 (CGRAM ref #0)
t_wall=1785580996.927 t=4018587250 W CMD 0x0C [DISP_CTRL disp=1 cur=0 blink=0]
t_wall=1785580997.107 t=4018768086 W CMD 0x68 [SET_CGRAM 0x28]
t_wall=1785580997.107 t=4018768145 W DAT 0x00 (CGRAM ref #0)
t_wall=1785580997.108 t=4018768198 W DAT 0x00 (CGRAM ref #0)
t_wall=1785580997.111 t=4018772016 W DAT 0x00 (CGRAM ref #0)
t_wall=1785580997.115 t=4018775832 W DAT 0x00 (CGRAM ref #0)
t_wall=1785580997.119 t=4018779708 W DAT 0x00 (CGRAM ref #0)
t_wall=1785580997.123 t=4018783542 W DAT 0x00 (CGRAM ref #0)
t_wall=1785580997.127 t=4018787358 W DAT 0x00 (CGRAM ref #0)
t_wall=1785580997.130 t=4018791175 W DAT 0x00 (CGRAM ref #0)
t_wall=1785580997.131 t=4018791355 W CMD 0x0C [DISP_CTRL disp=1 cur=0 blink=0]
t_wall=1785580997.317 t=4018978034 W CMD 0x68 [SET_CGRAM 0x28]
t_wall=1785580997.318 t=4018978092 W DAT 0x00 (CGRAM ref #0)
t_wall=1785580997.318 t=4018978145 W DAT 0x10
t_wall=1785580997.321 t=4018981961 W DAT 0x10
t_wall=1785580997.325 t=4018985808 W DAT 0x10
t_wall=1785580997.329 t=4018989641 W DAT 0x00 (CGRAM ref #0)
t_wall=1785580997.333 t=4018993485 W DAT 0x00 (CGRAM ref #0)
t_wall=1785580997.336 t=4018997302 W DAT 0x00 (CGRAM ref #0)
t_wall=1785580997.340 t=4019001152 W DAT 0x00 (CGRAM ref #0)
t_wall=1785580997.349 t=4019010248 W CMD 0x0C [DISP_CTRL disp=1 cur=0 blink=0]
t_wall=1785580997.618 t=4019275310 W CMD 0x68 [SET_CGRAM 0x28]
t_wall=1785580997.620 t=4019275390 W DAT 0x00 (CGRAM ref #0)
t_wall=1785580997.623 t=4019279209 W DAT 0x00 (CGRAM ref #0)
t_wall=1785580997.625 t=4019283054 W DAT 0x00 (CGRAM ref #0)
t_wall=1785580997.628 t=4019286903 W DAT 0x00 (CGRAM ref #0)
t_wall=1785580997.631 t=4019290738 W DAT 0x00 (CGRAM ref #0)
t_wall=1785580997.635 t=4019294552 W DAT 0x00 (CGRAM ref #0)
t_wall=1785580997.638 t=4019298397 W DAT 0x00 (CGRAM ref #0)
t_wall=1785580997.642 t=4019302247 W DAT 0x00 (CGRAM ref #0)
t_wall=1785580997.650 t=4019309228 W CMD 0x0C [DISP_CTRL disp=1 cur=0 blink=0]
t_wall=1785580997.824 t=4019484712 W CMD 0x48 [SET_CGRAM 0x08]
t_wall=1785580997.825 t=4019484799 W DAT 0x03 (CGRAM ref #3)
t_wall=1785580997.825 t=4019484837 W DAT 0x0E
t_wall=1785580997.826 t=4019484890 W DAT 0x0B
t_wall=1785580997.828 t=4019488709 W DAT 0x0B
t_wall=1785580997.828 t=4019489133 W DAT 0x0D
t_wall=1785580997.832 t=4019493005 W DAT 0x02 (CGRAM ref #2)
t_wall=1785580997.832 t=4019493043 W DAT 0x11
t_wall=1785580997.836 t=4019496903 W DAT 0x10
t_wall=1785580997.844 t=4019504681 W CMD 0x68 [SET_CGRAM 0x28]
t_wall=1785580997.845 t=4019504740 W DAT 0x00 (CGRAM ref #0)
t_wall=1785580997.845 t=4019504792 W DAT 0x10
t_wall=1785580997.848 t=4019508642 W DAT 0x10
t_wall=1785580997.852 t=4019512502 W DAT 0x10
t_wall=1785580997.855 t=4019516319 W DAT 0x00 (CGRAM ref #0)
t_wall=1785580997.856 t=4019516357 W DAT 0x00 (CGRAM ref #0)
t_wall=1785580997.859 t=4019520176 W DAT 0x00 (CGRAM ref #0)
t_wall=1785580997.863 t=4019524024 W DAT 0x00 (CGRAM ref #0)
t_wall=1785580997.869 t=4019529389 W CMD 0x0C [DISP_CTRL disp=1 cur=0 blink=0]
t_wall=1785580998.032 t=4019692406 W CMD 0x48 [SET_CGRAM 0x08]
t_wall=1785580998.033 t=4019692465 W DAT 0x03 (CGRAM ref #3)
t_wall=1785580998.033 t=4019692503 W DAT 0x0E
t_wall=1785580998.036 t=4019696383 W DAT 0x0B
t_wall=1785580998.039 t=4019700157 W DAT 0x0B
t_wall=1785580998.043 t=4019703991 W DAT 0x0D
t_wall=1785580998.047 t=4019707809 W DAT 0x02 (CGRAM ref #2)
t_wall=1785580998.047 t=4019707847 W DAT 0x01 (CGRAM ref #1)
t_wall=1785580998.051 t=4019711692 W DAT 0x00 (CGRAM ref #0)
t_wall=1785580998.051 t=4019711872 W CMD 0x0C [DISP_CTRL disp=1 cur=0 blink=0]
t_wall=1785580998.059 t=4019719661 W CMD 0x68 [SET_CGRAM 0x28]
t_wall=1785580998.059 t=4019719720 W DAT 0x00 (CGRAM ref #0)
t_wall=1785580998.060 t=4019719773 W DAT 0x00 (CGRAM ref #0)
t_wall=1785580998.063 t=4019723590 W DAT 0x00 (CGRAM ref #0)
t_wall=1785580998.067 t=4019727435 W DAT 0x00 (CGRAM ref #0)
t_wall=1785580998.067 t=4019727473 W DAT 0x00 (CGRAM ref #0)
t_wall=1785580998.070 t=4019731321 W DAT 0x00 (CGRAM ref #0)
t_wall=1785580998.071 t=4019731359 W DAT 0x00 (CGRAM ref #0)
t_wall=1785580998.074 t=4019735195 W DAT 0x00 (CGRAM ref #0)
t_wall=1785580998.080 t=4019740451 W CMD 0x0C [DISP_CTRL disp=1 cur=0 blink=0]
t_wall=1785580998.251 t=4019911941 W CMD 0x68 [SET_CGRAM 0x28]
t_wall=1785580998.251 t=4019912000 W DAT 0x10
t_wall=1785580998.251 t=4019912038 W DAT 0x00 (CGRAM ref #0)
t_wall=1785580998.251 t=4019912091 W DAT 0x10
t_wall=1785580998.255 t=4019915909 W DAT 0x10
t_wall=1785580998.259 t=4019919775 W DAT 0x00 (CGRAM ref #0)
t_wall=1785580998.263 t=4019923659 W DAT 0x10
t_wall=1785580998.263 t=4019923697 W DAT 0x10
t_wall=1785580998.267 t=4019927512 W DAT 0x00 (CGRAM ref #0)
t_wall=1785580998.275 t=4019935312 W CMD 0x0C [DISP_CTRL disp=1 cur=0 blink=0]
t_wall=1785580998.423 # ALIVE us=4020083983 ring_depth=0 drops=0
t_wall=1785580998.453 t=4020113672 W CMD 0x68 [SET_CGRAM 0x28]
t_wall=1785580998.454 t=4020113731 W DAT 0x00 (CGRAM ref #0)
t_wall=1785580998.454 t=4020113769 W DAT 0x00 (CGRAM ref #0)
t_wall=1785580998.455 t=4020113821 W DAT 0x00 (CGRAM ref #0)
t_wall=1785580998.457 t=4020117639 W DAT 0x00 (CGRAM ref #0)
t_wall=1785580998.461 t=4020121455 W DAT 0x00 (CGRAM ref #0)
t_wall=1785580998.464 t=4020125331 W DAT 0x00 (CGRAM ref #0)
t_wall=1785580998.468 t=4020129185 W DAT 0x00 (CGRAM ref #0)
t_wall=1785580998.472 t=4020133002 W DAT 0x00 (CGRAM ref #0)
t_wall=1785580998.477 t=4020138166 W CMD 0x0C [DISP_CTRL disp=1 cur=0 blink=0]
t_wall=1785580998.647 t=4020308086 W CMD 0x68 [SET_CGRAM 0x28]
t_wall=1785580998.648 t=4020308144 W DAT 0x00 (CGRAM ref #0)
t_wall=1785580998.648 t=4020308182 W DAT 0x10
t_wall=1785580998.648 t=4020308235 W DAT 0x10
t_wall=1785580998.651 t=4020312053 W DAT 0x10
t_wall=1785580998.655 t=4020315903 W DAT 0x10
t_wall=1785580998.659 t=4020319758 W DAT 0x10
t_wall=1785580998.659 t=4020319796 W DAT 0x10
t_wall=1785580998.663 t=4020323643 W DAT 0x00 (CGRAM ref #0)
t_wall=1785580998.668 t=4020329024 W CMD 0x0C [DISP_CTRL disp=1 cur=0 blink=0]
t_wall=1785580998.671 t=4020331493 W CMD 0x48 [SET_CGRAM 0x08]
t_wall=1785580998.671 t=4020331581 W DAT 0x03 (CGRAM ref #3)
t_wall=1785580998.671 t=4020331619 W DAT 0x0E
t_wall=1785580998.671 t=4020331672 W DAT 0x0B
t_wall=1785580998.674 t=4020335506 W DAT 0x0B
t_wall=1785580998.678 t=4020339352 W DAT 0x0D
t_wall=1785580998.682 t=4020343168 W DAT 0x02 (CGRAM ref #2)
t_wall=1785580998.683 t=4020343206 W DAT 0x01 (CGRAM ref #1)
t_wall=1785580998.686 t=4020347054 W DAT 0x10
t_wall=1785580998.687 t=4020347234 W CMD 0x0C [DISP_CTRL disp=1 cur=0 blink=0]
t_wall=1785580998.959 t=4020619990 W CMD 0x48 [SET_CGRAM 0x08]
t_wall=1785580998.959 t=4020620048 W DAT 0x03 (CGRAM ref #3)
t_wall=1785580998.959 t=4020620086 W DAT 0x0E
t_wall=1785580998.960 t=4020620139 W DAT 0x0B
t_wall=1785580998.963 t=4020623955 W DAT 0x0B
t_wall=1785580998.964 t=4020625529 W DAT 0x0D
t_wall=1785580998.968 t=4020629375 W DAT 0x02 (CGRAM ref #2)
t_wall=1785580998.969 t=4020629414 W DAT 0x01 (CGRAM ref #1)
t_wall=1785580998.972 t=4020633263 W DAT 0x00 (CGRAM ref #0)
t_wall=1785580998.977 t=4020638454 W CMD 0x0C [DISP_CTRL disp=1 cur=0 blink=0]
t_wall=1785580998.980 t=4020640833 W CMD 0x68 [SET_CGRAM 0x28]
t_wall=1785580998.980 t=4020640891 W DAT 0x00 (CGRAM ref #0)
t_wall=1785580998.980 t=4020640944 W DAT 0x00 (CGRAM ref #0)
t_wall=1785580998.984 t=4020644790 W DAT 0x00 (CGRAM ref #0)
t_wall=1785580998.988 t=4020648640 W DAT 0x00 (CGRAM ref #0)
t_wall=1785580998.991 t=4020652472 W DAT 0x00 (CGRAM ref #0)
t_wall=1785580998.992 t=4020652532 W DAT 0x00 (CGRAM ref #0)
t_wall=1785580998.995 t=4020656350 W DAT 0x00 (CGRAM ref #0)
t_wall=1785580998.999 t=4020660195 W DAT 0x00 (CGRAM ref #0)
t_wall=1785580999.005 t=4020665699 W CMD 0x0C [DISP_CTRL disp=1 cur=0 blink=0]
t_wall=1785580999.077 t=4020737974 W CMD 0x68 [SET_CGRAM 0x28]
t_wall=1785580999.077 t=4020738032 W DAT 0x00 (CGRAM ref #0)
t_wall=1785580999.077 t=4020738085 W DAT 0x10
t_wall=1785580999.081 t=4020741932 W DAT 0x10
t_wall=1785580999.085 t=4020745765 W DAT 0x10
t_wall=1785580999.088 t=4020749611 W DAT 0x10
t_wall=1785580999.092 t=4020753427 W DAT 0x10
t_wall=1785580999.096 t=4020757299 W DAT 0x10
t_wall=1785580999.100 t=4020761131 W DAT 0x00 (CGRAM ref #0)
t_wall=1785580999.107 t=4020767685 W CMD 0x0C [DISP_CTRL disp=1 cur=0 blink=0]
t_wall=1785580999.375 t=4021035369 W CMD 0x68 [SET_CGRAM 0x28]
t_wall=1785580999.376 t=4021035427 W DAT 0x00 (CGRAM ref #0)
t_wall=1785580999.376 t=4021035480 W DAT 0x00 (CGRAM ref #0)
t_wall=1785580999.379 t=4021039325 W DAT 0x00 (CGRAM ref #0)
t_wall=1785580999.383 t=4021043173 W DAT 0x00 (CGRAM ref #0)
t_wall=1785580999.383 t=4021043212 W DAT 0x00 (CGRAM ref #0)
t_wall=1785580999.386 t=4021047046 W DAT 0x00 (CGRAM ref #0)
t_wall=1785580999.390 t=4021050861 W DAT 0x00 (CGRAM ref #0)
t_wall=1785580999.394 t=4021054705 W DAT 0x00 (CGRAM ref #0)
t_wall=1785580999.402 t=4021062915 W CMD 0x0C [DISP_CTRL disp=1 cur=0 blink=0]
t_wall=1785580999.576 t=4021236697 W CMD 0x48 [SET_CGRAM 0x08]
t_wall=1785580999.576 t=4021236756 W DAT 0x03 (CGRAM ref #3)
t_wall=1785580999.577 t=4021236794 W DAT 0x0E
t_wall=1785580999.580 t=4021240639 W DAT 0x0B
t_wall=1785580999.584 t=4021244457 W DAT 0x0B
t_wall=1785580999.586 t=4021247486 W DAT 0x0D
t_wall=1785580999.591 t=4021251336 W DAT 0x02 (CGRAM ref #2)
t_wall=1785580999.591 t=4021251374 W DAT 0x01 (CGRAM ref #1)
t_wall=1785580999.594 t=4021255236 W DAT 0x10
t_wall=1785580999.600 t=4021260738 W CMD 0x0C [DISP_CTRL disp=1 cur=0 blink=0]
t_wall=1785580999.602 t=4021263048 W CMD 0x68 [SET_CGRAM 0x28]
t_wall=1785580999.603 t=4021263107 W DAT 0x10
t_wall=1785580999.603 t=4021263160 W DAT 0x10
t_wall=1785580999.606 t=4021267009 W DAT 0x10
t_wall=1785580999.610 t=4021270871 W DAT 0x10
t_wall=1785580999.614 t=4021274686 W DAT 0x10
t_wall=1785580999.618 t=4021278527 W DAT 0x00 (CGRAM ref #0)
t_wall=1785580999.622 t=4021282373 W DAT 0x10
t_wall=1785580999.626 t=4021286235 W DAT 0x00 (CGRAM ref #0)
t_wall=1785580999.631 t=4021291696 W CMD 0x0C [DISP_CTRL disp=1 cur=0 blink=0]
t_wall=1785580999.789 t=4021449628 W CMD 0x68 [SET_CGRAM 0x28]
t_wall=1785580999.789 t=4021449686 W DAT 0x00 (CGRAM ref #0)
t_wall=1785580999.790 t=4021449725 W DAT 0x00 (CGRAM ref #0)
t_wall=1785580999.790 t=4021449777 W DAT 0x00 (CGRAM ref #0)
t_wall=1785580999.793 t=4021453622 W DAT 0x00 (CGRAM ref #0)
t_wall=1785580999.797 t=4021457472 W DAT 0x00 (CGRAM ref #0)
t_wall=1785580999.800 t=4021461303 W DAT 0x00 (CGRAM ref #0)
t_wall=1785580999.804 t=4021465120 W DAT 0x00 (CGRAM ref #0)
t_wall=1785580999.805 t=4021465158 W DAT 0x00 (CGRAM ref #0)
t_wall=1785580999.805 t=4021465362 W CMD 0x0C [DISP_CTRL disp=1 cur=0 blink=0]
t_wall=1785580999.811 t=4021472041 W CMD 0x48 [SET_CGRAM 0x08]
t_wall=1785580999.812 t=4021472128 W DAT 0x03 (CGRAM ref #3)
t_wall=1785580999.812 t=4021472166 W DAT 0x0E
t_wall=1785580999.815 t=4021475999 W DAT 0x0B
t_wall=1785580999.819 t=4021479815 W DAT 0x0B
t_wall=1785580999.823 t=4021483663 W DAT 0x0D
t_wall=1785580999.827 t=4021487510 W DAT 0x02 (CGRAM ref #2)
t_wall=1785580999.827 t=4021487548 W DAT 0x01 (CGRAM ref #1)
t_wall=1785580999.827 t=4021487586 W DAT 0x00 (CGRAM ref #0)
t_wall=1785580999.833 t=4021493927 W CMD 0x0C [DISP_CTRL disp=1 cur=0 blink=0]
t_wall=1785580999.998 t=4021659045 W CMD 0x68 [SET_CGRAM 0x28]
t_wall=1785580999.999 t=4021659103 W DAT 0x10
t_wall=1785580999.999 t=4021659156 W DAT 0x10
t_wall=1785581000.002 t=4021663005 W DAT 0x10
t_wall=1785581000.006 t=4021666869 W DAT 0x10
t_wall=1785581000.006 t=4021666908 W DAT 0x10
t_wall=1785581000.010 t=4021670723 W DAT 0x00 (CGRAM ref #0)
t_wall=1785581000.013 t=4021674540 W DAT 0x10
t_wall=1785581000.014 t=4021674578 W DAT 0x00 (CGRAM ref #0)
t_wall=1785581000.015 t=4021674781 W CMD 0x0C [DISP_CTRL disp=1 cur=0 blink=0]
t_wall=1785581000.211 t=4021871752 W CMD 0x68 [SET_CGRAM 0x28]
t_wall=1785581000.211 t=4021871811 W DAT 0x00 (CGRAM ref #0)
t_wall=1785581000.211 t=4021871864 W DAT 0x00 (CGRAM ref #0)
t_wall=1785581000.215 t=4021875679 W DAT 0x00 (CGRAM ref #0)
t_wall=1785581000.218 t=4021879523 W DAT 0x00 (CGRAM ref #0)
t_wall=1785581000.222 t=4021883373 W DAT 0x00 (CGRAM ref #0)
t_wall=1785581000.226 t=4021887205 W DAT 0x00 (CGRAM ref #0)
t_wall=1785581000.230 t=4021891023 W DAT 0x00 (CGRAM ref #0)
t_wall=1785581000.234 t=4021894870 W DAT 0x00 (CGRAM ref #0)
t_wall=1785581000.243 t=4021903990 W CMD 0x0C [DISP_CTRL disp=1 cur=0 blink=0]
t_wall=1785581000.410 t=4022071208 W CMD 0x68 [SET_CGRAM 0x28]
t_wall=1785581000.411 t=4022071339 W DAT 0x10
t_wall=1785581000.411 t=4022071377 W DAT 0x00 (CGRAM ref #0)
t_wall=1785581000.412 t=4022071430 W DAT 0x10
t_wall=1785581000.414 t=4022075207 W DAT 0x00 (CGRAM ref #0)
t_wall=1785581000.418 t=4022079067 W DAT 0x00 (CGRAM ref #0)
t_wall=1785581000.422 t=4022082884 W DAT 0x00 (CGRAM ref #0)
t_wall=1785581000.423 # ALIVE us=4022084029 ring_depth=0 drops=0
t_wall=1785581000.426 t=4022086702 W DAT 0x00 (CGRAM ref #0)
t_wall=1785581000.430 t=4022090549 W DAT 0x00 (CGRAM ref #0)
t_wall=1785581000.436 t=4022097092 W CMD 0x0C [DISP_CTRL disp=1 cur=0 blink=0]
t_wall=1785581000.616 t=4022276664 W CMD 0x68 [SET_CGRAM 0x28]
t_wall=1785581000.617 t=4022276723 W DAT 0x00 (CGRAM ref #0)
t_wall=1785581000.618 t=4022276775 W DAT 0x00 (CGRAM ref #0)
t_wall=1785581000.620 t=4022280625 W DAT 0x00 (CGRAM ref #0)
t_wall=1785581000.624 t=4022284457 W DAT 0x00 (CGRAM ref #0)
t_wall=1785581000.627 t=4022288274 W DAT 0x00 (CGRAM ref #0)
t_wall=1785581000.631 t=4022292141 W DAT 0x00 (CGRAM ref #0)
t_wall=1785581000.635 t=4022295989 W DAT 0x00 (CGRAM ref #0)
t_wall=1785581000.636 t=4022296027 W DAT 0x00 (CGRAM ref #0)
t_wall=1785581000.640 t=4022301144 W CMD 0x0C [DISP_CTRL disp=1 cur=0 blink=0]
t_wall=1785581000.821 t=4022481905 W CMD 0x68 [SET_CGRAM 0x28]
t_wall=1785581000.822 t=4022481964 W DAT 0x10
t_wall=1785581000.822 t=4022482017 W DAT 0x00 (CGRAM ref #0)
t_wall=1785581000.825 t=4022485864 W DAT 0x10
t_wall=1785581000.829 t=4022489697 W DAT 0x00 (CGRAM ref #0)
t_wall=1785581000.832 t=4022493565 W DAT 0x10
t_wall=1785581000.833 t=4022493603 W DAT 0x10
t_wall=1785581000.836 t=4022497421 W DAT 0x10
t_wall=1785581000.837 t=4022497459 W DAT 0x00 (CGRAM ref #0)
t_wall=1785581000.837 t=4022497639 W CMD 0x0C [DISP_CTRL disp=1 cur=0 blink=0]
t_wall=1785581000.844 t=4022505347 W CMD 0x48 [SET_CGRAM 0x08]
t_wall=1785581000.845 t=4022505405 W DAT 0x03 (CGRAM ref #3)
t_wall=1785581000.845 t=4022505443 W DAT 0x0E
t_wall=1785581000.848 t=4022509259 W DAT 0x0B
t_wall=1785581000.852 t=4022513075 W DAT 0x0B
t_wall=1785581000.856 t=4022516926 W DAT 0x0D
t_wall=1785581000.860 t=4022520785 W DAT 0x02 (CGRAM ref #2)
t_wall=1785581000.860 t=4022520823 W DAT 0x01 (CGRAM ref #1)
t_wall=1785581000.860 t=4022520862 W DAT 0x10
t_wall=1785581000.868 t=4022528620 W CMD 0x0C [DISP_CTRL disp=1 cur=0 blink=0]
t_wall=1785581001.128 t=4022788722 W CMD 0x68 [SET_CGRAM 0x28]
t_wall=1785581001.128 t=4022788781 W DAT 0x00 (CGRAM ref #0)
t_wall=1785581001.129 t=4022788834 W DAT 0x00 (CGRAM ref #0)
t_wall=1785581001.132 t=4022792652 W DAT 0x00 (CGRAM ref #0)
t_wall=1785581001.136 t=4022796495 W DAT 0x00 (CGRAM ref #0)
t_wall=1785581001.136 t=4022796533 W DAT 0x00 (CGRAM ref #0)
t_wall=1785581001.139 t=4022800383 W DAT 0x00 (CGRAM ref #0)
t_wall=1785581001.143 t=4022804216 W DAT 0x00 (CGRAM ref #0)
t_wall=1785581001.147 t=4022808032 W DAT 0x00 (CGRAM ref #0)
t_wall=1785581001.148 t=4022808211 W CMD 0x0C [DISP_CTRL disp=1 cur=0 blink=0]
t_wall=1785581001.155 t=4022815862 W CMD 0x48 [SET_CGRAM 0x08]
t_wall=1785581001.155 t=4022815920 W DAT 0x03 (CGRAM ref #3)
t_wall=1785581001.156 t=4022815958 W DAT 0x0E
t_wall=1785581001.156 t=4022816011 W DAT 0x0B
t_wall=1785581001.159 t=4022819846 W DAT 0x0B
t_wall=1785581001.163 t=4022823680 W DAT 0x0D
t_wall=1785581001.167 t=4022827525 W DAT 0x02 (CGRAM ref #2)
t_wall=1785581001.168 t=4022827563 W DAT 0x01 (CGRAM ref #1)
t_wall=1785581001.168 t=4022827602 W DAT 0x00 (CGRAM ref #0)
t_wall=1785581001.173 t=4022833031 W CMD 0x0C [DISP_CTRL disp=1 cur=0 blink=0]
t_wall=1785581001.260 t=4022920501 W CMD 0x68 [SET_CGRAM 0x28]
t_wall=1785581001.260 t=4022920560 W DAT 0x10
t_wall=1785581001.260 t=4022920613 W DAT 0x00 (CGRAM ref #0)
t_wall=1785581001.263 t=4022924428 W DAT 0x10
t_wall=1785581001.267 t=4022928276 W DAT 0x00 (CGRAM ref #0)
t_wall=1785581001.271 t=4022932112 W DAT 0x10
t_wall=1785581001.271 t=4022932150 W DAT 0x10
t_wall=1785581001.275 t=4022935994 W DAT 0x10
t_wall=1785581001.279 t=4022939812 W DAT 0x00 (CGRAM ref #0)
t_wall=1785581001.286 t=4022946562 W CMD 0x0C [DISP_CTRL disp=1 cur=0 blink=0]
t_wall=1785581001.542 t=4023202823 W CMD 0x68 [SET_CGRAM 0x28]
t_wall=1785581001.543 t=4023202882 W DAT 0x00 (CGRAM ref #0)
t_wall=1785581001.544 t=4023202934 W DAT 0x00 (CGRAM ref #0)
t_wall=1785581001.546 t=4023206751 W DAT 0x00 (CGRAM ref #0)
t_wall=1785581001.550 t=4023210598 W DAT 0x00 (CGRAM ref #0)
t_wall=1785581001.554 t=4023214445 W DAT 0x00 (CGRAM ref #0)
t_wall=1785581001.557 t=4023218279 W DAT 0x00 (CGRAM ref #0)
t_wall=1785581001.562 t=4023222097 W DAT 0x00 (CGRAM ref #0)
t_wall=1785581001.562 t=4023222136 W DAT 0x00 (CGRAM ref #0)
t_wall=1785581001.566 t=4023226359 W CMD 0x0C [DISP_CTRL disp=1 cur=0 blink=0]
t_wall=1785581001.748 t=4023408869 W CMD 0x68 [SET_CGRAM 0x28]
t_wall=1785581001.749 t=4023408950 W DAT 0x10
t_wall=1785581001.749 t=4023408988 W DAT 0x10
t_wall=1785581001.750 t=4023409040 W DAT 0x10
t_wall=1785581001.752 t=4023412860 W DAT 0x10
t_wall=1785581001.752 t=4023412898 W DAT 0x00 (CGRAM ref #0)
t_wall=1785581001.756 t=4023416715 W DAT 0x00 (CGRAM ref #0)
t_wall=1785581001.760 t=4023420565 W DAT 0x00 (CGRAM ref #0)
t_wall=1785581001.760 t=4023420603 W DAT 0x00 (CGRAM ref #0)
t_wall=1785581001.764 t=4023424700 W CMD 0x0C [DISP_CTRL disp=1 cur=0 blink=0]
t_wall=1785581001.766 t=4023427275 W CMD 0x48 [SET_CGRAM 0x08]
t_wall=1785581001.767 t=4023427334 W DAT 0x03 (CGRAM ref #3)
t_wall=1785581001.767 t=4023427372 W DAT 0x0E
t_wall=1785581001.767 t=4023427448 W DAT 0x0B
t_wall=1785581001.770 t=4023431263 W DAT 0x0B
t_wall=1785581001.774 t=4023435112 W DAT 0x0D
t_wall=1785581001.778 t=4023438976 W DAT 0x02 (CGRAM ref #2)
t_wall=1785581001.778 t=4023439014 W DAT 0x01 (CGRAM ref #1)
t_wall=1785581001.782 t=4023442829 W DAT 0x10
t_wall=1785581001.782 t=4023443009 W CMD 0x0C [DISP_CTRL disp=1 cur=0 blink=0]
t_wall=1785581001.956 t=4023617217 W CMD 0x48 [SET_CGRAM 0x08]
t_wall=1785581001.957 t=4023617275 W DAT 0x03 (CGRAM ref #3)
t_wall=1785581001.957 t=4023617314 W DAT 0x0E
t_wall=1785581001.958 t=4023617366 W DAT 0x0B
t_wall=1785581001.960 t=4023621212 W DAT 0x0B
t_wall=1785581001.964 t=4023625060 W DAT 0x0D
t_wall=1785581001.968 t=4023628893 W DAT 0x02 (CGRAM ref #2)
t_wall=1785581001.969 t=4023628932 W DAT 0x01 (CGRAM ref #1)
t_wall=1785581001.972 t=4023632749 W DAT 0x00 (CGRAM ref #0)
t_wall=1785581001.972 t=4023632929 W CMD 0x0C [DISP_CTRL disp=1 cur=0 blink=0]
t_wall=1785581001.979 t=4023639593 W CMD 0x68 [SET_CGRAM 0x28]
t_wall=1785581001.979 t=4023639681 W DAT 0x00 (CGRAM ref #0)
t_wall=1785581001.980 t=4023639734 W DAT 0x00 (CGRAM ref #0)
t_wall=1785581001.982 t=4023643565 W DAT 0x00 (CGRAM ref #0)
t_wall=1785581001.983 t=4023643604 W DAT 0x00 (CGRAM ref #0)
t_wall=1785581001.986 t=4023647421 W DAT 0x00 (CGRAM ref #0)
t_wall=1785581001.990 t=4023651268 W DAT 0x00 (CGRAM ref #0)
t_wall=1785581001.991 t=4023651306 W DAT 0x00 (CGRAM ref #0)
t_wall=1785581001.994 t=4023655153 W DAT 0x00 (CGRAM ref #0)
t_wall=1785581001.995 t=4023655356 W CMD 0x0C [DISP_CTRL disp=1 cur=0 blink=0]
t_wall=1785581002.171 t=4023832208 W CMD 0x68 [SET_CGRAM 0x28]
t_wall=1785581002.172 t=4023832267 W DAT 0x10
t_wall=1785581002.172 t=4023832319 W DAT 0x10
t_wall=1785581002.175 t=4023836181 W DAT 0x10
t_wall=1785581002.175 t=4023836219 W DAT 0x10
t_wall=1785581002.179 t=4023840038 W DAT 0x00 (CGRAM ref #0)
t_wall=1785581002.183 t=4023843853 W DAT 0x00 (CGRAM ref #0)
t_wall=1785581002.183 t=4023843892 W DAT 0x00 (CGRAM ref #0)
t_wall=1785581002.187 t=4023847740 W DAT 0x00 (CGRAM ref #0)
t_wall=1785581002.187 t=4023847920 W CMD 0x0C [DISP_CTRL disp=1 cur=0 blink=0]
t_wall=1785581002.423 # ALIVE us=4024084070 ring_depth=0 drops=0
t_wall=1785581002.471 t=4024132285 W CMD 0x68 [SET_CGRAM 0x28]
t_wall=1785581002.472 t=4024132344 W DAT 0x00 (CGRAM ref #0)
t_wall=1785581002.472 t=4024132397 W DAT 0x00 (CGRAM ref #0)
t_wall=1785581002.475 t=4024136228 W DAT 0x00 (CGRAM ref #0)
t_wall=1785581002.479 t=4024140074 W DAT 0x00 (CGRAM ref #0)
t_wall=1785581002.483 t=4024143893 W DAT 0x00 (CGRAM ref #0)
t_wall=1785581002.487 t=4024147740 W DAT 0x00 (CGRAM ref #0)
t_wall=1785581002.487 t=4024147778 W DAT 0x00 (CGRAM ref #0)
t_wall=1785581002.488 t=4024147838 W DAT 0x00 (CGRAM ref #0)
t_wall=1785581002.495 t=4024156363 W CMD 0x0C [DISP_CTRL disp=1 cur=0 blink=0]
t_wall=1785581002.596 t=4024257267 W CMD 0x68 [SET_CGRAM 0x28]
t_wall=1785581002.597 t=4024257326 W DAT 0x00 (CGRAM ref #0)
t_wall=1785581002.598 t=4024257378 W DAT 0x10
t_wall=1785581002.600 t=4024261211 W DAT 0x10
t_wall=1785581002.604 t=4024265058 W DAT 0x10
t_wall=1785581002.604 t=4024265096 W DAT 0x00 (CGRAM ref #0)
t_wall=1785581002.608 t=4024268953 W DAT 0x00 (CGRAM ref #0)
t_wall=1785581002.609 t=4024268991 W DAT 0x00 (CGRAM ref #0)
t_wall=1785581002.612 t=4024272841 W DAT 0x00 (CGRAM ref #0)
t_wall=1785581002.618 t=4024278276 W CMD 0x0C [DISP_CTRL disp=1 cur=0 blink=0]
t_wall=1785581002.876 t=4024535740 W CMD 0x68 [SET_CGRAM 0x28]
t_wall=1785581002.878 t=4024535798 W DAT 0x00 (CGRAM ref #0)
t_wall=1785581002.879 t=4024535851 W DAT 0x00 (CGRAM ref #0)
t_wall=1785581002.880 t=4024539695 W DAT 0x00 (CGRAM ref #0)
t_wall=1785581002.884 t=4024543544 W DAT 0x00 (CGRAM ref #0)
t_wall=1785581002.887 t=4024547379 W DAT 0x00 (CGRAM ref #0)
t_wall=1785581002.891 t=4024551212 W DAT 0x00 (CGRAM ref #0)
t_wall=1785581002.892 t=4024551250 W DAT 0x00 (CGRAM ref #0)
t_wall=1785581002.895 t=4024555094 W DAT 0x00 (CGRAM ref #0)
t_wall=1785581002.902 t=4024561888 W CMD 0x0C [DISP_CTRL disp=1 cur=0 blink=0]
t_wall=1785581003.080 t=4024741245 W CMD 0x68 [SET_CGRAM 0x28]
t_wall=1785581003.081 t=4024741303 W DAT 0x00 (CGRAM ref #0)
t_wall=1785581003.081 t=4024741356 W DAT 0x10
t_wall=1785581003.084 t=4024745172 W DAT 0x10
t_wall=1785581003.088 t=4024749020 W DAT 0x10
t_wall=1785581003.092 t=4024752883 W DAT 0x00 (CGRAM ref #0)
t_wall=1785581003.095 t=4024756698 W DAT 0x00 (CGRAM ref #0)
t_wall=1785581003.100 t=4024760515 W DAT 0x00 (CGRAM ref #0)
t_wall=1785581003.103 t=4024764364 W DAT 0x00 (CGRAM ref #0)
t_wall=1785581003.111 t=4024772207 W CMD 0x48 [SET_CGRAM 0x08]
t_wall=1785581003.112 t=4024772266 W DAT 0x03 (CGRAM ref #3)
t_wall=1785581003.112 t=4024772304 W DAT 0x0E
t_wall=1785581003.115 t=4024776120 W DAT 0x0B
t_wall=1785581003.119 t=4024779991 W DAT 0x0B
t_wall=1785581003.123 t=4024783854 W DAT 0x0D
t_wall=1785581003.127 t=4024787673 W DAT 0x02 (CGRAM ref #2)
t_wall=1785581003.127 t=4024787711 W DAT 0x11
t_wall=1785581003.130 t=4024791527 W DAT 0x10
t_wall=1785581003.131 t=4024791707 W CMD 0x0C [DISP_CTRL disp=1 cur=0 blink=0]
t_wall=1785581003.294 t=4024954859 W CMD 0x48 [SET_CGRAM 0x08]
t_wall=1785581003.294 t=4024954917 W DAT 0x03 (CGRAM ref #3)
t_wall=1785581003.294 t=4024954956 W DAT 0x0E
t_wall=1785581003.297 t=4024958787 W DAT 0x0B
t_wall=1785581003.302 t=4024962628 W DAT 0x0B
t_wall=1785581003.305 t=4024966472 W DAT 0x0D
t_wall=1785581003.309 t=4024970320 W DAT 0x02 (CGRAM ref #2)
t_wall=1785581003.310 t=4024970358 W DAT 0x01 (CGRAM ref #1)
t_wall=1785581003.313 t=4024974193 W DAT 0x00 (CGRAM ref #0)
t_wall=1785581003.321 t=4024982167 W CMD 0x68 [SET_CGRAM 0x28]
t_wall=1785581003.322 t=4024982225 W DAT 0x00 (CGRAM ref #0)
t_wall=1785581003.322 t=4024982278 W DAT 0x00 (CGRAM ref #0)
t_wall=1785581003.325 t=4024986126 W DAT 0x00 (CGRAM ref #0)
t_wall=1785581003.329 t=4024989960 W DAT 0x00 (CGRAM ref #0)
t_wall=1785581003.333 t=4024993775 W DAT 0x00 (CGRAM ref #0)
t_wall=1785581003.336 t=4024997620 W DAT 0x00 (CGRAM ref #0)
t_wall=1785581003.340 t=4025001470 W DAT 0x00 (CGRAM ref #0)
t_wall=1785581003.344 t=4025005302 W DAT 0x00 (CGRAM ref #0)
t_wall=1785581003.351 t=4025011529 W CMD 0x0C [DISP_CTRL disp=1 cur=0 blink=0]
t_wall=1785581004.352 # NOTE [recorder] connected /dev/ttyACM0
t_wall=1785581004.423 # ALIVE us=4026084117 ring_depth=0 drops=0
t_wall=1785581004.793 t=4026454502 W CMD 0x68 [SET_CGRAM 0x28]
t_wall=1785581004.793 t=4026454560 W DAT 0x00 (CGRAM ref #0)
t_wall=1785581004.794 t=4026454613 W DAT 0x10
t_wall=1785581004.797 t=4026458463 W DAT 0x10
t_wall=1785581004.801 t=4026462324 W DAT 0x10
t_wall=1785581004.801 t=4026462362 W DAT 0x00 (CGRAM ref #0)
t_wall=1785581004.805 t=4026466179 W DAT 0x00 (CGRAM ref #0)
t_wall=1785581004.809 t=4026469997 W DAT 0x00 (CGRAM ref #0)
t_wall=1785581004.809 t=4026470035 W DAT 0x00 (CGRAM ref #0)
t_wall=1785581004.813 t=4026474036 W CMD 0x0C [DISP_CTRL disp=1 cur=0 blink=0]
t_wall=1785581004.815 t=4026476604 W CMD 0x48 [SET_CGRAM 0x08]
t_wall=1785581004.815 t=4026476663 W DAT 0x03 (CGRAM ref #3)
t_wall=1785581004.816 t=4026476702 W DAT 0x0E
t_wall=1785581004.819 t=4026480561 W DAT 0x0B
t_wall=1785581004.823 t=4026484377 W DAT 0x0B
t_wall=1785581004.825 t=4026486763 W DAT 0x0D
t_wall=1785581004.830 t=4026490611 W DAT 0x02 (CGRAM ref #2)
t_wall=1785581004.830 t=4026490649 W DAT 0x11
t_wall=1785581004.833 t=4026494511 W DAT 0x10
t_wall=1785581004.844 t=4026504786 W CMD 0x0C [DISP_CTRL disp=1 cur=0 blink=0]
t_wall=1785581004.996 t=4026657645 W CMD 0x48 [SET_CGRAM 0x08]
t_wall=1785581004.997 t=4026657733 W DAT 0x03 (CGRAM ref #3)
t_wall=1785581004.997 t=4026657771 W DAT 0x0E
t_wall=1785581005.000 t=4026661616 W DAT 0x0B
t_wall=1785581005.004 t=4026665464 W DAT 0x0B
t_wall=1785581005.008 t=4026669298 W DAT 0x0D
t_wall=1785581005.012 t=4026673113 W DAT 0x02 (CGRAM ref #2)
t_wall=1785581005.013 t=4026673152 W DAT 0x01 (CGRAM ref #1)
t_wall=1785581005.013 t=4026673190 W DAT 0x00 (CGRAM ref #0)
t_wall=1785581005.016 t=4026677238 W CMD 0x0C [DISP_CTRL disp=1 cur=0 blink=0]
t_wall=1785581005.019 t=4026679808 W CMD 0x68 [SET_CGRAM 0x28]
t_wall=1785581005.019 t=4026679866 W DAT 0x00 (CGRAM ref #0)
t_wall=1785581005.019 t=4026679919 W DAT 0x00 (CGRAM ref #0)
t_wall=1785581005.023 t=4026683753 W DAT 0x00 (CGRAM ref #0)
t_wall=1785581005.026 t=4026687570 W DAT 0x00 (CGRAM ref #0)
t_wall=1785581005.030 t=4026691414 W DAT 0x00 (CGRAM ref #0)
t_wall=1785581005.034 t=4026695263 W DAT 0x00 (CGRAM ref #0)
t_wall=1785581005.035 t=4026695302 W DAT 0x00 (CGRAM ref #0)
t_wall=1785581005.038 t=4026699136 W DAT 0x00 (CGRAM ref #0)
t_wall=1785581005.044 t=4026704567 W CMD 0x0C [DISP_CTRL disp=1 cur=0 blink=0]
t_wall=1785581005.235 t=4026896184 W CMD 0x68 [SET_CGRAM 0x28]
t_wall=1785581005.235 t=4026896242 W DAT 0x10
t_wall=1785581005.235 t=4026896294 W DAT 0x10
t_wall=1785581005.239 t=4026900132 W DAT 0x10
t_wall=1785581005.239 t=4026900170 W DAT 0x10
t_wall=1785581005.243 t=4026904020 W DAT 0x00 (CGRAM ref #0)
t_wall=1785581005.247 t=4026907879 W DAT 0x00 (CGRAM ref #0)
t_wall=1785581005.247 t=4026907917 W DAT 0x00 (CGRAM ref #0)
t_wall=1785581005.250 t=4026911735 W DAT 0x00 (CGRAM ref #0)
t_wall=1785581005.251 t=4026911915 W CMD 0x0C [DISP_CTRL disp=1 cur=0 blink=0]
t_wall=1785581005.257 t=4026918310 W CMD 0x48 [SET_CGRAM 0x08]
t_wall=1785581005.257 t=4026918368 W DAT 0x03 (CGRAM ref #3)
t_wall=1785581005.257 t=4026918407 W DAT 0x0E
t_wall=1785581005.257 t=4026918460 W DAT 0x0B
t_wall=1785581005.261 t=4026922322 W DAT 0x0B
t_wall=1785581005.265 t=4026926137 W DAT 0x0D
t_wall=1785581005.269 t=4026929954 W DAT 0x02 (CGRAM ref #2)
t_wall=1785581005.269 t=4026929993 W DAT 0x01 (CGRAM ref #1)
t_wall=1785581005.269 t=4026930031 W DAT 0x10
t_wall=1785581005.274 t=4026935391 W CMD 0x0C [DISP_CTRL disp=1 cur=0 blink=0]
t_wall=1785581005.421 t=4027082045 W CMD 0x48 [SET_CGRAM 0x08]
t_wall=1785581005.421 t=4027082104 W DAT 0x03 (CGRAM ref #3)
t_wall=1785581005.422 t=4027082142 W DAT 0x0E
t_wall=1785581005.425 t=4027085958 W DAT 0x0B
t_wall=1785581005.429 t=4027089805 W DAT 0x0B
t_wall=1785581005.432 t=4027093653 W DAT 0x0D
t_wall=1785581005.436 t=4027097487 W DAT 0x02 (CGRAM ref #2)
t_wall=1785581005.437 t=4027097525 W DAT 0x01 (CGRAM ref #1)
t_wall=1785581005.440 t=4027101343 W DAT 0x00 (CGRAM ref #0)
t_wall=1785581005.447 t=4027108300 W CMD 0x68 [SET_CGRAM 0x28]
t_wall=1785581005.448 t=4027108359 W DAT 0x00 (CGRAM ref #0)
t_wall=1785581005.448 t=4027108412 W DAT 0x00 (CGRAM ref #0)
t_wall=1785581005.451 t=4027112244 W DAT 0x00 (CGRAM ref #0)
t_wall=1785581005.455 t=4027116060 W DAT 0x00 (CGRAM ref #0)
t_wall=1785581005.459 t=4027119906 W DAT 0x00 (CGRAM ref #0)
t_wall=1785581005.463 t=4027123754 W DAT 0x00 (CGRAM ref #0)
t_wall=1785581005.467 t=4027127587 W DAT 0x00 (CGRAM ref #0)
t_wall=1785581005.467 t=4027127625 W DAT 0x00 (CGRAM ref #0)
t_wall=1785581005.472 t=4027132932 W CMD 0x0C [DISP_CTRL disp=1 cur=0 blink=0]
t_wall=1785581005.736 t=4027396742 W CMD 0x48 [SET_CGRAM 0x08]
t_wall=1785581005.736 t=4027396823 W DAT 0x03 (CGRAM ref #3)
t_wall=1785581005.737 t=4027396861 W DAT 0x0E
t_wall=1785581005.737 t=4027396913 W DAT 0x0B
t_wall=1785581005.739 t=4027400732 W DAT 0x0B
t_wall=1785581005.743 t=4027404548 W DAT 0x0D
t_wall=1785581005.747 t=4027408397 W DAT 0x02 (CGRAM ref #2)
t_wall=1785581005.747 t=4027408435 W DAT 0x01 (CGRAM ref #1)
t_wall=1785581005.751 t=4027412298 W DAT 0x10
t_wall=1785581005.757 t=4027417657 W CMD 0x0C [DISP_CTRL disp=1 cur=0 blink=0]
t_wall=1785581005.759 t=4027420081 W CMD 0x68 [SET_CGRAM 0x28]
t_wall=1785581005.760 t=4027420140 W DAT 0x10
t_wall=1785581005.760 t=4027420193 W DAT 0x00 (CGRAM ref #0)
t_wall=1785581005.763 t=4027424042 W DAT 0x10
t_wall=1785581005.767 t=4027427905 W DAT 0x00 (CGRAM ref #0)
t_wall=1785581005.767 t=4027427943 W DAT 0x10
t_wall=1785581005.770 t=4027431777 W DAT 0x10
t_wall=1785581005.774 t=4027435594 W DAT 0x10
t_wall=1785581005.778 t=4027439444 W DAT 0x00 (CGRAM ref #0)
t_wall=1785581005.791 t=4027451345 W CMD 0x0C [DISP_CTRL disp=1 cur=0 blink=0]
t_wall=1785581005.947 t=4027607927 W CMD 0x48 [SET_CGRAM 0x08]
t_wall=1785581005.948 t=4027607986 W DAT 0x03 (CGRAM ref #3)
t_wall=1785581005.948 t=4027608024 W DAT 0x0E
t_wall=1785581005.950 t=4027611841 W DAT 0x0B
t_wall=1785581005.954 t=4027615691 W DAT 0x0B
t_wall=1785581005.956 t=4027617227 W DAT 0x0D
t_wall=1785581005.960 t=4027621045 W DAT 0x02 (CGRAM ref #2)
t_wall=1785581005.960 t=4027621083 W DAT 0x01 (CGRAM ref #1)
t_wall=1785581005.964 t=4027624930 W DAT 0x00 (CGRAM ref #0)
t_wall=1785581005.970 t=4027631460 W CMD 0x68 [SET_CGRAM 0x28]
t_wall=1785581005.971 t=4027631518 W DAT 0x00 (CGRAM ref #0)
t_wall=1785581005.972 t=4027631571 W DAT 0x00 (CGRAM ref #0)
t_wall=1785581005.974 t=4027635402 W DAT 0x00 (CGRAM ref #0)
t_wall=1785581005.978 t=4027639247 W DAT 0x00 (CGRAM ref #0)
t_wall=1785581005.978 t=4027639285 W DAT 0x00 (CGRAM ref #0)
t_wall=1785581005.982 t=4027643124 W DAT 0x00 (CGRAM ref #0)
t_wall=1785581005.986 t=4027646973 W DAT 0x00 (CGRAM ref #0)
t_wall=1785581005.990 t=4027650808 W DAT 0x00 (CGRAM ref #0)
t_wall=1785581005.990 t=4027650987 W CMD 0x0C [DISP_CTRL disp=1 cur=0 blink=0]
t_wall=1785581006.260 t=4027918801 W CMD 0x48 [SET_CGRAM 0x08]
t_wall=1785581006.261 t=4027918860 W DAT 0x03 (CGRAM ref #3)
t_wall=1785581006.263 t=4027918898 W DAT 0x0E
t_wall=1785581006.264 t=4027922717 W DAT 0x0B
t_wall=1785581006.266 t=4027926532 W DAT 0x0B
t_wall=1785581006.270 t=4027930432 W DAT 0x0D
t_wall=1785581006.274 t=4027934264 W DAT 0x02 (CGRAM ref #2)
t_wall=1785581006.275 t=4027934302 W DAT 0x01 (CGRAM ref #1)
t_wall=1785581006.277 t=4027938118 W DAT 0x10
t_wall=1785581006.279 t=4027938299 W CMD 0x0C [DISP_CTRL disp=1 cur=0 blink=0]
t_wall=1785581006.285 t=4027945996 W CMD 0x68 [SET_CGRAM 0x28]
t_wall=1785581006.286 t=4027946055 W DAT 0x10
t_wall=1785581006.286 t=4027946108 W DAT 0x10
t_wall=1785581006.289 t=4027949938 W DAT 0x10
t_wall=1785581006.293 t=4027953755 W DAT 0x10
t_wall=1785581006.296 t=4027957574 W DAT 0x10
t_wall=1785581006.301 t=4027961449 W DAT 0x00 (CGRAM ref #0)
t_wall=1785581006.304 t=4027965282 W DAT 0x10
t_wall=1785581006.308 t=4027969121 W DAT 0x00 (CGRAM ref #0)
t_wall=1785581006.315 t=4027975573 W CMD 0x0C [DISP_CTRL disp=1 cur=0 blink=0]
t_wall=1785581006.423 # ALIVE us=4028084170 ring_depth=0 drops=0
t_wall=1785581006.566 t=4028226556 W CMD 0x48 [SET_CGRAM 0x08]
t_wall=1785581006.567 t=4028226615 W DAT 0x03 (CGRAM ref #3)
t_wall=1785581006.567 t=4028226653 W DAT 0x0E
t_wall=1785581006.568 t=4028229360 W DAT 0x0B
t_wall=1785581006.572 t=4028233211 W DAT 0x0B
t_wall=1785581006.576 t=4028237071 W DAT 0x0D
t_wall=1785581006.580 t=4028240888 W DAT 0x02 (CGRAM ref #2)
t_wall=1785581006.580 t=4028240926 W DAT 0x01 (CGRAM ref #1)
t_wall=1785581006.581 t=4028240964 W DAT 0x00 (CGRAM ref #0)
t_wall=1785581006.584 t=4028245345 W CMD 0x0C [DISP_CTRL disp=1 cur=0 blink=0]
t_wall=1785581006.590 t=4028247938 W CMD 0x68 [SET_CGRAM 0x28]
t_wall=1785581006.594 t=4028247996 W DAT 0x00 (CGRAM ref #0)
t_wall=1785581006.597 t=4028248049 W DAT 0x00 (CGRAM ref #0)
t_wall=1785581006.603 t=4028251911 W DAT 0x00 (CGRAM ref #0)
t_wall=1785581006.606 t=4028255728 W DAT 0x00 (CGRAM ref #0)
t_wall=1785581006.610 t=4028259545 W DAT 0x00 (CGRAM ref #0)
t_wall=1785581006.613 t=4028263395 W DAT 0x00 (CGRAM ref #0)
t_wall=1785581006.616 t=4028267254 W DAT 0x00 (CGRAM ref #0)
t_wall=1785581006.620 t=4028271071 W DAT 0x00 (CGRAM ref #0)
t_wall=1785581006.625 t=4028271275 W CMD 0x0C [DISP_CTRL disp=1 cur=0 blink=0]
t_wall=1785581006.778 t=4028439434 W CMD 0x48 [SET_CGRAM 0x08]
t_wall=1785581006.779 t=4028439493 W DAT 0x03 (CGRAM ref #3)
t_wall=1785581006.779 t=4028439531 W DAT 0x0E
t_wall=1785581006.779 t=4028439584 W DAT 0x0B
t_wall=1785581006.782 t=4028443416 W DAT 0x0B
t_wall=1785581006.785 t=4028446752 W DAT 0x0D
t_wall=1785581006.790 t=4028450595 W DAT 0x02 (CGRAM ref #2)
t_wall=1785581006.790 t=4028450633 W DAT 0x01 (CGRAM ref #1)
t_wall=1785581006.793 t=4028454482 W DAT 0x10
t_wall=1785581006.794 t=4028454663 W CMD 0x0C [DISP_CTRL disp=1 cur=0 blink=0]
t_wall=1785581006.800 t=4028460883 W CMD 0x68 [SET_CGRAM 0x28]
t_wall=1785581006.800 t=4028460941 W DAT 0x00 (CGRAM ref #0)
t_wall=1785581006.800 t=4028460994 W DAT 0x10
t_wall=1785581006.803 t=4028464840 W DAT 0x10
t_wall=1785581006.807 t=4028468686 W DAT 0x10
t_wall=1785581006.811 t=4028472520 W DAT 0x10
t_wall=1785581006.811 t=4028472558 W DAT 0x10
t_wall=1785581006.815 t=4028476396 W DAT 0x10
t_wall=1785581006.819 t=4028480240 W DAT 0x00 (CGRAM ref #0)
t_wall=1785581006.826 t=4028486849 W CMD 0x0C [DISP_CTRL disp=1 cur=0 blink=0]
t_wall=1785581007.088 t=4028749242 W CMD 0x48 [SET_CGRAM 0x08]
t_wall=1785581007.088 t=4028749300 W DAT 0x03 (CGRAM ref #3)
t_wall=1785581007.088 t=4028749360 W DAT 0x0E
t_wall=1785581007.088 t=4028749413 W DAT 0x0B
t_wall=1785581007.092 t=4028753263 W DAT 0x0B
t_wall=1785581007.096 t=4028757122 W DAT 0x0D
t_wall=1785581007.100 t=4028760939 W DAT 0x02 (CGRAM ref #2)
t_wall=1785581007.101 t=4028760977 W DAT 0x01 (CGRAM ref #1)
t_wall=1785581007.104 t=4028764796 W DAT 0x00 (CGRAM ref #0)
t_wall=1785581007.105 t=4028764976 W CMD 0x0C [DISP_CTRL disp=1 cur=0 blink=0]
t_wall=1785581007.112 t=4028772962 W CMD 0x68 [SET_CGRAM 0x28]
t_wall=1785581007.113 t=4028773020 W DAT 0x00 (CGRAM ref #0)
t_wall=1785581007.113 t=4028773073 W DAT 0x00 (CGRAM ref #0)
t_wall=1785581007.116 t=4028776890 W DAT 0x00 (CGRAM ref #0)
t_wall=1785581007.120 t=4028780709 W DAT 0x00 (CGRAM ref #0)
t_wall=1785581007.123 t=4028784583 W DAT 0x00 (CGRAM ref #0)
t_wall=1785581007.127 t=4028788358 W DAT 0x00 (CGRAM ref #0)
t_wall=1785581007.131 t=4028792194 W DAT 0x00 (CGRAM ref #0)
t_wall=1785581007.135 t=4028796009 W DAT 0x00 (CGRAM ref #0)
t_wall=1785581007.135 t=4028796189 W CMD 0x0C [DISP_CTRL disp=1 cur=0 blink=0]
t_wall=1785581007.401 t=4029061699 W CMD 0x48 [SET_CGRAM 0x08]
t_wall=1785581007.402 t=4029061787 W DAT 0x03 (CGRAM ref #3)
t_wall=1785581007.402 t=4029061825 W DAT 0x0E
t_wall=1785581007.402 t=4029063628 W DAT 0x0B
t_wall=1785581007.406 t=4029067444 W DAT 0x0B
t_wall=1785581007.410 t=4029071317 W DAT 0x0D
t_wall=1785581007.414 t=4029075177 W DAT 0x02 (CGRAM ref #2)
t_wall=1785581007.414 t=4029075215 W DAT 0x11
t_wall=1785581007.414 t=4029075253 W DAT 0x10
t_wall=1785581007.422 t=4029082929 W CMD 0x68 [SET_CGRAM 0x28]
t_wall=1785581007.422 t=4029082988 W DAT 0x00 (CGRAM ref #0)
t_wall=1785581007.422 t=4029083041 W DAT 0x10
t_wall=1785581007.425 t=4029086891 W DAT 0x10
t_wall=1785581007.429 t=4029090751 W DAT 0x10
t_wall=1785581007.433 t=4029094566 W DAT 0x00 (CGRAM ref #0)
t_wall=1785581007.437 t=4029098386 W DAT 0x00 (CGRAM ref #0)
t_wall=1785581007.441 t=4029102233 W DAT 0x00 (CGRAM ref #0)
t_wall=1785581007.442 t=4029102271 W DAT 0x00 (CGRAM ref #0)
t_wall=1785581007.445 t=4029106319 W CMD 0x0C [DISP_CTRL disp=1 cur=0 blink=0]
t_wall=1785581007.609 t=4029270330 W CMD 0x48 [SET_CGRAM 0x08]
t_wall=1785581007.610 t=4029270388 W DAT 0x03 (CGRAM ref #3)
t_wall=1785581007.610 t=4029270427 W DAT 0x0E
t_wall=1785581007.613 t=4029274273 W DAT 0x0B
t_wall=1785581007.617 t=4029278120 W DAT 0x0B
t_wall=1785581007.621 t=4029281953 W DAT 0x0D
t_wall=1785581007.624 t=4029285771 W DAT 0x02 (CGRAM ref #2)
t_wall=1785581007.625 t=4029285809 W DAT 0x01 (CGRAM ref #1)
t_wall=1785581007.628 t=4029289654 W DAT 0x00 (CGRAM ref #0)
t_wall=1785581007.636 t=4029297649 W CMD 0x68 [SET_CGRAM 0x28]
t_wall=1785581007.637 t=4029297707 W DAT 0x00 (CGRAM ref #0)
t_wall=1785581007.637 t=4029297760 W DAT 0x00 (CGRAM ref #0)
t_wall=1785581007.640 t=4029301577 W DAT 0x00 (CGRAM ref #0)
t_wall=1785581007.644 t=4029305422 W DAT 0x00 (CGRAM ref #0)
t_wall=1785581007.648 t=4029309269 W DAT 0x00 (CGRAM ref #0)
t_wall=1785581007.652 t=4029313105 W DAT 0x00 (CGRAM ref #0)
t_wall=1785581007.652 t=4029313143 W DAT 0x00 (CGRAM ref #0)
t_wall=1785581007.656 t=4029316958 W DAT 0x00 (CGRAM ref #0)
t_wall=1785581007.661 t=4029322224 W CMD 0x0C [DISP_CTRL disp=1 cur=0 blink=0]
t_wall=1785581007.939 t=4029599909 W CMD 0x68 [SET_CGRAM 0x28]
t_wall=1785581007.939 t=4029599967 W DAT 0x10
t_wall=1785581007.939 t=4029600020 W DAT 0x10
t_wall=1785581007.942 t=4029603838 W DAT 0x10
t_wall=1785581007.946 t=4029607614 W DAT 0x10
t_wall=1785581007.950 t=4029611489 W DAT 0x00 (CGRAM ref #0)
t_wall=1785581007.954 t=4029615321 W DAT 0x00 (CGRAM ref #0)
t_wall=1785581007.955 t=4029615360 W DAT 0x00 (CGRAM ref #0)
t_wall=1785581007.958 t=4029619178 W DAT 0x00 (CGRAM ref #0)
t_wall=1785581007.964 t=4029624678 W CMD 0x0C [DISP_CTRL disp=1 cur=0 blink=0]
t_wall=1785581007.965 t=4029625959 W CMD 0x48 [SET_CGRAM 0x08]
t_wall=1785581007.965 t=4029626017 W DAT 0x03 (CGRAM ref #3)
t_wall=1785581007.965 t=4029626056 W DAT 0x0E
t_wall=1785581007.968 t=4029629912 W DAT 0x0B
t_wall=1785581007.972 t=4029633728 W DAT 0x0B
t_wall=1785581007.976 t=4029637545 W DAT 0x0D
t_wall=1785581007.980 t=4029641424 W DAT 0x02 (CGRAM ref #2)
t_wall=1785581007.981 t=4029641462 W DAT 0x01 (CGRAM ref #1)
t_wall=1785581007.984 t=4029645293 W DAT 0x10
t_wall=1785581007.985 t=4029645473 W CMD 0x0C [DISP_CTRL disp=1 cur=0 blink=0]
t_wall=1785581008.330 t=4029990707 W CMD 0x68 [SET_CGRAM 0x28]
t_wall=1785581008.330 t=4029990765 W DAT 0x00 (CGRAM ref #0)
t_wall=1785581008.331 t=4029990817 W DAT 0x00 (CGRAM ref #0)
t_wall=1785581008.333 t=4029994679 W DAT 0x00 (CGRAM ref #0)
t_wall=1785581008.337 t=4029998498 W DAT 0x00 (CGRAM ref #0)
t_wall=1785581008.341 t=4030002313 W DAT 0x00 (CGRAM ref #0)
t_wall=1785581008.345 t=4030006161 W DAT 0x00 (CGRAM ref #0)
t_wall=1785581008.349 t=4030010024 W DAT 0x00 (CGRAM ref #0)
t_wall=1785581008.352 t=4030013838 W DAT 0x00 (CGRAM ref #0)
t_wall=1785581008.360 t=4030020729 W CMD 0x0C [DISP_CTRL disp=1 cur=0 blink=0]
t_wall=1785581008.361 t=4030022034 W CMD 0x48 [SET_CGRAM 0x08]
t_wall=1785581008.361 t=4030022093 W DAT 0x03 (CGRAM ref #3)
t_wall=1785581008.361 t=4030022131 W DAT 0x0E
t_wall=1785581008.363 t=4030024971 W DAT 0x0B
t_wall=1785581008.367 t=4030028786 W DAT 0x0B
t_wall=1785581008.368 t=4030030075 W DAT 0x0D
t_wall=1785581008.372 t=4030033893 W DAT 0x02 (CGRAM ref #2)
t_wall=1785581008.373 t=4030033931 W DAT 0x01 (CGRAM ref #1)
t_wall=1785581008.376 t=4030037806 W DAT 0x00 (CGRAM ref #0)
t_wall=1785581008.377 t=4030037986 W CMD 0x0C [DISP_CTRL disp=1 cur=0 blink=0]
t_wall=1785581008.423 # ALIVE us=4030084216 ring_depth=0 drops=0
t_wall=1785581008.642 t=4030302982 W CMD 0x68 [SET_CGRAM 0x28]
t_wall=1785581008.642 t=4030303062 W DAT 0x10
t_wall=1785581008.642 t=4030303100 W DAT 0x00 (CGRAM ref #0)
t_wall=1785581008.643 t=4030303138 W DAT 0x10
t_wall=1785581008.646 t=4030306988 W DAT 0x00 (CGRAM ref #0)
t_wall=1785581008.646 t=4030307026 W DAT 0x10
t_wall=1785581008.649 t=4030310859 W DAT 0x10
t_wall=1785581008.650 t=4030310897 W DAT 0x10
t_wall=1785581008.653 t=4030314742 W DAT 0x00 (CGRAM ref #0)
t_wall=1785581008.660 t=4030321335 W CMD 0x48 [SET_CGRAM 0x08]
t_wall=1785581008.660 t=4030321394 W DAT 0x03 (CGRAM ref #3)
t_wall=1785581008.661 t=4030321432 W DAT 0x0E
t_wall=1785581008.664 t=4030325266 W DAT 0x0B
t_wall=1785581008.668 t=4030329110 W DAT 0x0B
t_wall=1785581008.671 t=4030332927 W DAT 0x0D
t_wall=1785581008.675 t=4030336777 W DAT 0x02 (CGRAM ref #2)
t_wall=1785581008.676 t=4030336815 W DAT 0x01 (CGRAM ref #1)
t_wall=1785581008.679 t=4030340648 W DAT 0x10
t_wall=1785581008.680 t=4030340828 W CMD 0x0C [DISP_CTRL disp=1 cur=0 blink=0]
t_wall=1785581009.053 t=4030713459 W CMD 0x48 [SET_CGRAM 0x08]
t_wall=1785581009.053 t=4030713541 W DAT 0x03 (CGRAM ref #3)
t_wall=1785581009.053 t=4030713579 W DAT 0x0E
t_wall=1785581009.053 t=4030713632 W DAT 0x0B
t_wall=1785581009.056 t=4030717480 W DAT 0x0B
t_wall=1785581009.060 t=4030721314 W DAT 0x0D
t_wall=1785581009.064 t=4030725160 W DAT 0x02 (CGRAM ref #2)
t_wall=1785581009.064 t=4030725198 W DAT 0x01 (CGRAM ref #1)
t_wall=1785581009.068 t=4030729014 W DAT 0x00 (CGRAM ref #0)
t_wall=1785581009.076 t=4030737136 W CMD 0x68 [SET_CGRAM 0x28]
t_wall=1785581009.076 t=4030737194 W DAT 0x00 (CGRAM ref #0)
t_wall=1785581009.077 t=4030737247 W DAT 0x00 (CGRAM ref #0)
t_wall=1785581009.080 t=4030741093 W DAT 0x00 (CGRAM ref #0)
t_wall=1785581009.084 t=4030744908 W DAT 0x00 (CGRAM ref #0)
t_wall=1785581009.087 t=4030748756 W DAT 0x00 (CGRAM ref #0)
t_wall=1785581009.091 t=4030752591 W DAT 0x00 (CGRAM ref #0)
t_wall=1785581009.095 t=4030756435 W DAT 0x00 (CGRAM ref #0)
t_wall=1785581009.099 t=4030760253 W DAT 0x00 (CGRAM ref #0)
t_wall=1785581009.107 t=4030767751 W CMD 0x0C [DISP_CTRL disp=1 cur=0 blink=0]
t_wall=1785581010.108 # NOTE [recorder] connected /dev/ttyACM0
t_wall=1785581010.423 # ALIVE us=4032084263 ring_depth=0 drops=0
t_wall=1785581011.424 # NOTE [recorder] connected /dev/ttyACM0
t_wall=1785581012.423 # ALIVE us=4034084315 ring_depth=0 drops=0
t_wall=1785581013.425 # NOTE [recorder] connected /dev/ttyACM0
t_wall=1785581014.423 # ALIVE us=4036084364 ring_depth=0 drops=0
t_wall=1785581015.425 # NOTE [recorder] connected /dev/ttyACM0
t_wall=1785581016.423 # ALIVE us=4038084414 ring_depth=0 drops=0
t_wall=1785581017.424 # NOTE [recorder] connected /dev/ttyACM0
t_wall=1785581018.423 # ALIVE us=4040084462 ring_depth=0 drops=0
t_wall=1785581019.424 # NOTE [recorder] connected /dev/ttyACM0
t_wall=1785581020.423 # ALIVE us=4042084510 ring_depth=0 drops=0
t_wall=1785581021.424 # NOTE [recorder] connected /dev/ttyACM0
t_wall=1785581022.423 # ALIVE us=4044084560 ring_depth=0 drops=0
t_wall=1785581023.424 # NOTE [recorder] connected /dev/ttyACM0
t_wall=1785581024.423 # ALIVE us=4046084609 ring_depth=0 drops=0
t_wall=1785581025.424 # NOTE [recorder] connected /dev/ttyACM0
t_wall=1785581026.423 # ALIVE us=4048084657 ring_depth=0 drops=0
t_wall=1785581027.424 # NOTE [recorder] connected /dev/ttyACM0
t_wall=1785581028.423 # ALIVE us=4050084707 ring_depth=0 drops=0
t_wall=1785581029.424 # NOTE [recorder] connected /dev/ttyACM0
t_wall=1785581030.422 # ALIVE us=4052084755 ring_depth=0 drops=0
t_wall=1785581031.424 # NOTE [recorder] connected /dev/ttyACM0
t_wall=1785581032.422 # ALIVE us=4054084807 ring_depth=0 drops=0
t_wall=1785581033.424 # NOTE [recorder] connected /dev/ttyACM0
t_wall=1785581034.423 # ALIVE us=4056084856 ring_depth=0 drops=0
t_wall=1785581035.424 # NOTE [recorder] connected /dev/ttyACM0
t_wall=1785581036.422 # ALIVE us=4058084905 ring_depth=0 drops=0
t_wall=1785581037.424 # NOTE [recorder] connected /dev/ttyACM0
t_wall=1785581038.422 # ALIVE us=4060084954 ring_depth=0 drops=0
t_wall=1785581039.424 # NOTE [recorder] connected /dev/ttyACM0
t_wall=1785581040.422 # ALIVE us=4062085002 ring_depth=0 drops=0
t_wall=1785581041.424 # NOTE [recorder] connected /dev/ttyACM0
t_wall=1785581042.422 # ALIVE us=4064085052 ring_depth=0 drops=0
t_wall=1785581043.424 # NOTE [recorder] connected /dev/ttyACM0
t_wall=1785581044.422 # ALIVE us=4066085101 ring_depth=0 drops=0
t_wall=1785581045.424 # NOTE [recorder] connected /dev/ttyACM0
t_wall=1785581046.422 # ALIVE us=4068085151 ring_depth=0 drops=0
t_wall=1785581047.424 # NOTE [recorder] connected /dev/ttyACM0
t_wall=1785581048.422 # ALIVE us=4070085200 ring_depth=0 drops=0
t_wall=1785581049.424 # NOTE [recorder] connected /dev/ttyACM0
t_wall=1785581050.422 # ALIVE us=4072085249 ring_depth=0 drops=0
t_wall=1785581051.423 # NOTE [recorder] connected /dev/ttyACM0
t_wall=1785581052.422 # ALIVE us=4074085298 ring_depth=0 drops=0
t_wall=1785581053.423 # NOTE [recorder] connected /dev/ttyACM0
t_wall=1785581054.422 # ALIVE us=4076085347 ring_depth=0 drops=0
t_wall=1785581055.423 # NOTE [recorder] connected /dev/ttyACM0
t_wall=1785581056.422 # ALIVE us=4078085397 ring_depth=0 drops=0
t_wall=1785581057.423 # NOTE [recorder] connected /dev/ttyACM0
t_wall=1785581058.422 # ALIVE us=4080085445 ring_depth=0 drops=0
t_wall=1785581059.424 # NOTE [recorder] connected /dev/ttyACM0
t_wall=1785581060.422 # ALIVE us=4082085494 ring_depth=0 drops=0
t_wall=1785581061.423 # NOTE [recorder] connected /dev/ttyACM0
t_wall=1785581062.422 # ALIVE us=4084085542 ring_depth=0 drops=0
t_wall=1785581063.423 # NOTE [recorder] connected /dev/ttyACM0
t_wall=1785581064.422 # ALIVE us=4086085590 ring_depth=0 drops=0
t_wall=1785581065.423 # NOTE [recorder] connected /dev/ttyACM0
t_wall=1785581065.833 # NOTE pressing transpose up to max then down to min. Transpose should be OFF when cmajor or zero
t_wall=1785581066.422 # ALIVE us=4088085640 ring_depth=0 drops=0
t_wall=1785581067.423 # NOTE [recorder] connected /dev/ttyACM0
t_wall=1785581068.422 # ALIVE us=4090085688 ring_depth=0 drops=0
t_wall=1785581069.423 # NOTE [recorder] connected /dev/ttyACM0
t_wall=1785581070.422 # ALIVE us=4092085737 ring_depth=0 drops=0
t_wall=1785581071.423 # NOTE [recorder] connected /dev/ttyACM0
t_wall=1785581072.422 # ALIVE us=4094085786 ring_depth=0 drops=0
t_wall=1785581073.423 # NOTE [recorder] connected /dev/ttyACM0
t_wall=1785581074.422 # ALIVE us=4096085835 ring_depth=0 drops=0
t_wall=1785581075.223 t=4096887159 W CMD 0x70 [SET_CGRAM 0x30]
t_wall=1785581075.223 t=4096887217 W DAT 0x02 (CGRAM ref #2)
t_wall=1785581075.223 t=4096887255 W DAT 0x02 (CGRAM ref #2)
t_wall=1785581075.224 t=4096887294 W DAT 0x02 (CGRAM ref #2)
t_wall=1785581075.224 t=4096887332 W DAT 0x02 (CGRAM ref #2)
t_wall=1785581075.224 t=4096887370 W DAT 0x00 (CGRAM ref #0)
t_wall=1785581075.225 t=4096887423 W DAT 0x00 (CGRAM ref #0)
t_wall=1785581075.225 t=4096887476 W DAT 0x00 (CGRAM ref #0)
t_wall=1785581075.225 t=4096887514 W DAT 0x01 (CGRAM ref #1)
t_wall=1785581075.226 t=4096888948 W CMD 0x0C [DISP_CTRL disp=1 cur=0 blink=0]
t_wall=1785581075.772 t=4097436135 W CMD 0x70 [SET_CGRAM 0x30]
t_wall=1785581075.773 t=4097436216 W DAT 0x00 (CGRAM ref #0)
t_wall=1785581075.773 t=4097436254 W DAT 0x02 (CGRAM ref #2)
t_wall=1785581075.774 t=4097436292 W DAT 0x02 (CGRAM ref #2)
t_wall=1785581075.775 t=4097436331 W DAT 0x02 (CGRAM ref #2)
t_wall=1785581075.776 t=4097436369 W DAT 0x00 (CGRAM ref #0)
t_wall=1785581075.776 t=4097436422 W DAT 0x00 (CGRAM ref #0)
t_wall=1785581075.777 t=4097436475 W DAT 0x00 (CGRAM ref #0)
t_wall=1785581075.777 t=4097436527 W DAT 0x01 (CGRAM ref #1)
t_wall=1785581075.785 t=4097449182 W CMD 0x0C [DISP_CTRL disp=1 cur=0 blink=0]
t_wall=1785581076.263 t=4097927460 W CMD 0x50 [SET_CGRAM 0x10]
t_wall=1785581076.263 t=4097927592 W DAT 0x00 (CGRAM ref #0)
t_wall=1785581076.263 t=4097927660 W DAT 0x00 (CGRAM ref #0)
t_wall=1785581076.264 t=4097927713 W DAT 0x00 (CGRAM ref #0)
t_wall=1785581076.264 t=4097927766 W DAT 0x00 (CGRAM ref #0)
t_wall=1785581076.264 t=4097927819 W DAT 0x00 (CGRAM ref #0)
t_wall=1785581076.265 t=4097927872 W DAT 0x00 (CGRAM ref #0)
t_wall=1785581076.265 t=4097927924 W DAT 0x0B
t_wall=1785581076.265 t=4097928005 W DAT 0x00 (CGRAM ref #0)
t_wall=1785581076.266 t=4097929445 W CMD 0x0C [DISP_CTRL disp=1 cur=0 blink=0]
t_wall=1785581076.270 t=4097934324 W CMD 0x70 [SET_CGRAM 0x30]
t_wall=1785581076.270 t=4097934382 W DAT 0x00 (CGRAM ref #0)
t_wall=1785581076.270 t=4097934436 W DAT 0x02 (CGRAM ref #2)
t_wall=1785581076.270 t=4097934474 W DAT 0x02 (CGRAM ref #2)
t_wall=1785581076.271 t=4097934512 W DAT 0x02 (CGRAM ref #2)
t_wall=1785581076.271 t=4097934550 W DAT 0x00 (CGRAM ref #0)
t_wall=1785581076.271 t=4097934603 W DAT 0x00 (CGRAM ref #0)
t_wall=1785581076.271 t=4097934656 W DAT 0x00 (CGRAM ref #0)
t_wall=1785581076.271 t=4097934708 W DAT 0x03 (CGRAM ref #3)
t_wall=1785581076.272 t=4097934888 W CMD 0x0C [DISP_CTRL disp=1 cur=0 blink=0]
t_wall=1785581076.421 # ALIVE us=4098085883 ring_depth=0 drops=0
t_wall=1785581077.423 # NOTE [recorder] connected /dev/ttyACM0
t_wall=1785581078.428 # ALIVE us=4100085929 ring_depth=0 drops=0
t_wall=1785581079.430 # NOTE [recorder] connected /dev/ttyACM0
t_wall=1785581080.421 # ALIVE us=4102085980 ring_depth=0 drops=0
t_wall=1785581080.907 t=4102570945 W CMD 0x50 [SET_CGRAM 0x10]
t_wall=1785581080.907 t=4102571003 W DAT 0x00 (CGRAM ref #0)
t_wall=1785581080.908 t=4102571056 W DAT 0x00 (CGRAM ref #0)
t_wall=1785581080.909 t=4102571109 W DAT 0x00 (CGRAM ref #0)
t_wall=1785581080.910 t=4102571161 W DAT 0x00 (CGRAM ref #0)
t_wall=1785581080.911 t=4102571214 W DAT 0x00 (CGRAM ref #0)
t_wall=1785581080.911 t=4102571267 W DAT 0x00 (CGRAM ref #0)
t_wall=1785581080.912 t=4102571320 W DAT 0x09
t_wall=1785581080.912 t=4102571373 W DAT 0x00 (CGRAM ref #0)
t_wall=1785581080.913 t=4102572879 W CMD 0x0C [DISP_CTRL disp=1 cur=0 blink=0]
t_wall=1785581080.914 t=4102577607 W CMD 0x70 [SET_CGRAM 0x30]
t_wall=1785581080.915 t=4102577666 W DAT 0x00 (CGRAM ref #0)
t_wall=1785581080.915 t=4102577719 W DAT 0x00 (CGRAM ref #0)
t_wall=1785581080.915 t=4102577771 W DAT 0x00 (CGRAM ref #0)
t_wall=1785581080.916 t=4102577824 W DAT 0x00 (CGRAM ref #0)
t_wall=1785581080.916 t=4102577877 W DAT 0x00 (CGRAM ref #0)
t_wall=1785581080.917 t=4102577930 W DAT 0x00 (CGRAM ref #0)
t_wall=1785581080.917 t=4102577983 W DAT 0x00 (CGRAM ref #0)
t_wall=1785581080.918 t=4102578036 W DAT 0x01 (CGRAM ref #1)
t_wall=1785581080.918 t=4102578216 W CMD 0x0C [DISP_CTRL disp=1 cur=0 blink=0]
t_wall=1785581081.920 # NOTE [recorder] connected /dev/ttyACM0
t_wall=1785581082.421 # ALIVE us=4104086030 ring_depth=0 drops=0
t_wall=1785581082.582 t=4104246118 W CMD 0x70 [SET_CGRAM 0x30]
t_wall=1785581082.582 t=4104246272 W DAT 0x00 (CGRAM ref #0)
t_wall=1785581082.583 t=4104246310 W DAT 0x02 (CGRAM ref #2)
t_wall=1785581082.583 t=4104246348 W DAT 0x02 (CGRAM ref #2)
t_wall=1785581082.584 t=4104246386 W DAT 0x02 (CGRAM ref #2)
t_wall=1785581082.584 t=4104246425 W DAT 0x00 (CGRAM ref #0)
t_wall=1785581082.585 t=4104246478 W DAT 0x00 (CGRAM ref #0)
t_wall=1785581082.586 t=4104246530 W DAT 0x00 (CGRAM ref #0)
t_wall=1785581082.586 t=4104246583 W DAT 0x03 (CGRAM ref #3)
t_wall=1785581082.587 t=4104246763 W CMD 0x0C [DISP_CTRL disp=1 cur=0 blink=0]
t_wall=1785581082.588 t=4104252743 W CMD 0x50 [SET_CGRAM 0x10]
t_wall=1785581082.589 t=4104252801 W DAT 0x00 (CGRAM ref #0)
t_wall=1785581082.589 t=4104252895 W DAT 0x00 (CGRAM ref #0)
t_wall=1785581082.590 t=4104252963 W DAT 0x00 (CGRAM ref #0)
t_wall=1785581082.591 t=4104253016 W DAT 0x00 (CGRAM ref #0)
t_wall=1785581082.591 t=4104253068 W DAT 0x00 (CGRAM ref #0)
t_wall=1785581082.592 t=4104253122 W DAT 0x00 (CGRAM ref #0)
t_wall=1785581082.592 t=4104253174 W DAT 0x0B
t_wall=1785581082.592 t=4104253227 W DAT 0x00 (CGRAM ref #0)
t_wall=1785581082.593 t=4104253407 W CMD 0x0C [DISP_CTRL disp=1 cur=0 blink=0]
t_wall=1785581083.111 t=4104776119 W CMD 0x70 [SET_CGRAM 0x30]
t_wall=1785581083.112 t=4104776177 W DAT 0x00 (CGRAM ref #0)
t_wall=1785581083.112 t=4104776230 W DAT 0x02 (CGRAM ref #2)
t_wall=1785581083.113 t=4104776269 W DAT 0x02 (CGRAM ref #2)
t_wall=1785581083.114 t=4104776307 W DAT 0x02 (CGRAM ref #2)
t_wall=1785581083.114 t=4104776345 W DAT 0x00 (CGRAM ref #0)
t_wall=1785581083.115 t=4104776398 W DAT 0x00 (CGRAM ref #0)
t_wall=1785581083.116 t=4104776451 W DAT 0x00 (CGRAM ref #0)
t_wall=1785581083.116 t=4104776503 W DAT 0x01 (CGRAM ref #1)
t_wall=1785581083.117 t=4104776683 W CMD 0x0C [DISP_CTRL disp=1 cur=0 blink=0]
t_wall=1785581083.118 t=4104782670 W CMD 0x50 [SET_CGRAM 0x10]
t_wall=1785581083.118 t=4104782728 W DAT 0x00 (CGRAM ref #0)
t_wall=1785581083.119 t=4104782780 W DAT 0x00 (CGRAM ref #0)
t_wall=1785581083.119 t=4104782833 W DAT 0x00 (CGRAM ref #0)
t_wall=1785581083.120 t=4104782886 W DAT 0x00 (CGRAM ref #0)
t_wall=1785581083.120 t=4104782939 W DAT 0x00 (CGRAM ref #0)
t_wall=1785581083.121 t=4104782991 W DAT 0x00 (CGRAM ref #0)
t_wall=1785581083.121 t=4104783044 W DAT 0x09
t_wall=1785581083.121 t=4104783097 W DAT 0x00 (CGRAM ref #0)
t_wall=1785581083.122 t=4104784660 W CMD 0x0C [DISP_CTRL disp=1 cur=0 blink=0]
t_wall=1785581083.738 t=4105402693 W CMD 0x70 [SET_CGRAM 0x30]
t_wall=1785581083.739 t=4105402752 W DAT 0x02 (CGRAM ref #2)
t_wall=1785581083.740 t=4105402790 W DAT 0x02 (CGRAM ref #2)
t_wall=1785581083.740 t=4105402829 W DAT 0x02 (CGRAM ref #2)
t_wall=1785581083.740 t=4105402867 W DAT 0x02 (CGRAM ref #2)
t_wall=1785581083.740 t=4105402905 W DAT 0x00 (CGRAM ref #0)
t_wall=1785581083.741 t=4105402958 W DAT 0x00 (CGRAM ref #0)
t_wall=1785581083.741 t=4105403011 W DAT 0x00 (CGRAM ref #0)
t_wall=1785581083.741 t=4105403064 W DAT 0x01 (CGRAM ref #1)
t_wall=1785581083.746 t=4105410549 W CMD 0x0C [DISP_CTRL disp=1 cur=0 blink=0]
t_wall=1785581084.222 t=4105886490 W CMD 0x70 [SET_CGRAM 0x30]
t_wall=1785581084.222 t=4105886549 W DAT 0x02 (CGRAM ref #2)
t_wall=1785581084.222 t=4105886587 W DAT 0x02 (CGRAM ref #2)
t_wall=1785581084.222 t=4105886625 W DAT 0x02 (CGRAM ref #2)
t_wall=1785581084.223 t=4105886663 W DAT 0x02 (CGRAM ref #2)
t_wall=1785581084.223 t=4105886702 W DAT 0x00 (CGRAM ref #0)
t_wall=1785581084.223 t=4105886755 W DAT 0x00 (CGRAM ref #0)
t_wall=1785581084.224 t=4105886808 W DAT 0x00 (CGRAM ref #0)
t_wall=1785581084.224 t=4105886861 W DAT 0x01 (CGRAM ref #1)
t_wall=1785581084.224 t=4105887041 W CMD 0x0C [DISP_CTRL disp=1 cur=0 blink=0]
t_wall=1785581084.228 t=4105893071 W CMD 0x50 [SET_CGRAM 0x10]
t_wall=1785581084.228 t=4105893129 W DAT 0x00 (CGRAM ref #0)
t_wall=1785581084.229 t=4105893182 W DAT 0x00 (CGRAM ref #0)
t_wall=1785581084.229 t=4105893235 W DAT 0x00 (CGRAM ref #0)
t_wall=1785581084.229 t=4105893288 W DAT 0x00 (CGRAM ref #0)
t_wall=1785581084.230 t=4105893341 W DAT 0x00 (CGRAM ref #0)
t_wall=1785581084.230 t=4105893394 W DAT 0x00 (CGRAM ref #0)
t_wall=1785581084.230 t=4105893447 W DAT 0x0B
t_wall=1785581084.230 t=4105893499 W DAT 0x00 (CGRAM ref #0)
t_wall=1785581084.231 t=4105893679 W CMD 0x0C [DISP_CTRL disp=1 cur=0 blink=0]
t_wall=1785581084.421 # ALIVE us=4106086080 ring_depth=0 drops=0
t_wall=1785581084.760 t=4106424879 W CMD 0x50 [SET_CGRAM 0x10]
t_wall=1785581084.761 t=4106424923 W DAT 0x00 (CGRAM ref #0)
t_wall=1785581084.761 t=4106424975 W DAT 0x00 (CGRAM ref #0)
t_wall=1785581084.761 t=4106425028 W DAT 0x00 (CGRAM ref #0)
t_wall=1785581084.762 t=4106425081 W DAT 0x00 (CGRAM ref #0)
t_wall=1785581084.762 t=4106425134 W DAT 0x00 (CGRAM ref #0)
t_wall=1785581084.763 t=4106425186 W DAT 0x00 (CGRAM ref #0)
t_wall=1785581084.763 t=4106425239 W DAT 0x09
t_wall=1785581084.764 t=4106425292 W DAT 0x00 (CGRAM ref #0)
t_wall=1785581084.764 t=4106425472 W CMD 0x0C [DISP_CTRL disp=1 cur=0 blink=0]
t_wall=1785581084.766 t=4106431513 W CMD 0x70 [SET_CGRAM 0x30]
t_wall=1785581084.767 t=4106431571 W DAT 0x02 (CGRAM ref #2)
t_wall=1785581084.767 t=4106431609 W DAT 0x00 (CGRAM ref #0)
t_wall=1785581084.767 t=4106431692 W DAT 0x02 (CGRAM ref #2)
t_wall=1785581084.768 t=4106431744 W DAT 0x00 (CGRAM ref #0)
t_wall=1785581084.768 t=4106431797 W DAT 0x02 (CGRAM ref #2)
t_wall=1785581084.768 t=4106431835 W DAT 0x02 (CGRAM ref #2)
t_wall=1785581084.768 t=4106431873 W DAT 0x02 (CGRAM ref #2)
t_wall=1785581084.769 t=4106431912 W DAT 0x01 (CGRAM ref #1)
t_wall=1785581084.769 t=4106432114 W CMD 0x0C [DISP_CTRL disp=1 cur=0 blink=0]
t_wall=1785581085.191 t=4106856421 W CMD 0x50 [SET_CGRAM 0x10]
t_wall=1785581085.192 t=4106856465 W DAT 0x00 (CGRAM ref #0)
t_wall=1785581085.192 t=4106856518 W DAT 0x00 (CGRAM ref #0)
t_wall=1785581085.192 t=4106856570 W DAT 0x00 (CGRAM ref #0)
t_wall=1785581085.193 t=4106856623 W DAT 0x00 (CGRAM ref #0)
t_wall=1785581085.193 t=4106856676 W DAT 0x00 (CGRAM ref #0)
t_wall=1785581085.193 t=4106856729 W DAT 0x00 (CGRAM ref #0)
t_wall=1785581085.193 t=4106856781 W DAT 0x0B
t_wall=1785581085.193 t=4106856834 W DAT 0x00 (CGRAM ref #0)
t_wall=1785581085.196 t=4106860254 W CMD 0x0C [DISP_CTRL disp=1 cur=0 blink=0]
t_wall=1785581085.200 t=4106864874 W CMD 0x70 [SET_CGRAM 0x30]
t_wall=1785581085.201 t=4106864932 W DAT 0x02 (CGRAM ref #2)
t_wall=1785581085.202 t=4106864971 W DAT 0x00 (CGRAM ref #0)
t_wall=1785581085.203 t=4106865066 W DAT 0x02 (CGRAM ref #2)
t_wall=1785581085.203 t=4106865128 W DAT 0x00 (CGRAM ref #0)
t_wall=1785581085.204 t=4106865195 W DAT 0x02 (CGRAM ref #2)
t_wall=1785581085.205 t=4106865234 W DAT 0x02 (CGRAM ref #2)
t_wall=1785581085.205 t=4106865272 W DAT 0x02 (CGRAM ref #2)
t_wall=1785581085.206 t=4106865351 W DAT 0x01 (CGRAM ref #1)
t_wall=1785581085.207 t=4106865531 W CMD 0x0C [DISP_CTRL disp=1 cur=0 blink=0]
t_wall=1785581085.588 t=4107252364 W CMD 0x70 [SET_CGRAM 0x30]
t_wall=1785581085.588 t=4107252422 W DAT 0x02 (CGRAM ref #2)
t_wall=1785581085.589 t=4107252461 W DAT 0x00 (CGRAM ref #0)
t_wall=1785581085.590 t=4107252543 W DAT 0x02 (CGRAM ref #2)
t_wall=1785581085.590 t=4107252581 W DAT 0x00 (CGRAM ref #0)
t_wall=1785581085.591 t=4107252649 W DAT 0x00 (CGRAM ref #0)
t_wall=1785581085.591 t=4107252701 W DAT 0x00 (CGRAM ref #0)
t_wall=1785581085.592 t=4107252754 W DAT 0x00 (CGRAM ref #0)
t_wall=1785581085.593 t=4107252807 W DAT 0x01 (CGRAM ref #1)
t_wall=1785581085.594 t=4107252987 W CMD 0x0C [DISP_CTRL disp=1 cur=0 blink=0]
t_wall=1785581085.594 t=4107259072 W CMD 0x50 [SET_CGRAM 0x10]
t_wall=1785581085.595 t=4107259212 W DAT 0x00 (CGRAM ref #0)
t_wall=1785581085.596 t=4107259294 W DAT 0x00 (CGRAM ref #0)
t_wall=1785581085.598 t=4107259347 W DAT 0x00 (CGRAM ref #0)
t_wall=1785581085.599 t=4107259400 W DAT 0x00 (CGRAM ref #0)
t_wall=1785581085.600 t=4107259453 W DAT 0x00 (CGRAM ref #0)
t_wall=1785581085.601 t=4107259506 W DAT 0x00 (CGRAM ref #0)
t_wall=1785581085.602 t=4107259558 W DAT 0x09
t_wall=1785581085.603 t=4107259611 W DAT 0x00 (CGRAM ref #0)
t_wall=1785581085.604 t=4107259792 W CMD 0x0C [DISP_CTRL disp=1 cur=0 blink=0]
t_wall=1785581085.659 t=4107323923 W CMD 0x70 [SET_CGRAM 0x30]
t_wall=1785581085.660 t=4107323967 W DAT 0x02 (CGRAM ref #2)
t_wall=1785581085.660 t=4107324005 W DAT 0x02 (CGRAM ref #2)
t_wall=1785581085.661 t=4107324043 W DAT 0x02 (CGRAM ref #2)
t_wall=1785581085.661 t=4107324081 W DAT 0x02 (CGRAM ref #2)
t_wall=1785581085.662 t=4107324119 W DAT 0x02 (CGRAM ref #2)
t_wall=1785581085.662 t=4107324157 W DAT 0x00 (CGRAM ref #0)
t_wall=1785581085.663 t=4107324196 W DAT 0x02 (CGRAM ref #2)
t_wall=1785581085.663 t=4107324234 W DAT 0x01 (CGRAM ref #1)
t_wall=1785581085.664 t=4107324414 W CMD 0x0C [DISP_CTRL disp=1 cur=0 blink=0]
t_wall=1785581086.005 t=4107669038 W CMD 0x70 [SET_CGRAM 0x30]
t_wall=1785581086.006 t=4107669096 W DAT 0x02 (CGRAM ref #2)
t_wall=1785581086.006 t=4107669134 W DAT 0x02 (CGRAM ref #2)
t_wall=1785581086.007 t=4107669173 W DAT 0x02 (CGRAM ref #2)
t_wall=1785581086.008 t=4107669211 W DAT 0x02 (CGRAM ref #2)
t_wall=1785581086.009 t=4107669249 W DAT 0x02 (CGRAM ref #2)
t_wall=1785581086.009 t=4107669287 W DAT 0x00 (CGRAM ref #0)
t_wall=1785581086.010 t=4107669340 W DAT 0x02 (CGRAM ref #2)
t_wall=1785581086.010 t=4107669378 W DAT 0x01 (CGRAM ref #1)
t_wall=1785581086.011 t=4107676181 W CMD 0x0C [DISP_CTRL disp=1 cur=0 blink=0]
t_wall=1785581086.012 t=4107677566 W CMD 0x50 [SET_CGRAM 0x10]
t_wall=1785581086.013 t=4107677610 W DAT 0x00 (CGRAM ref #0)
t_wall=1785581086.013 t=4107677663 W DAT 0x00 (CGRAM ref #0)
t_wall=1785581086.013 t=4107677716 W DAT 0x00 (CGRAM ref #0)
t_wall=1785581086.014 t=4107677768 W DAT 0x00 (CGRAM ref #0)
t_wall=1785581086.014 t=4107677821 W DAT 0x00 (CGRAM ref #0)
t_wall=1785581086.014 t=4107677897 W DAT 0x00 (CGRAM ref #0)
t_wall=1785581086.014 t=4107677935 W DAT 0x0B
t_wall=1785581086.015 t=4107677988 W DAT 0x00 (CGRAM ref #0)
t_wall=1785581086.015 t=4107678168 W CMD 0x0C [DISP_CTRL disp=1 cur=0 blink=0]
t_wall=1785581086.421 # ALIVE us=4108086127 ring_depth=0 drops=0
t_wall=1785581086.428 t=4108092692 W CMD 0x70 [SET_CGRAM 0x30]
t_wall=1785581086.428 t=4108092751 W DAT 0x00 (CGRAM ref #0)
t_wall=1785581086.429 t=4108092803 W DAT 0x02 (CGRAM ref #2)
t_wall=1785581086.429 t=4108092842 W DAT 0x02 (CGRAM ref #2)
t_wall=1785581086.430 t=4108092880 W DAT 0x02 (CGRAM ref #2)
t_wall=1785581086.430 t=4108092918 W DAT 0x02 (CGRAM ref #2)
t_wall=1785581086.431 t=4108092956 W DAT 0x02 (CGRAM ref #2)
t_wall=1785581086.431 t=4108092994 W DAT 0x02 (CGRAM ref #2)
t_wall=1785581086.431 t=4108093032 W DAT 0x01 (CGRAM ref #1)
t_wall=1785581086.432 t=4108093213 W CMD 0x0C [DISP_CTRL disp=1 cur=0 blink=0]
t_wall=1785581086.433 t=4108098276 W CMD 0x50 [SET_CGRAM 0x10]
t_wall=1785581086.434 t=4108098335 W DAT 0x00 (CGRAM ref #0)
t_wall=1785581086.434 t=4108098388 W DAT 0x00 (CGRAM ref #0)
t_wall=1785581086.435 t=4108098440 W DAT 0x00 (CGRAM ref #0)
t_wall=1785581086.435 t=4108098493 W DAT 0x00 (CGRAM ref #0)
t_wall=1785581086.436 t=4108098546 W DAT 0x00 (CGRAM ref #0)
t_wall=1785581086.436 t=4108098599 W DAT 0x00 (CGRAM ref #0)
t_wall=1785581086.436 t=4108098658 W DAT 0x09
t_wall=1785581086.437 t=4108098711 W DAT 0x00 (CGRAM ref #0)
t_wall=1785581086.437 t=4108100124 W CMD 0x0C [DISP_CTRL disp=1 cur=0 blink=0]
t_wall=1785581086.906 t=4108570788 W CMD 0x70 [SET_CGRAM 0x30]
t_wall=1785581086.907 t=4108570846 W DAT 0x00 (CGRAM ref #0)
t_wall=1785581086.909 t=4108570899 W DAT 0x02 (CGRAM ref #2)
t_wall=1785581086.910 t=4108570938 W DAT 0x02 (CGRAM ref #2)
t_wall=1785581086.910 t=4108570976 W DAT 0x02 (CGRAM ref #2)
t_wall=1785581086.910 t=4108571014 W DAT 0x02 (CGRAM ref #2)
t_wall=1785581086.911 t=4108571052 W DAT 0x02 (CGRAM ref #2)
t_wall=1785581086.911 t=4108571091 W DAT 0x02 (CGRAM ref #2)
t_wall=1785581086.911 t=4108571129 W DAT 0x01 (CGRAM ref #1)
t_wall=1785581086.912 t=4108573577 W CMD 0x0C [DISP_CTRL disp=1 cur=0 blink=0]
t_wall=1785581086.912 t=4108577413 W CMD 0x50 [SET_CGRAM 0x10]
t_wall=1785581086.913 t=4108577472 W DAT 0x00 (CGRAM ref #0)
t_wall=1785581086.913 t=4108577524 W DAT 0x00 (CGRAM ref #0)
t_wall=1785581086.914 t=4108577577 W DAT 0x00 (CGRAM ref #0)
t_wall=1785581086.914 t=4108577630 W DAT 0x00 (CGRAM ref #0)
t_wall=1785581086.915 t=4108577698 W DAT 0x00 (CGRAM ref #0)
t_wall=1785581086.916 t=4108577750 W DAT 0x00 (CGRAM ref #0)
t_wall=1785581086.916 t=4108577803 W DAT 0x0B
t_wall=1785581086.916 t=4108577856 W DAT 0x00 (CGRAM ref #0)
t_wall=1785581086.917 t=4108578036 W CMD 0x0C [DISP_CTRL disp=1 cur=0 blink=0]
t_wall=1785581087.302 t=4108964892 W CMD 0x50 [SET_CGRAM 0x10]
t_wall=1785581087.304 t=4108964950 W DAT 0x00 (CGRAM ref #0)
t_wall=1785581087.306 t=4108965003 W DAT 0x00 (CGRAM ref #0)
t_wall=1785581087.308 t=4108965056 W DAT 0x00 (CGRAM ref #0)
t_wall=1785581087.310 t=4108965109 W DAT 0x00 (CGRAM ref #0)
t_wall=1785581087.312 t=4108965162 W DAT 0x00 (CGRAM ref #0)
t_wall=1785581087.313 t=4108965215 W DAT 0x00 (CGRAM ref #0)
t_wall=1785581087.314 t=4108965267 W DAT 0x09
t_wall=1785581087.316 t=4108965320 W DAT 0x00 (CGRAM ref #0)
t_wall=1785581087.319 t=4108965500 W CMD 0x0C [DISP_CTRL disp=1 cur=0 blink=0]
t_wall=1785581087.323 t=4108971595 W CMD 0x70 [SET_CGRAM 0x30]
t_wall=1785581087.328 t=4108971653 W DAT 0x02 (CGRAM ref #2)
t_wall=1785581087.331 t=4108971691 W DAT 0x00 (CGRAM ref #0)
t_wall=1785581087.333 t=4108971774 W DAT 0x02 (CGRAM ref #2)
t_wall=1785581087.336 t=4108971812 W DAT 0x02 (CGRAM ref #2)
t_wall=1785581087.340 t=4108971850 W DAT 0x00 (CGRAM ref #0)
t_wall=1785581087.343 t=4108971917 W DAT 0x02 (CGRAM ref #2)
t_wall=1785581087.346 t=4108971955 W DAT 0x02 (CGRAM ref #2)
t_wall=1785581087.349 t=4108971993 W DAT 0x01 (CGRAM ref #1)
t_wall=1785581087.354 t=4108972173 W CMD 0x0C [DISP_CTRL disp=1 cur=0 blink=0]
t_wall=1785581088.356 # NOTE [recorder] connected /dev/ttyACM0
t_wall=1785581088.421 # ALIVE us=4110086174 ring_depth=0 drops=0
t_wall=1785581089.423 # NOTE [recorder] connected /dev/ttyACM0
t_wall=1785581089.466 t=4111131685 W CMD 0x70 [SET_CGRAM 0x30]
t_wall=1785581089.467 t=4111131744 W DAT 0x00 (CGRAM ref #0)
t_wall=1785581089.467 t=4111131796 W DAT 0x02 (CGRAM ref #2)
t_wall=1785581089.467 t=4111131834 W DAT 0x02 (CGRAM ref #2)
t_wall=1785581089.468 t=4111131873 W DAT 0x02 (CGRAM ref #2)
t_wall=1785581089.468 t=4111131911 W DAT 0x02 (CGRAM ref #2)
t_wall=1785581089.469 t=4111131949 W DAT 0x02 (CGRAM ref #2)
t_wall=1785581089.469 t=4111131988 W DAT 0x02 (CGRAM ref #2)
t_wall=1785581089.469 t=4111132026 W DAT 0x01 (CGRAM ref #1)
t_wall=1785581089.470 t=4111134425 W CMD 0x0C [DISP_CTRL disp=1 cur=0 blink=0]
t_wall=1785581089.473 t=4111138223 W CMD 0x50 [SET_CGRAM 0x10]
t_wall=1785581089.473 t=4111138305 W DAT 0x00 (CGRAM ref #0)
t_wall=1785581089.474 t=4111138387 W DAT 0x00 (CGRAM ref #0)
t_wall=1785581089.474 t=4111138440 W DAT 0x00 (CGRAM ref #0)
t_wall=1785581089.474 t=4111138493 W DAT 0x00 (CGRAM ref #0)
t_wall=1785581089.475 t=4111138546 W DAT 0x00 (CGRAM ref #0)
t_wall=1785581089.475 t=4111138598 W DAT 0x00 (CGRAM ref #0)
t_wall=1785581089.475 t=4111138651 W DAT 0x0B
t_wall=1785581089.476 t=4111138704 W DAT 0x00 (CGRAM ref #0)
t_wall=1785581089.476 t=4111138884 W CMD 0x0C [DISP_CTRL disp=1 cur=0 blink=0]
t_wall=1785581089.933 t=4111597956 W CMD 0x70 [SET_CGRAM 0x30]
t_wall=1785581089.933 t=4111598015 W DAT 0x00 (CGRAM ref #0)
t_wall=1785581089.933 t=4111598075 W DAT 0x02 (CGRAM ref #2)
t_wall=1785581089.934 t=4111598114 W DAT 0x02 (CGRAM ref #2)
t_wall=1785581089.934 t=4111598152 W DAT 0x02 (CGRAM ref #2)
t_wall=1785581089.934 t=4111598190 W DAT 0x02 (CGRAM ref #2)
t_wall=1785581089.935 t=4111598228 W DAT 0x02 (CGRAM ref #2)
t_wall=1785581089.935 t=4111598267 W DAT 0x02 (CGRAM ref #2)
t_wall=1785581089.935 t=4111598305 W DAT 0x01 (CGRAM ref #1)
t_wall=1785581089.936 t=4111601078 W CMD 0x0C [DISP_CTRL disp=1 cur=0 blink=0]
t_wall=1785581089.939 t=4111604493 W CMD 0x50 [SET_CGRAM 0x10]
t_wall=1785581089.940 t=4111604552 W DAT 0x00 (CGRAM ref #0)
t_wall=1785581089.940 t=4111604605 W DAT 0x00 (CGRAM ref #0)
t_wall=1785581089.940 t=4111604658 W DAT 0x00 (CGRAM ref #0)
t_wall=1785581089.941 t=4111604710 W DAT 0x00 (CGRAM ref #0)
t_wall=1785581089.941 t=4111604763 W DAT 0x00 (CGRAM ref #0)
t_wall=1785581089.941 t=4111604816 W DAT 0x00 (CGRAM ref #0)
t_wall=1785581089.942 t=4111604869 W DAT 0x09
t_wall=1785581089.942 t=4111604922 W DAT 0x00 (CGRAM ref #0)
t_wall=1785581089.943 t=4111605102 W CMD 0x0C [DISP_CTRL disp=1 cur=0 blink=0]
t_wall=1785581090.404 t=4112068998 W CMD 0x50 [SET_CGRAM 0x10]
t_wall=1785581090.404 t=4112069042 W DAT 0x00 (CGRAM ref #0)
t_wall=1785581090.405 t=4112069094 W DAT 0x00 (CGRAM ref #0)
t_wall=1785581090.405 t=4112069147 W DAT 0x00 (CGRAM ref #0)
t_wall=1785581090.406 t=4112069200 W DAT 0x00 (CGRAM ref #0)
t_wall=1785581090.407 t=4112069253 W DAT 0x00 (CGRAM ref #0)
t_wall=1785581090.407 t=4112069305 W DAT 0x00 (CGRAM ref #0)
t_wall=1785581090.407 t=4112069358 W DAT 0x0B
t_wall=1785581090.408 t=4112069411 W DAT 0x00 (CGRAM ref #0)
t_wall=1785581090.409 t=4112071815 W CMD 0x0C [DISP_CTRL disp=1 cur=0 blink=0]
t_wall=1785581090.411 t=4112075708 W CMD 0x70 [SET_CGRAM 0x30]
t_wall=1785581090.411 t=4112075766 W DAT 0x02 (CGRAM ref #2)
t_wall=1785581090.411 t=4112075805 W DAT 0x02 (CGRAM ref #2)
t_wall=1785581090.412 t=4112075843 W DAT 0x02 (CGRAM ref #2)
t_wall=1785581090.412 t=4112075881 W DAT 0x02 (CGRAM ref #2)
t_wall=1785581090.412 t=4112075919 W DAT 0x02 (CGRAM ref #2)
t_wall=1785581090.413 t=4112075957 W DAT 0x00 (CGRAM ref #0)
t_wall=1785581090.413 t=4112076010 W DAT 0x02 (CGRAM ref #2)
t_wall=1785581090.414 t=4112076049 W DAT 0x01 (CGRAM ref #1)
t_wall=1785581090.414 t=4112077480 W CMD 0x0C [DISP_CTRL disp=1 cur=0 blink=0]
t_wall=1785581090.421 # ALIVE us=4112086225 ring_depth=0 drops=0
t_wall=1785581090.945 t=4112610112 W CMD 0x50 [SET_CGRAM 0x10]
t_wall=1785581090.945 t=4112610171 W DAT 0x00 (CGRAM ref #0)
t_wall=1785581090.946 t=4112610223 W DAT 0x00 (CGRAM ref #0)
t_wall=1785581090.946 t=4112610276 W DAT 0x00 (CGRAM ref #0)
t_wall=1785581090.946 t=4112610329 W DAT 0x00 (CGRAM ref #0)
t_wall=1785581090.947 t=4112610382 W DAT 0x00 (CGRAM ref #0)
t_wall=1785581090.947 t=4112610435 W DAT 0x00 (CGRAM ref #0)
t_wall=1785581090.947 t=4112610488 W DAT 0x09
t_wall=1785581090.948 t=4112610541 W DAT 0x00 (CGRAM ref #0)
t_wall=1785581090.948 t=4112610721 W CMD 0x0C [DISP_CTRL disp=1 cur=0 blink=0]
t_wall=1785581090.951 t=4112616619 W CMD 0x70 [SET_CGRAM 0x30]
t_wall=1785581090.952 t=4112616677 W DAT 0x02 (CGRAM ref #2)
t_wall=1785581090.952 t=4112616757 W DAT 0x02 (CGRAM ref #2)
t_wall=1785581090.952 t=4112616795 W DAT 0x02 (CGRAM ref #2)
t_wall=1785581090.953 t=4112616834 W DAT 0x02 (CGRAM ref #2)
t_wall=1785581090.953 t=4112616872 W DAT 0x02 (CGRAM ref #2)
t_wall=1785581090.953 t=4112616911 W DAT 0x00 (CGRAM ref #0)
t_wall=1785581090.954 t=4112616949 W DAT 0x02 (CGRAM ref #2)
t_wall=1785581090.954 t=4112616987 W DAT 0x01 (CGRAM ref #1)
t_wall=1785581090.955 t=4112617167 W CMD 0x0C [DISP_CTRL disp=1 cur=0 blink=0]
t_wall=1785581091.416 t=4113081267 W CMD 0x70 [SET_CGRAM 0x30]
t_wall=1785581091.416 t=4113081325 W DAT 0x02 (CGRAM ref #2)
t_wall=1785581091.417 t=4113081363 W DAT 0x00 (CGRAM ref #0)
t_wall=1785581091.417 t=4113081446 W DAT 0x02 (CGRAM ref #2)
t_wall=1785581091.417 t=4113081484 W DAT 0x00 (CGRAM ref #0)
t_wall=1785581091.417 t=4113081551 W DAT 0x00 (CGRAM ref #0)
t_wall=1785581091.418 t=4113081604 W DAT 0x00 (CGRAM ref #0)
t_wall=1785581091.418 t=4113081657 W DAT 0x00 (CGRAM ref #0)
t_wall=1785581091.418 t=4113081709 W DAT 0x01 (CGRAM ref #1)
t_wall=1785581091.419 t=4113081889 W CMD 0x0C [DISP_CTRL disp=1 cur=0 blink=0]
t_wall=1785581091.902 t=4113567017 W CMD 0x70 [SET_CGRAM 0x30]
t_wall=1785581091.902 t=4113567104 W DAT 0x02 (CGRAM ref #2)
t_wall=1785581091.902 t=4113567143 W DAT 0x00 (CGRAM ref #0)
t_wall=1785581091.902 t=4113567196 W DAT 0x02 (CGRAM ref #2)
t_wall=1785581091.903 t=4113567234 W DAT 0x00 (CGRAM ref #0)
t_wall=1785581091.903 t=4113567272 W DAT 0x02 (CGRAM ref #2)
t_wall=1785581091.903 t=4113567310 W DAT 0x02 (CGRAM ref #2)
t_wall=1785581091.903 t=4113567348 W DAT 0x02 (CGRAM ref #2)
t_wall=1785581091.904 t=4113567387 W DAT 0x01 (CGRAM ref #1)
t_wall=1785581091.904 t=4113568825 W CMD 0x0C [DISP_CTRL disp=1 cur=0 blink=0]
t_wall=1785581091.908 t=4113573660 W CMD 0x50 [SET_CGRAM 0x10]
t_wall=1785581091.909 t=4113573718 W DAT 0x00 (CGRAM ref #0)
t_wall=1785581091.912 t=4113573771 W DAT 0x00 (CGRAM ref #0)
t_wall=1785581091.912 t=4113573824 W DAT 0x00 (CGRAM ref #0)
t_wall=1785581091.912 t=4113573876 W DAT 0x00 (CGRAM ref #0)
t_wall=1785581091.913 t=4113573929 W DAT 0x00 (CGRAM ref #0)
t_wall=1785581091.913 t=4113573982 W DAT 0x00 (CGRAM ref #0)
t_wall=1785581091.913 t=4113574035 W DAT 0x0B
t_wall=1785581091.914 t=4113574088 W DAT 0x00 (CGRAM ref #0)
t_wall=1785581091.914 t=4113575583 W CMD 0x0C [DISP_CTRL disp=1 cur=0 blink=0]
t_wall=1785581092.362 t=4114027170 W CMD 0x50 [SET_CGRAM 0x10]
t_wall=1785581092.363 t=4114027229 W DAT 0x00 (CGRAM ref #0)
t_wall=1785581092.363 t=4114027282 W DAT 0x00 (CGRAM ref #0)
t_wall=1785581092.364 t=4114027335 W DAT 0x00 (CGRAM ref #0)
t_wall=1785581092.364 t=4114027388 W DAT 0x00 (CGRAM ref #0)
t_wall=1785581092.365 t=4114027440 W DAT 0x00 (CGRAM ref #0)
t_wall=1785581092.366 t=4114027493 W DAT 0x00 (CGRAM ref #0)
t_wall=1785581092.366 t=4114027546 W DAT 0x09
t_wall=1785581092.367 t=4114027599 W DAT 0x00 (CGRAM ref #0)
t_wall=1785581092.367 t=4114027779 W CMD 0x0C [DISP_CTRL disp=1 cur=0 blink=0]
t_wall=1785581092.369 t=4114033737 W CMD 0x70 [SET_CGRAM 0x30]
t_wall=1785581092.369 t=4114033854 W DAT 0x02 (CGRAM ref #2)
t_wall=1785581092.370 t=4114033892 W DAT 0x00 (CGRAM ref #0)
t_wall=1785581092.370 t=4114033945 W DAT 0x02 (CGRAM ref #2)
t_wall=1785581092.371 t=4114033983 W DAT 0x00 (CGRAM ref #0)
t_wall=1785581092.371 t=4114034050 W DAT 0x02 (CGRAM ref #2)
t_wall=1785581092.371 t=4114034088 W DAT 0x02 (CGRAM ref #2)
t_wall=1785581092.372 t=4114034127 W DAT 0x02 (CGRAM ref #2)
t_wall=1785581092.372 t=4114034165 W DAT 0x01 (CGRAM ref #1)
t_wall=1785581092.373 t=4114035596 W CMD 0x0C [DISP_CTRL disp=1 cur=0 blink=0]
t_wall=1785581092.421 # ALIVE us=4114086273 ring_depth=0 drops=0
t_wall=1785581092.854 t=4114519563 W CMD 0x70 [SET_CGRAM 0x30]
t_wall=1785581092.855 t=4114519622 W DAT 0x02 (CGRAM ref #2)
t_wall=1785581092.855 t=4114519660 W DAT 0x02 (CGRAM ref #2)
t_wall=1785581092.856 t=4114519698 W DAT 0x02 (CGRAM ref #2)
t_wall=1785581092.856 t=4114519736 W DAT 0x02 (CGRAM ref #2)
t_wall=1785581092.857 t=4114519775 W DAT 0x00 (CGRAM ref #0)
t_wall=1785581092.857 t=4114519828 W DAT 0x00 (CGRAM ref #0)
t_wall=1785581092.857 t=4114519881 W DAT 0x00 (CGRAM ref #0)
t_wall=1785581092.858 t=4114519934 W DAT 0x01 (CGRAM ref #1)
t_wall=1785581092.859 t=4114522408 W CMD 0x0C [DISP_CTRL disp=1 cur=0 blink=0]
t_wall=1785581092.861 t=4114526236 W CMD 0x50 [SET_CGRAM 0x10]
t_wall=1785581092.862 t=4114526280 W DAT 0x00 (CGRAM ref #0)
t_wall=1785581092.862 t=4114526362 W DAT 0x00 (CGRAM ref #0)
t_wall=1785581092.862 t=4114526415 W DAT 0x00 (CGRAM ref #0)
t_wall=1785581092.863 t=4114526467 W DAT 0x00 (CGRAM ref #0)
t_wall=1785581092.863 t=4114526535 W DAT 0x00 (CGRAM ref #0)
t_wall=1785581092.864 t=4114526588 W DAT 0x00 (CGRAM ref #0)
t_wall=1785581092.864 t=4114526641 W DAT 0x0B
t_wall=1785581092.864 t=4114526694 W DAT 0x00 (CGRAM ref #0)
t_wall=1785581092.865 t=4114526874 W CMD 0x0C [DISP_CTRL disp=1 cur=0 blink=0]
t_wall=1785581093.294 t=4114958491 W CMD 0x50 [SET_CGRAM 0x10]
t_wall=1785581093.294 t=4114958549 W DAT 0x00 (CGRAM ref #0)
t_wall=1785581093.295 t=4114958602 W DAT 0x00 (CGRAM ref #0)
t_wall=1785581093.296 t=4114958655 W DAT 0x00 (CGRAM ref #0)
t_wall=1785581093.296 t=4114958707 W DAT 0x00 (CGRAM ref #0)
t_wall=1785581093.297 t=4114958760 W DAT 0x00 (CGRAM ref #0)
t_wall=1785581093.298 t=4114958813 W DAT 0x00 (CGRAM ref #0)
t_wall=1785581093.299 t=4114958866 W DAT 0x09
t_wall=1785581093.300 t=4114958919 W DAT 0x00 (CGRAM ref #0)
t_wall=1785581093.301 t=4114959098 W CMD 0x0C [DISP_CTRL disp=1 cur=0 blink=0]
t_wall=1785581093.303 t=4114965185 W CMD 0x70 [SET_CGRAM 0x30]
t_wall=1785581093.304 t=4114965244 W DAT 0x02 (CGRAM ref #2)
t_wall=1785581093.305 t=4114965282 W DAT 0x02 (CGRAM ref #2)
t_wall=1785581093.307 t=4114965321 W DAT 0x02 (CGRAM ref #2)
t_wall=1785581093.308 t=4114965359 W DAT 0x02 (CGRAM ref #2)
t_wall=1785581093.310 t=4114965397 W DAT 0x00 (CGRAM ref #0)
t_wall=1785581093.311 t=4114965450 W DAT 0x00 (CGRAM ref #0)
t_wall=1785581093.314 t=4114965503 W DAT 0x00 (CGRAM ref #0)
t_wall=1785581093.319 t=4114965555 W DAT 0x01 (CGRAM ref #1)
t_wall=1785581093.326 t=4114965735 W CMD 0x0C [DISP_CTRL disp=1 cur=0 blink=0]
t_wall=1785581093.808 t=4115472839 W CMD 0x70 [SET_CGRAM 0x30]
t_wall=1785581093.808 t=4115472897 W DAT 0x00 (CGRAM ref #0)
t_wall=1785581093.809 t=4115472950 W DAT 0x02 (CGRAM ref #2)
t_wall=1785581093.809 t=4115472989 W DAT 0x02 (CGRAM ref #2)
t_wall=1785581093.810 t=4115473027 W DAT 0x02 (CGRAM ref #2)
t_wall=1785581093.810 t=4115473088 W DAT 0x00 (CGRAM ref #0)
t_wall=1785581093.811 t=4115473126 W DAT 0x00 (CGRAM ref #0)
t_wall=1785581093.811 t=4115473179 W DAT 0x00 (CGRAM ref #0)
t_wall=1785581093.812 t=4115473232 W DAT 0x01 (CGRAM ref #1)
t_wall=1785581093.812 t=4115473412 W CMD 0x0C [DISP_CTRL disp=1 cur=0 blink=0]
t_wall=1785581094.283 t=4115947602 W CMD 0x70 [SET_CGRAM 0x30]
t_wall=1785581094.285 t=4115947660 W DAT 0x00 (CGRAM ref #0)
t_wall=1785581094.286 t=4115947713 W DAT 0x02 (CGRAM ref #2)
t_wall=1785581094.287 t=4115947751 W DAT 0x02 (CGRAM ref #2)
t_wall=1785581094.289 t=4115947789 W DAT 0x02 (CGRAM ref #2)
t_wall=1785581094.290 t=4115947828 W DAT 0x00 (CGRAM ref #0)
t_wall=1785581094.291 t=4115947881 W DAT 0x00 (CGRAM ref #0)
t_wall=1785581094.292 t=4115947919 W DAT 0x00 (CGRAM ref #0)
t_wall=1785581094.293 t=4115947972 W DAT 0x03 (CGRAM ref #3)
t_wall=1785581094.295 t=4115948152 W CMD 0x0C [DISP_CTRL disp=1 cur=0 blink=0]
t_wall=1785581094.296 t=4115954065 W CMD 0x50 [SET_CGRAM 0x10]
t_wall=1785581094.297 t=4115954108 W DAT 0x00 (CGRAM ref #0)
t_wall=1785581094.298 t=4115954161 W DAT 0x00 (CGRAM ref #0)
t_wall=1785581094.299 t=4115954214 W DAT 0x00 (CGRAM ref #0)
t_wall=1785581094.301 t=4115954266 W DAT 0x00 (CGRAM ref #0)
t_wall=1785581094.302 t=4115954319 W DAT 0x00 (CGRAM ref #0)
t_wall=1785581094.302 t=4115954372 W DAT 0x00 (CGRAM ref #0)
t_wall=1785581094.303 t=4115954425 W DAT 0x0B
t_wall=1785581094.304 t=4115954478 W DAT 0x00 (CGRAM ref #0)
t_wall=1785581094.305 t=4115954659 W CMD 0x0C [DISP_CTRL disp=1 cur=0 blink=0]
t_wall=1785581094.421 # ALIVE us=4116086319 ring_depth=0 drops=0
t_wall=1785581095.423 # NOTE [recorder] connected /dev/ttyACM0
t_wall=1785581095.786 t=4117451752 W CMD 0x50 [SET_CGRAM 0x10]
t_wall=1785581095.787 t=4117451840 W DAT 0x00 (CGRAM ref #0)
t_wall=1785581095.788 t=4117451892 W DAT 0x00 (CGRAM ref #0)
t_wall=1785581095.788 t=4117451945 W DAT 0x00 (CGRAM ref #0)
t_wall=1785581095.789 t=4117451998 W DAT 0x00 (CGRAM ref #0)
t_wall=1785581095.789 t=4117452079 W DAT 0x00 (CGRAM ref #0)
t_wall=1785581095.790 t=4117452131 W DAT 0x00 (CGRAM ref #0)
t_wall=1785581095.790 t=4117452184 W DAT 0x09
t_wall=1785581095.790 t=4117452237 W DAT 0x00 (CGRAM ref #0)
t_wall=1785581095.791 t=4117453648 W CMD 0x0C [DISP_CTRL disp=1 cur=0 blink=0]
t_wall=1785581095.792 t=4117457507 W CMD 0x70 [SET_CGRAM 0x30]
t_wall=1785581095.793 t=4117457565 W DAT 0x00 (CGRAM ref #0)
t_wall=1785581095.793 t=4117457617 W DAT 0x02 (CGRAM ref #2)
t_wall=1785581095.794 t=4117457656 W DAT 0x02 (CGRAM ref #2)
t_wall=1785581095.794 t=4117457736 W DAT 0x02 (CGRAM ref #2)
t_wall=1785581095.795 t=4117457794 W DAT 0x00 (CGRAM ref #0)
t_wall=1785581095.795 t=4117457833 W DAT 0x00 (CGRAM ref #0)
t_wall=1785581095.796 t=4117457885 W DAT 0x00 (CGRAM ref #0)
t_wall=1785581095.796 t=4117457938 W DAT 0x01 (CGRAM ref #1)
t_wall=1785581095.797 t=4117458118 W CMD 0x0C [DISP_CTRL disp=1 cur=0 blink=0]
t_wall=1785581096.246 t=4117911348 W CMD 0x70 [SET_CGRAM 0x30]
t_wall=1785581096.246 t=4117911430 W DAT 0x02 (CGRAM ref #2)
t_wall=1785581096.246 t=4117911468 W DAT 0x02 (CGRAM ref #2)
t_wall=1785581096.247 t=4117911506 W DAT 0x02 (CGRAM ref #2)
t_wall=1785581096.247 t=4117911544 W DAT 0x02 (CGRAM ref #2)
t_wall=1785581096.247 t=4117911582 W DAT 0x00 (CGRAM ref #0)
t_wall=1785581096.248 t=4117911620 W DAT 0x00 (CGRAM ref #0)
t_wall=1785581096.248 t=4117911673 W DAT 0x00 (CGRAM ref #0)
t_wall=1785581096.248 t=4117911725 W DAT 0x01 (CGRAM ref #1)
t_wall=1785581096.249 t=4117911905 W CMD 0x0C [DISP_CTRL disp=1 cur=0 blink=0]
t_wall=1785581096.421 # ALIVE us=4118086366 ring_depth=0 drops=0
t_wall=1785581096.656 t=4118321437 W CMD 0x70 [SET_CGRAM 0x30]
t_wall=1785581096.656 t=4118321495 W DAT 0x02 (CGRAM ref #2)
t_wall=1785581096.657 t=4118321534 W DAT 0x02 (CGRAM ref #2)
t_wall=1785581096.657 t=4118321572 W DAT 0x02 (CGRAM ref #2)
t_wall=1785581096.658 t=4118321610 W DAT 0x02 (CGRAM ref #2)
t_wall=1785581096.658 t=4118321648 W DAT 0x00 (CGRAM ref #0)
t_wall=1785581096.659 t=4118321701 W DAT 0x00 (CGRAM ref #0)
t_wall=1785581096.659 t=4118321754 W DAT 0x00 (CGRAM ref #0)
t_wall=1785581096.660 t=4118321807 W DAT 0x01 (CGRAM ref #1)
t_wall=1785581096.660 t=4118322009 W CMD 0x0C [DISP_CTRL disp=1 cur=0 blink=0]
t_wall=1785581096.663 t=4118328054 W CMD 0x50 [SET_CGRAM 0x10]
t_wall=1785581096.663 t=4118328186 W DAT 0x00 (CGRAM ref #0)
t_wall=1785581096.663 t=4118328238 W DAT 0x00 (CGRAM ref #0)
t_wall=1785581096.664 t=4118328291 W DAT 0x00 (CGRAM ref #0)
t_wall=1785581096.664 t=4118328344 W DAT 0x00 (CGRAM ref #0)
t_wall=1785581096.665 t=4118328397 W DAT 0x00 (CGRAM ref #0)
t_wall=1785581096.665 t=4118328450 W DAT 0x00 (CGRAM ref #0)
t_wall=1785581096.665 t=4118328502 W DAT 0x0B
t_wall=1785581096.666 t=4118328597 W DAT 0x00 (CGRAM ref #0)
t_wall=1785581096.666 t=4118328778 W CMD 0x0C [DISP_CTRL disp=1 cur=0 blink=0]
t_wall=1785581096.720 t=4118385219 W CMD 0x50 [SET_CGRAM 0x10]
t_wall=1785581096.721 t=4118385278 W DAT 0x00 (CGRAM ref #0)
t_wall=1785581096.721 t=4118385330 W DAT 0x00 (CGRAM ref #0)
t_wall=1785581096.721 t=4118385383 W DAT 0x00 (CGRAM ref #0)
t_wall=1785581096.722 t=4118385436 W DAT 0x00 (CGRAM ref #0)
t_wall=1785581096.722 t=4118385512 W DAT 0x00 (CGRAM ref #0)
t_wall=1785581096.722 t=4118385550 W DAT 0x00 (CGRAM ref #0)
t_wall=1785581096.722 t=4118385603 W DAT 0x09
t_wall=1785581096.723 t=4118385656 W DAT 0x00 (CGRAM ref #0)
t_wall=1785581096.723 t=4118387974 W CMD 0x0C [DISP_CTRL disp=1 cur=0 blink=0]
t_wall=1785581096.726 t=4118391739 W CMD 0x70 [SET_CGRAM 0x30]
t_wall=1785581096.726 t=4118391797 W DAT 0x02 (CGRAM ref #2)
t_wall=1785581096.727 t=4118391835 W DAT 0x00 (CGRAM ref #0)
t_wall=1785581096.727 t=4118391915 W DAT 0x02 (CGRAM ref #2)
t_wall=1785581096.727 t=4118391953 W DAT 0x00 (CGRAM ref #0)
t_wall=1785581096.728 t=4118392006 W DAT 0x02 (CGRAM ref #2)
t_wall=1785581096.728 t=4118392044 W DAT 0x02 (CGRAM ref #2)
t_wall=1785581096.728 t=4118392082 W DAT 0x02 (CGRAM ref #2)
t_wall=1785581096.728 t=4118392121 W DAT 0x01 (CGRAM ref #1)
t_wall=1785581096.729 t=4118392301 W CMD 0x0C [DISP_CTRL disp=1 cur=0 blink=0]
t_wall=1785581097.137 t=4118802194 W CMD 0x70 [SET_CGRAM 0x30]
t_wall=1785581097.138 t=4118802282 W DAT 0x02 (CGRAM ref #2)
t_wall=1785581097.138 t=4118802320 W DAT 0x00 (CGRAM ref #0)
t_wall=1785581097.139 t=4118802373 W DAT 0x02 (CGRAM ref #2)
t_wall=1785581097.139 t=4118802411 W DAT 0x00 (CGRAM ref #0)
t_wall=1785581097.140 t=4118802449 W DAT 0x02 (CGRAM ref #2)
t_wall=1785581097.141 t=4118802487 W DAT 0x02 (CGRAM ref #2)
t_wall=1785581097.141 t=4118802525 W DAT 0x02 (CGRAM ref #2)
t_wall=1785581097.142 t=4118802564 W DAT 0x01 (CGRAM ref #1)
t_wall=1785581097.143 t=4118804061 W CMD 0x0C [DISP_CTRL disp=1 cur=0 blink=0]
t_wall=1785581097.144 t=4118808750 W CMD 0x50 [SET_CGRAM 0x10]
t_wall=1785581097.144 t=4118808808 W DAT 0x00 (CGRAM ref #0)
t_wall=1785581097.145 t=4118808861 W DAT 0x00 (CGRAM ref #0)
t_wall=1785581097.145 t=4118808914 W DAT 0x00 (CGRAM ref #0)
t_wall=1785581097.145 t=4118808967 W DAT 0x00 (CGRAM ref #0)
t_wall=1785581097.145 t=4118809019 W DAT 0x00 (CGRAM ref #0)
t_wall=1785581097.146 t=4118809072 W DAT 0x00 (CGRAM ref #0)
t_wall=1785581097.146 t=4118809125 W DAT 0x0B
t_wall=1785581097.146 t=4118809178 W DAT 0x00 (CGRAM ref #0)
t_wall=1785581097.146 t=4118809358 W CMD 0x0C [DISP_CTRL disp=1 cur=0 blink=0]
t_wall=1785581097.592 t=4119256973 W CMD 0x70 [SET_CGRAM 0x30]
t_wall=1785581097.593 t=4119257031 W DAT 0x02 (CGRAM ref #2)
t_wall=1785581097.594 t=4119257070 W DAT 0x00 (CGRAM ref #0)
t_wall=1785581097.595 t=4119257152 W DAT 0x02 (CGRAM ref #2)
t_wall=1785581097.596 t=4119257190 W DAT 0x00 (CGRAM ref #0)
t_wall=1785581097.600 t=4119257257 W DAT 0x00 (CGRAM ref #0)
t_wall=1785581097.608 t=4119257310 W DAT 0x00 (CGRAM ref #0)
t_wall=1785581097.613 t=4119257363 W DAT 0x00 (CGRAM ref #0)
t_wall=1785581097.619 t=4119257415 W DAT 0x01 (CGRAM ref #1)
t_wall=1785581097.626 t=4119258908 W CMD 0x0C [DISP_CTRL disp=1 cur=0 blink=0]
t_wall=1785581097.630 t=4119263561 W CMD 0x50 [SET_CGRAM 0x10]
t_wall=1785581097.633 t=4119263619 W DAT 0x00 (CGRAM ref #0)
t_wall=1785581097.637 t=4119263672 W DAT 0x00 (CGRAM ref #0)
t_wall=1785581097.640 t=4119263725 W DAT 0x00 (CGRAM ref #0)
t_wall=1785581097.643 t=4119263777 W DAT 0x00 (CGRAM ref #0)
t_wall=1785581097.645 t=4119263830 W DAT 0x00 (CGRAM ref #0)
t_wall=1785581097.647 t=4119263883 W DAT 0x00 (CGRAM ref #0)
t_wall=1785581097.649 t=4119263959 W DAT 0x09
t_wall=1785581097.651 t=4119264012 W DAT 0x00 (CGRAM ref #0)
t_wall=1785581097.653 t=4119265481 W CMD 0x0C [DISP_CTRL disp=1 cur=0 blink=0]
t_wall=1785581098.036 t=4119701189 W CMD 0x70 [SET_CGRAM 0x30]
t_wall=1785581098.037 t=4119701321 W DAT 0x02 (CGRAM ref #2)
t_wall=1785581098.040 t=4119701359 W DAT 0x02 (CGRAM ref #2)
t_wall=1785581098.040 t=4119701397 W DAT 0x02 (CGRAM ref #2)
t_wall=1785581098.041 t=4119701436 W DAT 0x02 (CGRAM ref #2)
t_wall=1785581098.041 t=4119701474 W DAT 0x02 (CGRAM ref #2)
t_wall=1785581098.041 t=4119701512 W DAT 0x00 (CGRAM ref #0)
t_wall=1785581098.041 t=4119701565 W DAT 0x02 (CGRAM ref #2)
t_wall=1785581098.042 t=4119701603 W DAT 0x01 (CGRAM ref #1)
t_wall=1785581098.042 t=4119703110 W CMD 0x0C [DISP_CTRL disp=1 cur=0 blink=0]
t_wall=1785581098.421 # ALIVE us=4120086414 ring_depth=0 drops=0
t_wall=1785581098.468 t=4120133642 W CMD 0x70 [SET_CGRAM 0x30]
t_wall=1785581098.468 t=4120133700 W DAT 0x02 (CGRAM ref #2)
t_wall=1785581098.469 t=4120133738 W DAT 0x02 (CGRAM ref #2)
t_wall=1785581098.469 t=4120133776 W DAT 0x02 (CGRAM ref #2)
t_wall=1785581098.469 t=4120133814 W DAT 0x02 (CGRAM ref #2)
t_wall=1785581098.470 t=4120133853 W DAT 0x02 (CGRAM ref #2)
t_wall=1785581098.470 t=4120133891 W DAT 0x00 (CGRAM ref #0)
t_wall=1785581098.470 t=4120133929 W DAT 0x02 (CGRAM ref #2)
t_wall=1785581098.471 t=4120133967 W DAT 0x01 (CGRAM ref #1)
t_wall=1785581098.471 t=4120134147 W CMD 0x0C [DISP_CTRL disp=1 cur=0 blink=0]
t_wall=1785581098.474 t=4120140125 W CMD 0x50 [SET_CGRAM 0x10]
t_wall=1785581098.475 t=4120140183 W DAT 0x00 (CGRAM ref #0)
t_wall=1785581098.475 t=4120140236 W DAT 0x00 (CGRAM ref #0)
t_wall=1785581098.475 t=4120140289 W DAT 0x00 (CGRAM ref #0)
t_wall=1785581098.476 t=4120140350 W DAT 0x00 (CGRAM ref #0)
t_wall=1785581098.476 t=4120140403 W DAT 0x00 (CGRAM ref #0)
t_wall=1785581098.476 t=4120140455 W DAT 0x00 (CGRAM ref #0)
t_wall=1785581098.477 t=4120140508 W DAT 0x0B
t_wall=1785581098.477 t=4120140561 W DAT 0x00 (CGRAM ref #0)
t_wall=1785581098.477 t=4120140741 W CMD 0x0C [DISP_CTRL disp=1 cur=0 blink=0]
t_wall=1785581098.912 t=4120577686 W CMD 0x70 [SET_CGRAM 0x30]
t_wall=1785581098.913 t=4120577744 W DAT 0x00 (CGRAM ref #0)
t_wall=1785581098.913 t=4120577797 W DAT 0x02 (CGRAM ref #2)
t_wall=1785581098.913 t=4120577835 W DAT 0x02 (CGRAM ref #2)
t_wall=1785581098.914 t=4120577874 W DAT 0x02 (CGRAM ref #2)
t_wall=1785581098.914 t=4120577912 W DAT 0x02 (CGRAM ref #2)
t_wall=1785581098.915 t=4120577950 W DAT 0x02 (CGRAM ref #2)
t_wall=1785581098.915 t=4120577988 W DAT 0x02 (CGRAM ref #2)
t_wall=1785581098.916 t=4120578027 W DAT 0x01 (CGRAM ref #1)
t_wall=1785581098.916 t=4120580425 W CMD 0x0C [DISP_CTRL disp=1 cur=0 blink=0]
t_wall=1785581098.919 t=4120584287 W CMD 0x50 [SET_CGRAM 0x10]
t_wall=1785581098.919 t=4120584345 W DAT 0x00 (CGRAM ref #0)
t_wall=1785581098.920 t=4120584398 W DAT 0x00 (CGRAM ref #0)
t_wall=1785581098.920 t=4120584451 W DAT 0x00 (CGRAM ref #0)
t_wall=1785581098.920 t=4120584504 W DAT 0x00 (CGRAM ref #0)
t_wall=1785581098.921 t=4120584556 W DAT 0x00 (CGRAM ref #0)
t_wall=1785581098.921 t=4120584609 W DAT 0x00 (CGRAM ref #0)
t_wall=1785581098.921 t=4120584662 W DAT 0x09
t_wall=1785581098.922 t=4120584715 W DAT 0x00 (CGRAM ref #0)
t_wall=1785581098.922 t=4120586226 W CMD 0x0C [DISP_CTRL disp=1 cur=0 blink=0]
t_wall=1785581099.319 t=4120984073 W CMD 0x50 [SET_CGRAM 0x10]
t_wall=1785581099.320 t=4120984132 W DAT 0x00 (CGRAM ref #0)
t_wall=1785581099.321 t=4120984184 W DAT 0x00 (CGRAM ref #0)
t_wall=1785581099.321 t=4120984237 W DAT 0x00 (CGRAM ref #0)
t_wall=1785581099.322 t=4120984290 W DAT 0x00 (CGRAM ref #0)
t_wall=1785581099.323 t=4120984343 W DAT 0x00 (CGRAM ref #0)
t_wall=1785581099.323 t=4120984395 W DAT 0x00 (CGRAM ref #0)
t_wall=1785581099.324 t=4120984448 W DAT 0x0B
t_wall=1785581099.325 t=4120984501 W DAT 0x00 (CGRAM ref #0)
t_wall=1785581099.326 t=4120986948 W CMD 0x0C [DISP_CTRL disp=1 cur=0 blink=0]
t_wall=1785581099.327 t=4120990750 W CMD 0x70 [SET_CGRAM 0x30]
t_wall=1785581099.327 t=4120990809 W DAT 0x00 (CGRAM ref #0)
t_wall=1785581099.328 t=4120990861 W DAT 0x02 (CGRAM ref #2)
t_wall=1785581099.329 t=4120990899 W DAT 0x02 (CGRAM ref #2)
t_wall=1785581099.330 t=4120990938 W DAT 0x02 (CGRAM ref #2)
t_wall=1785581099.331 t=4120990976 W DAT 0x02 (CGRAM ref #2)
t_wall=1785581099.332 t=4120991014 W DAT 0x02 (CGRAM ref #2)
t_wall=1785581099.333 t=4120991052 W DAT 0x02 (CGRAM ref #2)
t_wall=1785581099.334 t=4120991091 W DAT 0x01 (CGRAM ref #1)
t_wall=1785581099.336 t=4120991271 W CMD 0x0C [DISP_CTRL disp=1 cur=0 blink=0]
t_wall=1785581099.785 t=4121450112 W CMD 0x50 [SET_CGRAM 0x10]
t_wall=1785581099.785 t=4121450170 W DAT 0x00 (CGRAM ref #0)
t_wall=1785581099.786 t=4121450223 W DAT 0x00 (CGRAM ref #0)
t_wall=1785581099.787 t=4121450276 W DAT 0x00 (CGRAM ref #0)
t_wall=1785581099.787 t=4121450329 W DAT 0x00 (CGRAM ref #0)
t_wall=1785581099.788 t=4121450382 W DAT 0x00 (CGRAM ref #0)
t_wall=1785581099.788 t=4121450435 W DAT 0x00 (CGRAM ref #0)
t_wall=1785581099.789 t=4121450488 W DAT 0x09
t_wall=1785581099.789 t=4121450541 W DAT 0x00 (CGRAM ref #0)
t_wall=1785581099.790 t=4121450720 W CMD 0x0C [DISP_CTRL disp=1 cur=0 blink=0]
t_wall=1785581099.791 t=4121456789 W CMD 0x70 [SET_CGRAM 0x30]
t_wall=1785581099.792 t=4121456834 W DAT 0x02 (CGRAM ref #2)
t_wall=1785581099.793 t=4121456872 W DAT 0x00 (CGRAM ref #0)
t_wall=1785581099.793 t=4121456939 W DAT 0x02 (CGRAM ref #2)
t_wall=1785581099.794 t=4121456977 W DAT 0x02 (CGRAM ref #2)
t_wall=1785581099.794 t=4121457016 W DAT 0x00 (CGRAM ref #0)
t_wall=1785581099.795 t=4121457054 W DAT 0x02 (CGRAM ref #2)
t_wall=1785581099.796 t=4121457092 W DAT 0x02 (CGRAM ref #2)
t_wall=1785581099.796 t=4121457130 W DAT 0x01 (CGRAM ref #1)
t_wall=1785581099.797 t=4121458620 W CMD 0x0C [DISP_CTRL disp=1 cur=0 blink=0]
t_wall=1785581100.421 # ALIVE us=4122086460 ring_depth=0 drops=0
t_wall=1785581101.423 # NOTE [recorder] connected /dev/ttyACM0
t_wall=1785581102.421 # ALIVE us=4124086507 ring_depth=0 drops=0
t_wall=1785581103.424 # NOTE [recorder] connected /dev/ttyACM0
t_wall=1785581104.421 # ALIVE us=4126086556 ring_depth=0 drops=0
t_wall=1785581104.459 t=4126125115 W CMD 0x70 [SET_CGRAM 0x30]
t_wall=1785581104.460 t=4126125174 W DAT 0x00 (CGRAM ref #0)
t_wall=1785581104.460 t=4126125226 W DAT 0x00 (CGRAM ref #0)
t_wall=1785581104.460 t=4126125302 W DAT 0x00 (CGRAM ref #0)
t_wall=1785581104.460 t=4126125355 W DAT 0x00 (CGRAM ref #0)
t_wall=1785581104.461 t=4126125408 W DAT 0x00 (CGRAM ref #0)
t_wall=1785581104.461 t=4126125461 W DAT 0x00 (CGRAM ref #0)
t_wall=1785581104.461 t=4126125513 W DAT 0x00 (CGRAM ref #0)
t_wall=1785581104.462 t=4126125566 W DAT 0x01 (CGRAM ref #1)
t_wall=1785581104.462 t=4126127058 W CMD 0x0C [DISP_CTRL disp=1 cur=0 blink=0]
t_wall=1785581105.464 # NOTE [recorder] connected /dev/ttyACM0
t_wall=1785581106.421 # ALIVE us=4128086605 ring_depth=0 drops=0
t_wall=1785581106.823 t=4128489214 W CMD 0x70 [SET_CGRAM 0x30]
t_wall=1785581106.824 t=4128489272 W DAT 0x02 (CGRAM ref #2)
t_wall=1785581106.824 t=4128489311 W DAT 0x00 (CGRAM ref #0)
t_wall=1785581106.824 t=4128489364 W DAT 0x02 (CGRAM ref #2)
t_wall=1785581106.825 t=4128489402 W DAT 0x00 (CGRAM ref #0)
t_wall=1785581106.825 t=4128489498 W DAT 0x00 (CGRAM ref #0)
t_wall=1785581106.826 t=4128489551 W DAT 0x00 (CGRAM ref #0)
t_wall=1785581106.826 t=4128489604 W DAT 0x00 (CGRAM ref #0)
t_wall=1785581106.827 t=4128489643 W DAT 0x01 (CGRAM ref #1)
t_wall=1785581106.827 t=4128489846 W CMD 0x0C [DISP_CTRL disp=1 cur=0 blink=0]
t_wall=1785581107.829 # NOTE [recorder] connected /dev/ttyACM0
t_wall=1785581108.421 # ALIVE us=4130086658 ring_depth=0 drops=0
t_wall=1785581109.422 # NOTE [recorder] connected /dev/ttyACM0
t_wall=1785581110.421 # ALIVE us=4132086709 ring_depth=0 drops=0
t_wall=1785581111.422 # NOTE [recorder] connected /dev/ttyACM0
t_wall=1785581111.450 t=4133116313 W CMD 0x70 [SET_CGRAM 0x30]
t_wall=1785581111.450 t=4133116372 W DAT 0x00 (CGRAM ref #0)
t_wall=1785581111.451 t=4133116425 W DAT 0x00 (CGRAM ref #0)
t_wall=1785581111.451 t=4133116478 W DAT 0x00 (CGRAM ref #0)
t_wall=1785581111.451 t=4133116530 W DAT 0x00 (CGRAM ref #0)
t_wall=1785581111.451 t=4133116583 W DAT 0x00 (CGRAM ref #0)
t_wall=1785581111.452 t=4133116636 W DAT 0x00 (CGRAM ref #0)
t_wall=1785581111.452 t=4133116731 W DAT 0x00 (CGRAM ref #0)
t_wall=1785581111.452 t=4133116784 W DAT 0x01 (CGRAM ref #1)
t_wall=1785581111.452 t=4133118205 W CMD 0x78 [SET_CGRAM 0x38]
t_wall=1785581111.453 t=4133118263 W DAT 0x00 (CGRAM ref #0)
t_wall=1785581111.453 t=4133118316 W DAT 0x00 (CGRAM ref #0)
t_wall=1785581111.456 t=4133122133 W DAT 0x00 (CGRAM ref #0)
t_wall=1785581111.460 t=4133125981 W DAT 0x00 (CGRAM ref #0)
t_wall=1785581111.460 t=4133126019 W DAT 0x00 (CGRAM ref #0)
t_wall=1785581111.464 t=4133129880 W DAT 0x00 (CGRAM ref #0)
t_wall=1785581111.467 t=4133133698 W DAT 0x00 (CGRAM ref #0)
t_wall=1785581111.468 t=4133133736 W DAT 0x00 (CGRAM ref #0)
t_wall=1785581111.468 t=4133133916 W CMD 0x0C [DISP_CTRL disp=1 cur=0 blink=0]
t_wall=1785581112.420 # ALIVE us=4134086757 ring_depth=0 drops=0
t_wall=1785581113.421 # NOTE [recorder] connected /dev/ttyACM0
t_wall=1785581114.421 # ALIVE us=4136086805 ring_depth=0 drops=0
t_wall=1785581115.423 # NOTE [recorder] connected /dev/ttyACM0
t_wall=1785581116.421 # ALIVE us=4138086856 ring_depth=0 drops=0
t_wall=1785581117.423 # NOTE [recorder] connected /dev/ttyACM0
t_wall=1785581118.421 # ALIVE us=4140086904 ring_depth=0 drops=0
t_wall=1785581119.422 # NOTE [recorder] connected /dev/ttyACM0
t_wall=1785581120.420 # ALIVE us=4142086952 ring_depth=0 drops=0
t_wall=1785581121.421 # NOTE [recorder] connected /dev/ttyACM0
t_wall=1785581122.421 # ALIVE us=4144087002 ring_depth=0 drops=0
t_wall=1785581123.425 # NOTE [recorder] connected /dev/ttyACM0
t_wall=1785581124.420 # ALIVE us=4146087051 ring_depth=0 drops=0
t_wall=1785581125.422 # NOTE [recorder] connected /dev/ttyACM0
t_wall=1785581126.420 # ALIVE us=4148087099 ring_depth=0 drops=0
t_wall=1785581127.421 # NOTE [recorder] connected /dev/ttyACM0
t_wall=1785581128.420 # ALIVE us=4150087149 ring_depth=0 drops=0
t_wall=1785581129.421 # NOTE [recorder] connected /dev/ttyACM0
t_wall=1785581130.420 # ALIVE us=4152087198 ring_depth=0 drops=0
t_wall=1785581131.421 # NOTE [recorder] connected /dev/ttyACM0
t_wall=1785581132.420 # ALIVE us=4154087247 ring_depth=0 drops=0
t_wall=1785581133.421 # NOTE [recorder] connected /dev/ttyACM0
t_wall=1785581134.420 # ALIVE us=4156087296 ring_depth=0 drops=0
t_wall=1785581134.611 # NOTE taking all bar level meters to min and then to max
t_wall=1785581135.422 # NOTE [recorder] connected /dev/ttyACM0
t_wall=1785581136.420 # ALIVE us=4158087346 ring_depth=0 drops=0
t_wall=1785581137.421 # NOTE [recorder] connected /dev/ttyACM0
t_wall=1785581138.420 # ALIVE us=4160087394 ring_depth=0 drops=0
t_wall=1785581139.421 # NOTE [recorder] connected /dev/ttyACM0
t_wall=1785581140.420 # ALIVE us=4162087443 ring_depth=0 drops=0
t_wall=1785581141.421 # NOTE [recorder] connected /dev/ttyACM0
t_wall=1785581142.420 # ALIVE us=4164087493 ring_depth=0 drops=0
t_wall=1785581143.422 # NOTE [recorder] connected /dev/ttyACM0
t_wall=1785581144.420 # ALIVE us=4166087541 ring_depth=0 drops=0
t_wall=1785581145.421 # NOTE [recorder] connected /dev/ttyACM0
t_wall=1785581146.420 # ALIVE us=4168087590 ring_depth=0 drops=0
t_wall=1785581147.422 # NOTE [recorder] connected /dev/ttyACM0
t_wall=1785581148.420 # ALIVE us=4170087639 ring_depth=0 drops=0
t_wall=1785581149.422 # NOTE [recorder] connected /dev/ttyACM0
t_wall=1785581150.420 # ALIVE us=4172087688 ring_depth=0 drops=0
t_wall=1785581151.421 # NOTE [recorder] connected /dev/ttyACM0
t_wall=1785581152.420 # ALIVE us=4174087737 ring_depth=0 drops=0
t_wall=1785581153.421 # NOTE [recorder] connected /dev/ttyACM0
t_wall=1785581154.420 # ALIVE us=4176087786 ring_depth=0 drops=0
t_wall=1785581155.421 # NOTE [recorder] connected /dev/ttyACM0
t_wall=1785581156.420 # ALIVE us=4178087833 ring_depth=0 drops=0
t_wall=1785581157.421 # NOTE [recorder] connected /dev/ttyACM0
t_wall=1785581158.420 # ALIVE us=4180087881 ring_depth=0 drops=0
t_wall=1785581159.421 # NOTE [recorder] connected /dev/ttyACM0
t_wall=1785581160.310 t=4181978131 W CMD 0x58 [SET_CGRAM 0x18]
t_wall=1785581160.310 t=4181978189 W DAT 0x00 (CGRAM ref #0)
t_wall=1785581160.311 t=4181978242 W DAT 0x00 (CGRAM ref #0)
t_wall=1785581160.313 t=4181982060 W DAT 0x00 (CGRAM ref #0)
t_wall=1785581160.317 t=4181985935 W DAT 0x00 (CGRAM ref #0)
t_wall=1785581160.318 t=4181985973 W DAT 0x00 (CGRAM ref #0)
t_wall=1785581160.321 t=4181989805 W DAT 0x00 (CGRAM ref #0)
t_wall=1785581160.325 t=4181993624 W DAT 0x00 (CGRAM ref #0)
t_wall=1785581160.329 t=4181997397 W DAT 0x00 (CGRAM ref #0)
t_wall=1785581160.329 t=4181997460 W CMD 0x0C [DISP_CTRL disp=1 cur=0 blink=0]
t_wall=1785581160.335 t=4182003169 W CMD 0x70 [SET_CGRAM 0x30]
t_wall=1785581160.335 t=4182003227 W DAT 0x00 (CGRAM ref #0)
t_wall=1785581160.335 t=4182003279 W DAT 0x00 (CGRAM ref #0)
t_wall=1785581160.335 t=4182003332 W DAT 0x00 (CGRAM ref #0)
t_wall=1785581160.336 t=4182003385 W DAT 0x00 (CGRAM ref #0)
t_wall=1785581160.336 t=4182003438 W DAT 0x00 (CGRAM ref #0)
t_wall=1785581160.336 t=4182003491 W DAT 0x00 (CGRAM ref #0)
t_wall=1785581160.336 t=4182003544 W DAT 0x00 (CGRAM ref #0)
t_wall=1785581160.337 t=4182003596 W DAT 0x01 (CGRAM ref #1)
t_wall=1785581160.337 t=4182003658 W CMD 0x0C [DISP_CTRL disp=1 cur=0 blink=0]
t_wall=1785581160.338 t=4182006244 W CMD 0x80 [SET_DDRAM 0x00]
t_wall=1785581160.339 t=4182007560 W CMD 0x48 [SET_CGRAM 0x08]
t_wall=1785581160.339 t=4182007619 W DAT 0x00 (CGRAM ref #0)
t_wall=1785581160.339 t=4182007671 W DAT 0x0C
t_wall=1785581160.343 t=4182011487 W DAT 0x08
t_wall=1785581160.347 t=4182015333 W DAT 0x08
t_wall=1785581160.350 t=4182019202 W DAT 0x0C
t_wall=1785581160.354 t=4182023034 W DAT 0x00 (CGRAM ref #0)
t_wall=1785581160.358 t=4182026853 W DAT 0x00 (CGRAM ref #0)
t_wall=1785581160.362 t=4182030696 W DAT 0x00 (CGRAM ref #0)
t_wall=1785581160.362 t=4182030757 W CMD 0x0C [DISP_CTRL disp=1 cur=0 blink=0]
t_wall=1785581160.365 t=4182033898 W CMD 0x50 [SET_CGRAM 0x10]
t_wall=1785581160.366 t=4182033957 W DAT 0x00 (CGRAM ref #0)
t_wall=1785581160.366 t=4182034009 W DAT 0x00 (CGRAM ref #0)
t_wall=1785581160.366 t=4182034062 W DAT 0x00 (CGRAM ref #0)
t_wall=1785581160.366 t=4182034115 W DAT 0x00 (CGRAM ref #0)
t_wall=1785581160.367 t=4182034167 W DAT 0x00 (CGRAM ref #0)
t_wall=1785581160.367 t=4182034220 W DAT 0x00 (CGRAM ref #0)
t_wall=1785581160.367 t=4182034273 W DAT 0x00 (CGRAM ref #0)
t_wall=1785581160.367 t=4182034326 W DAT 0x00 (CGRAM ref #0)
t_wall=1785581160.368 t=4182034388 W CMD 0x0C [DISP_CTRL disp=1 cur=0 blink=0]
t_wall=1785581160.368 t=4182036959 W CMD 0x80 [SET_DDRAM 0x00]
t_wall=1785581160.370 t=4182038302 W DAT 0x49 'I'
t_wall=1785581160.376 t=4182044331 W DAT 0x4E 'N'
t_wall=1785581160.380 t=4182048228 W DAT 0x49 'I'
t_wall=1785581160.384 t=4182052121 W DAT 0x54 'T'
t_wall=1785581160.385 t=4182053496 W DAT 0x49 'I'
t_wall=1785581160.389 t=4182058118 W DAT 0x41 'A'
t_wall=1785581160.392 t=4182060699 W DAT 0x4C 'L'
t_wall=1785581160.395 t=4182063264 W DAT 0x20 ' '
t_wall=1785581160.396 t=4182064585 W DAT 0x20 ' '
t_wall=1785581160.398 t=4182066821 W DAT 0x20 ' '
t_wall=1785581160.420 # ALIVE us=4182087930 ring_depth=0 drops=0
t_wall=1785581161.421 # NOTE [recorder] connected /dev/ttyACM0
t_wall=1785581161.658 t=4183326115 W DAT 0x20 ' '
t_wall=1785581161.659 t=4183327456 W CMD 0xC3 [SET_DDRAM 0x43]
t_wall=1785581161.660 t=4183328794 W DAT 0x54 'T'
t_wall=1785581161.661 t=4183330078 W DAT 0x6F 'o'
t_wall=1785581161.665 t=4183334022 W DAT 0x74 't'
t_wall=1785581161.667 t=4183336113 W DAT 0x61 'a'
t_wall=1785581161.669 t=4183337399 W DAT 0x6C 'l'
t_wall=1785581161.671 t=4183340009 W DAT 0x20 ' '
t_wall=1785581161.674 t=4183342585 W DAT 0x20 ' '
t_wall=1785581161.676 t=4183343919 W CMD 0x0C [DISP_CTRL disp=1 cur=0 blink=0]
t_wall=1785581162.419 # ALIVE us=4184087977 ring_depth=0 drops=0
t_wall=1785581163.421 # NOTE [recorder] connected /dev/ttyACM0
t_wall=1785581164.419 # ALIVE us=4186088023 ring_depth=0 drops=0
t_wall=1785581165.421 # NOTE [recorder] connected /dev/ttyACM0
t_wall=1785581166.419 # ALIVE us=4188088072 ring_depth=0 drops=0
t_wall=1785581167.421 # NOTE [recorder] connected /dev/ttyACM0
t_wall=1785581168.419 # ALIVE us=4190088121 ring_depth=0 drops=0
t_wall=1785581169.421 # NOTE [recorder] connected /dev/ttyACM0
t_wall=1785581170.419 # ALIVE us=4192088171 ring_depth=0 drops=0
t_wall=1785581171.421 # NOTE [recorder] connected /dev/ttyACM0
t_wall=1785581172.420 # ALIVE us=4194088221 ring_depth=0 drops=0
t_wall=1785581173.421 # NOTE [recorder] connected /dev/ttyACM0
t_wall=1785581174.419 # ALIVE us=4196088270 ring_depth=0 drops=0
t_wall=1785581175.421 # NOTE [recorder] connected /dev/ttyACM0
t_wall=1785581176.419 # ALIVE us=4198088319 ring_depth=0 drops=0
t_wall=1785581177.421 # NOTE [recorder] connected /dev/ttyACM0
t_wall=1785581178.419 # ALIVE us=4200088368 ring_depth=0 drops=0
t_wall=1785581179.421 # NOTE [recorder] connected /dev/ttyACM0
t_wall=1785581180.419 # ALIVE us=4202088416 ring_depth=0 drops=0
t_wall=1785581181.421 # NOTE [recorder] connected /dev/ttyACM0
t_wall=1785581182.419 # ALIVE us=4204088465 ring_depth=0 drops=0
t_wall=1785581183.421 # NOTE [recorder] connected /dev/ttyACM0
t_wall=1785581184.419 # ALIVE us=4206088513 ring_depth=0 drops=0
t_wall=1785581185.421 # NOTE [recorder] connected /dev/ttyACM0
t_wall=1785581186.419 # ALIVE us=4208088561 ring_depth=0 drops=0
t_wall=1785581187.421 # NOTE [recorder] connected /dev/ttyACM0
t_wall=1785581188.419 # ALIVE us=4210088609 ring_depth=0 drops=0
t_wall=1785581189.421 # NOTE [recorder] connected /dev/ttyACM0
t_wall=1785581190.419 # ALIVE us=4212088658 ring_depth=0 drops=0
t_wall=1785581191.420 # NOTE [recorder] connected /dev/ttyACM0
t_wall=1785581192.419 # ALIVE us=4214088707 ring_depth=0 drops=0
t_wall=1785581193.420 # NOTE [recorder] connected /dev/ttyACM0
t_wall=1785581194.419 # ALIVE us=4216088756 ring_depth=0 drops=0
t_wall=1785581195.420 # NOTE [recorder] connected /dev/ttyACM0
t_wall=1785581196.419 # ALIVE us=4218088805 ring_depth=0 drops=0
t_wall=1785581197.420 # NOTE [recorder] connected /dev/ttyACM0
t_wall=1785581198.419 # ALIVE us=4220088854 ring_depth=0 drops=0
t_wall=1785581199.420 # NOTE [recorder] connected /dev/ttyACM0
t_wall=1785581200.419 # ALIVE us=4222088903 ring_depth=0 drops=0
t_wall=1785581201.420 # NOTE [recorder] connected /dev/ttyACM0
t_wall=1785581202.419 # ALIVE us=4224088951 ring_depth=0 drops=0
t_wall=1785581203.420 # NOTE [recorder] connected /dev/ttyACM0
t_wall=1785581204.419 # ALIVE us=4226088999 ring_depth=0 drops=0
t_wall=1785581205.420 # NOTE [recorder] connected /dev/ttyACM0
t_wall=1785581206.418 # ALIVE us=4228089048 ring_depth=0 drops=0
t_wall=1785581207.420 # NOTE [recorder] connected /dev/ttyACM0
t_wall=1785581208.418 # ALIVE us=4230089097 ring_depth=0 drops=0
t_wall=1785581209.420 # NOTE [recorder] connected /dev/ttyACM0
t_wall=1785581210.419 # ALIVE us=4232089145 ring_depth=0 drops=0
t_wall=1785581211.420 # NOTE [recorder] connected /dev/ttyACM0
t_wall=1785581212.419 # ALIVE us=4234089193 ring_depth=0 drops=0
t_wall=1785581213.420 # NOTE [recorder] connected /dev/ttyACM0
t_wall=1785581214.419 # ALIVE us=4236089242 ring_depth=0 drops=0
t_wall=1785581215.420 # NOTE [recorder] connected /dev/ttyACM0
t_wall=1785581216.418 # ALIVE us=4238089290 ring_depth=0 drops=0
t_wall=1785581217.420 # NOTE [recorder] connected /dev/ttyACM0
t_wall=1785581218.419 # ALIVE us=4240089339 ring_depth=0 drops=0
t_wall=1785581219.420 # NOTE [recorder] connected /dev/ttyACM0
t_wall=1785581220.418 # ALIVE us=4242089388 ring_depth=0 drops=0
t_wall=1785581221.420 # NOTE [recorder] connected /dev/ttyACM0
t_wall=1785581222.418 # ALIVE us=4244089437 ring_depth=0 drops=0
t_wall=1785581223.420 # NOTE [recorder] connected /dev/ttyACM0
t_wall=1785581224.418 # ALIVE us=4246089484 ring_depth=0 drops=0
t_wall=1785581224.747 t=4246418136 W CMD 0x48 [SET_CGRAM 0x08]
t_wall=1785581224.748 t=4246418326 W DAT 0x03 (CGRAM ref #3)
t_wall=1785581224.748 t=4246418364 W DAT 0x0E
t_wall=1785581224.751 t=4246422208 W DAT 0x0B
t_wall=1785581224.754 t=4246426024 W DAT 0x0B
t_wall=1785581224.758 t=4246429874 W DAT 0x0D
t_wall=1785581224.762 t=4246433706 W DAT 0x02 (CGRAM ref #2)
t_wall=1785581224.763 t=4246433744 W DAT 0x01 (CGRAM ref #1)
t_wall=1785581224.766 t=4246437590 W DAT 0x00 (CGRAM ref #0)
t_wall=1785581224.768 t=4246439871 W CMD 0x50 [SET_CGRAM 0x10]
t_wall=1785581224.769 t=4246439930 W DAT 0x00 (CGRAM ref #0)
t_wall=1785581224.769 t=4246439983 W DAT 0x00 (CGRAM ref #0)
t_wall=1785581224.770 t=4246440036 W DAT 0x00 (CGRAM ref #0)
t_wall=1785581224.770 t=4246440089 W DAT 0x00 (CGRAM ref #0)
t_wall=1785581224.770 t=4246440141 W DAT 0x00 (CGRAM ref #0)
t_wall=1785581224.771 t=4246440194 W DAT 0x00 (CGRAM ref #0)
t_wall=1785581224.771 t=4246440247 W DAT 0x09
t_wall=1785581224.772 t=4246440300 W DAT 0x00 (CGRAM ref #0)
t_wall=1785581224.772 t=4246440361 W CMD 0x0C [DISP_CTRL disp=1 cur=0 blink=0]
t_wall=1785581224.772 t=4246441690 W CMD 0x58 [SET_CGRAM 0x18]
t_wall=1785581224.773 t=4246441764 W DAT 0x00 (CGRAM ref #0)
t_wall=1785581224.773 t=4246441816 W DAT 0x00 (CGRAM ref #0)
t_wall=1785581224.774 t=4246445688 W DAT 0x00 (CGRAM ref #0)
t_wall=1785581224.778 t=4246449521 W DAT 0x00 (CGRAM ref #0)
t_wall=1785581224.782 t=4246453367 W DAT 0x00 (CGRAM ref #0)
t_wall=1785581224.786 t=4246457186 W DAT 0x00 (CGRAM ref #0)
t_wall=1785581224.789 t=4246461032 W DAT 0x18
t_wall=1785581224.793 t=4246464865 W DAT 0x00 (CGRAM ref #0)
t_wall=1785581224.799 t=4246470467 W CMD 0x70 [SET_CGRAM 0x30]
t_wall=1785581224.800 t=4246470526 W DAT 0x00 (CGRAM ref #0)
t_wall=1785581224.800 t=4246470579 W DAT 0x00 (CGRAM ref #0)
t_wall=1785581224.801 t=4246470632 W DAT 0x00 (CGRAM ref #0)
t_wall=1785581224.802 t=4246470684 W DAT 0x00 (CGRAM ref #0)
t_wall=1785581224.802 t=4246470737 W DAT 0x00 (CGRAM ref #0)
t_wall=1785581224.803 t=4246470790 W DAT 0x00 (CGRAM ref #0)
t_wall=1785581224.803 t=4246470843 W DAT 0x00 (CGRAM ref #0)
t_wall=1785581224.804 t=4246470896 W DAT 0x01 (CGRAM ref #1)
t_wall=1785581224.805 t=4246470958 W CMD 0x0C [DISP_CTRL disp=1 cur=0 blink=0]
t_wall=1785581224.805 t=4246473689 W CMD 0x80 [SET_DDRAM 0x00]
t_wall=1785581224.805 t=4246475106 W DAT 0x4D 'M'
t_wall=1785581224.807 t=4246479008 W DAT 0x45 'E'
t_wall=1785581224.809 t=4246481070 W DAT 0x4D 'M'
t_wall=1785581224.812 t=4246483667 W DAT 0x26 '&'
t_wall=1785581224.813 t=4246484995 W DAT 0x43 'C'
t_wall=1785581224.815 t=4246486304 W DAT 0x4F 'O'
t_wall=1785581224.817 t=4246488847 W DAT 0x4E 'N'
t_wall=1785581224.820 t=4246491504 W DAT 0x54 'T'
t_wall=1785581224.822 t=4246493623 W DAT 0x52 'R'
t_wall=1785581224.823 t=4246494965 W DAT 0x4F 'O'
t_wall=1785581225.825 # NOTE [recorder] connected /dev/ttyACM0
t_wall=1785581226.301 t=4247972059 W DAT 0x4C 'L'
t_wall=1785581226.418 # ALIVE us=4248089533 ring_depth=0 drops=0
t_wall=1785581227.420 # NOTE [recorder] connected /dev/ttyACM0
t_wall=1785581228.418 # ALIVE us=4250089582 ring_depth=0 drops=0
t_wall=1785581229.420 # NOTE [recorder] connected /dev/ttyACM0
t_wall=1785581230.418 # ALIVE us=4252089633 ring_depth=0 drops=0
t_wall=1785581231.420 # NOTE [recorder] connected /dev/ttyACM0
t_wall=1785581232.418 # ALIVE us=4254089683 ring_depth=0 drops=0
t_wall=1785581233.420 # NOTE [recorder] connected /dev/ttyACM0
t_wall=1785581234.418 # ALIVE us=4256089732 ring_depth=0 drops=0
t_wall=1785581235.419 # NOTE [recorder] connected /dev/ttyACM0
t_wall=1785581236.418 # ALIVE us=4258089781 ring_depth=0 drops=0
t_wall=1785581237.420 # NOTE [recorder] connected /dev/ttyACM0
t_wall=1785581238.418 # ALIVE us=4260089831 ring_depth=0 drops=0
t_wall=1785581239.420 # NOTE [recorder] connected /dev/ttyACM0
t_wall=1785581240.418 # ALIVE us=4262089879 ring_depth=0 drops=0
t_wall=1785581241.419 # NOTE [recorder] connected /dev/ttyACM0
t_wall=1785581242.419 # ALIVE us=4264089929 ring_depth=0 drops=0
t_wall=1785581243.420 # NOTE [recorder] connected /dev/ttyACM0
