t_wall=1785583110.095 # NOTE [recorder] connected /dev/ttyACM0
t_wall=1785583110.358 # ALIVE us=1837149570 ring_depth=0 drops=0
t_wall=1785583112.358 # ALIVE us=1839149619 ring_depth=0 drops=0
t_wall=1785583114.358 # ALIVE us=1841149665 ring_depth=0 drops=0
t_wall=1785583116.358 # ALIVE us=1843149711 ring_depth=0 drops=0
t_wall=1785583118.358 # ALIVE us=1845149757 ring_depth=0 drops=0
t_wall=1785583120.359 # ALIVE us=1847149804 ring_depth=0 drops=0
t_wall=1785583122.358 # ALIVE us=1849149850 ring_depth=0 drops=0
t_wall=1785583122.635 # NOTE bargraph min max pt 1-8
t_wall=1785583124.358 # ALIVE us=1851149896 ring_depth=0 drops=0
t_wall=1785583126.085 t=1852877063 W CMD 0x68 [SET_CGRAM 0x28]
t_wall=1785583126.086 t=1852877122 W DAT 0x08
t_wall=1785583126.086 t=1852877175 W DAT 0x04 (CGRAM ref #4)
t_wall=1785583126.087 t=1852877213 W DAT 0x08
t_wall=1785583126.088 t=1852881028 W DAT 0x08
t_wall=1785583126.092 t=1852884905 W DAT 0x0C
t_wall=1785583126.096 t=1852888739 W DAT 0x00 (CGRAM ref #0)
t_wall=1785583126.100 t=1852892554 W DAT 0x08
t_wall=1785583126.104 t=1852896400 W DAT 0x0D
t_wall=1785583126.110 t=1852902585 W CMD 0x0C [DISP_CTRL disp=1 cur=0 blink=0]
t_wall=1785583126.358 # ALIVE us=1853149943 ring_depth=0 drops=0
t_wall=1785583126.480 t=1853272784 W CMD 0x60 [SET_CGRAM 0x20]
t_wall=1785583126.481 t=1853272842 W DAT 0x07 (CGRAM ref #7)
t_wall=1785583126.481 t=1853272904 W DAT 0x1F
t_wall=1785583126.481 t=1853272957 W DAT 0x00 (CGRAM ref #0)
t_wall=1785583126.481 t=1853273009 W DAT 0x07 (CGRAM ref #7)
t_wall=1785583126.482 t=1853273047 W DAT 0x18
t_wall=1785583126.482 t=1853273115 W DAT 0x07 (CGRAM ref #7)
t_wall=1785583126.482 t=1853273153 W DAT 0x07 (CGRAM ref #7)
t_wall=1785583126.483 t=1853273191 W DAT 0x00 (CGRAM ref #0)
t_wall=1785583126.483 t=1853273372 W CMD 0x0C [DISP_CTRL disp=1 cur=0 blink=0]
t_wall=1785583126.483 t=1853275525 W CMD 0x68 [SET_CGRAM 0x28]
t_wall=1785583126.484 t=1853275612 W DAT 0x0C
t_wall=1785583126.484 t=1853275665 W DAT 0x04 (CGRAM ref #4)
t_wall=1785583126.484 t=1853275703 W DAT 0x0C
t_wall=1785583126.487 t=1853279580 W DAT 0x08
t_wall=1785583126.491 t=1853283414 W DAT 0x0C
t_wall=1785583126.495 t=1853287279 W DAT 0x00 (CGRAM ref #0)
t_wall=1785583126.495 t=1853287317 W DAT 0x08
t_wall=1785583126.499 t=1853291135 W DAT 0x0D
t_wall=1785583126.507 t=1853298638 W CMD 0x0C [DISP_CTRL disp=1 cur=0 blink=0]
t_wall=1785583126.556 t=1853347669 W CMD 0x68 [SET_CGRAM 0x28]
t_wall=1785583126.557 t=1853347727 W DAT 0x0C
t_wall=1785583126.557 t=1853347779 W DAT 0x04 (CGRAM ref #4)
t_wall=1785583126.558 t=1853347818 W DAT 0x08
t_wall=1785583126.559 t=1853351662 W DAT 0x0C
t_wall=1785583126.563 t=1853355480 W DAT 0x0C
t_wall=1785583126.567 t=1853359327 W DAT 0x00 (CGRAM ref #0)
t_wall=1785583126.568 t=1853359365 W DAT 0x0C
t_wall=1785583126.571 t=1853363249 W DAT 0x0D
t_wall=1785583126.576 t=1853368187 W CMD 0x40 [SET_CGRAM 0x00]
t_wall=1785583126.577 t=1853368246 W DAT 0x00 (CGRAM ref #0)
t_wall=1785583126.578 t=1853368298 W DAT 0x0F
t_wall=1785583126.579 t=1853368351 W DAT 0x1F
t_wall=1785583126.580 t=1853368404 W DAT 0x1F
t_wall=1785583126.581 t=1853368457 W DAT 0x1F
t_wall=1785583126.583 t=1853368510 W DAT 0x1F
t_wall=1785583126.589 t=1853368563 W DAT 0x00 (CGRAM ref #0)
t_wall=1785583126.596 t=1853368657 W DAT 0x05 (CGRAM ref #5)
t_wall=1785583126.604 t=1853368837 W CMD 0x0C [DISP_CTRL disp=1 cur=0 blink=0]
t_wall=1785583126.643 t=1853429888 W CMD 0x60 [SET_CGRAM 0x20]
t_wall=1785583126.647 t=1853430005 W DAT 0x17
t_wall=1785583126.651 t=1853430043 W DAT 0x1F
t_wall=1785583126.654 t=1853430125 W DAT 0x10
t_wall=1785583126.658 t=1853430178 W DAT 0x07 (CGRAM ref #7)
t_wall=1785583126.661 t=1853430216 W DAT 0x18
t_wall=1785583126.666 t=1853430284 W DAT 0x17
t_wall=1785583126.671 t=1853430322 W DAT 0x17
t_wall=1785583126.677 t=1853430360 W DAT 0x00 (CGRAM ref #0)
t_wall=1785583126.687 t=1853430541 W CMD 0x0C [DISP_CTRL disp=1 cur=0 blink=0]
t_wall=1785583126.695 t=1853431914 W CMD 0x68 [SET_CGRAM 0x28]
t_wall=1785583126.700 t=1853432015 W DAT 0x0C
t_wall=1785583126.706 t=1853432068 W DAT 0x04 (CGRAM ref #4)
t_wall=1785583126.708 t=1853432106 W DAT 0x0C
t_wall=1785583126.712 t=1853435982 W DAT 0x0C
t_wall=1785583126.716 t=1853439758 W DAT 0x0C
t_wall=1785583126.720 t=1853443592 W DAT 0x00 (CGRAM ref #0)
t_wall=1785583126.722 t=1853447435 W DAT 0x0C
t_wall=1785583126.725 t=1853451251 W DAT 0x0D
t_wall=1785583126.732 t=1853457084 W CMD 0x0C [DISP_CTRL disp=1 cur=0 blink=0]
t_wall=1785583126.737 t=1853508530 W CMD 0x68 [SET_CGRAM 0x28]
t_wall=1785583126.739 t=1853508588 W DAT 0x0C
t_wall=1785583126.743 t=1853508641 W DAT 0x00 (CGRAM ref #0)
t_wall=1785583126.744 t=1853512486 W DAT 0x0C
t_wall=1785583126.747 t=1853516334 W DAT 0x0C
t_wall=1785583126.748 t=1853520168 W DAT 0x0C
t_wall=1785583126.750 t=1853524011 W DAT 0x00 (CGRAM ref #0)
t_wall=1785583126.751 t=1853527828 W DAT 0x0C
t_wall=1785583126.753 t=1853531707 W DAT 0x0D
t_wall=1785583126.756 t=1853537982 W CMD 0x0C [DISP_CTRL disp=1 cur=0 blink=0]
t_wall=1785583126.807 t=1853599013 W CMD 0x68 [SET_CGRAM 0x28]
t_wall=1785583126.807 t=1853599072 W DAT 0x08
t_wall=1785583126.808 t=1853599125 W DAT 0x04 (CGRAM ref #4)
t_wall=1785583126.808 t=1853599163 W DAT 0x08
t_wall=1785583126.810 t=1853602981 W DAT 0x08
t_wall=1785583126.814 t=1853606825 W DAT 0x0C
t_wall=1785583126.818 t=1853610675 W DAT 0x00 (CGRAM ref #0)
t_wall=1785583126.819 t=1853610713 W DAT 0x08
t_wall=1785583126.822 t=1853614546 W DAT 0x0D
t_wall=1785583126.827 t=1853619522 W CMD 0x0C [DISP_CTRL disp=1 cur=0 blink=0]
t_wall=1785583126.885 t=1853676851 W CMD 0x48 [SET_CGRAM 0x08]
t_wall=1785583126.885 t=1853676910 W DAT 0x0C
t_wall=1785583126.886 t=1853676963 W DAT 0x04 (CGRAM ref #4)
t_wall=1785583126.886 t=1853677001 W DAT 0x0C
t_wall=1785583126.888 t=1853680861 W DAT 0x0C
t_wall=1785583126.892 t=1853684677 W DAT 0x0C
t_wall=1785583126.896 t=1853688496 W DAT 0x00 (CGRAM ref #0)
t_wall=1785583126.897 t=1853688534 W DAT 0x08
t_wall=1785583126.900 t=1853692410 W DAT 0x0E
t_wall=1785583126.905 t=1853697462 W CMD 0x60 [SET_CGRAM 0x20]
t_wall=1785583126.906 t=1853697521 W DAT 0x17
t_wall=1785583126.906 t=1853697559 W DAT 0x1F
t_wall=1785583126.907 t=1853697626 W DAT 0x10
t_wall=1785583126.908 t=1853697679 W DAT 0x17
t_wall=1785583126.908 t=1853697738 W DAT 0x18
t_wall=1785583126.909 t=1853697790 W DAT 0x07 (CGRAM ref #7)
t_wall=1785583126.909 t=1853697829 W DAT 0x17
t_wall=1785583126.910 t=1853697867 W DAT 0x00 (CGRAM ref #0)
t_wall=1785583126.911 t=1853699262 W CMD 0x68 [SET_CGRAM 0x28]
t_wall=1785583126.911 t=1853699320 W DAT 0x0C
t_wall=1785583126.912 t=1853699373 W DAT 0x04 (CGRAM ref #4)
t_wall=1785583126.913 t=1853699412 W DAT 0x0C
t_wall=1785583126.914 t=1853703257 W DAT 0x08
t_wall=1785583126.915 t=1853707107 W DAT 0x0C
t_wall=1785583126.922 t=1853710938 W DAT 0x00 (CGRAM ref #0)
t_wall=1785583126.924 t=1853714785 W DAT 0x08
t_wall=1785583126.928 t=1853718603 W DAT 0x0D
t_wall=1785583126.935 t=1853723438 W CMD 0x0C [DISP_CTRL disp=1 cur=0 blink=0]
t_wall=1785583126.984 t=1853775854 W CMD 0x68 [SET_CGRAM 0x28]
t_wall=1785583126.984 t=1853775912 W DAT 0x0C
t_wall=1785583126.985 t=1853775965 W DAT 0x04 (CGRAM ref #4)
t_wall=1785583126.985 t=1853776003 W DAT 0x08
t_wall=1785583126.987 t=1853779844 W DAT 0x0C
t_wall=1785583126.991 t=1853783660 W DAT 0x0C
t_wall=1785583126.995 t=1853787536 W DAT 0x00 (CGRAM ref #0)
t_wall=1785583126.999 t=1853791371 W DAT 0x0C
t_wall=1785583127.003 t=1853795187 W DAT 0x0D
t_wall=1785583127.008 t=1853800155 W CMD 0x0C [DISP_CTRL disp=1 cur=0 blink=0]
t_wall=1785583127.058 t=1853850410 W CMD 0x60 [SET_CGRAM 0x20]
t_wall=1785583127.058 t=1853850469 W DAT 0x17
t_wall=1785583127.059 t=1853850507 W DAT 0x1F
t_wall=1785583127.059 t=1853850589 W DAT 0x10
t_wall=1785583127.059 t=1853850641 W DAT 0x17
t_wall=1785583127.059 t=1853850680 W DAT 0x18
t_wall=1785583127.060 t=1853850747 W DAT 0x17
t_wall=1785583127.060 t=1853850786 W DAT 0x17
t_wall=1785583127.060 t=1853850824 W DAT 0x00 (CGRAM ref #0)
t_wall=1785583127.061 t=1853851005 W CMD 0x0C [DISP_CTRL disp=1 cur=0 blink=0]
t_wall=1785583127.061 t=1853852340 W CMD 0x68 [SET_CGRAM 0x28]
t_wall=1785583127.062 t=1853852457 W DAT 0x0C
t_wall=1785583127.062 t=1853852510 W DAT 0x04 (CGRAM ref #4)
t_wall=1785583127.062 t=1853852548 W DAT 0x0C
t_wall=1785583127.064 t=1853856366 W DAT 0x0C
t_wall=1785583127.068 t=1853860182 W DAT 0x0C
t_wall=1785583127.071 t=1853864081 W DAT 0x00 (CGRAM ref #0)
t_wall=1785583127.075 t=1853867913 W DAT 0x0C
t_wall=1785583127.079 t=1853871758 W DAT 0x0D
t_wall=1785583127.085 t=1853877488 W CMD 0x40 [SET_CGRAM 0x00]
t_wall=1785583127.086 t=1853877547 W DAT 0x00 (CGRAM ref #0)
t_wall=1785583127.086 t=1853877600 W DAT 0x0F
t_wall=1785583127.086 t=1853877653 W DAT 0x0F
t_wall=1785583127.087 t=1853877706 W DAT 0x1F
t_wall=1785583127.087 t=1853877773 W DAT 0x1F
t_wall=1785583127.088 t=1853877826 W DAT 0x1F
t_wall=1785583127.088 t=1853877879 W DAT 0x00 (CGRAM ref #0)
t_wall=1785583127.089 t=1853877932 W DAT 0x05 (CGRAM ref #5)
t_wall=1785583127.089 t=1853878112 W CMD 0x0C [DISP_CTRL disp=1 cur=0 blink=0]
t_wall=1785583127.137 t=1853929628 W CMD 0x68 [SET_CGRAM 0x28]
t_wall=1785583127.138 t=1853929737 W DAT 0x0C
t_wall=1785583127.141 t=1853933569 W DAT 0x00 (CGRAM ref #0)
t_wall=1785583127.145 t=1853937416 W DAT 0x0C
t_wall=1785583127.149 t=1853941231 W DAT 0x0C
t_wall=1785583127.152 t=1853945080 W DAT 0x0C
t_wall=1785583127.157 t=1853948941 W DAT 0x00 (CGRAM ref #0)
t_wall=1785583127.160 t=1853952757 W DAT 0x0C
t_wall=1785583127.164 t=1853956601 W DAT 0x0D
t_wall=1785583127.170 t=1853962291 W CMD 0x0C [DISP_CTRL disp=1 cur=0 blink=0]
t_wall=1785583127.221 t=1854014011 W CMD 0x68 [SET_CGRAM 0x28]
t_wall=1785583127.222 t=1854014070 W DAT 0x08
t_wall=1785583127.222 t=1854014122 W DAT 0x04 (CGRAM ref #4)
t_wall=1785583127.222 t=1854014161 W DAT 0x08
t_wall=1785583127.225 t=1854017976 W DAT 0x08
t_wall=1785583127.229 t=1854021852 W DAT 0x0C
t_wall=1785583127.233 t=1854025629 W DAT 0x00 (CGRAM ref #0)
t_wall=1785583127.233 t=1854025725 W DAT 0x08
t_wall=1785583127.237 t=1854029499 W DAT 0x0D
t_wall=1785583127.242 t=1854034570 W CMD 0x0C [DISP_CTRL disp=1 cur=0 blink=0]
t_wall=1785583127.303 t=1854095612 W CMD 0x60 [SET_CGRAM 0x20]
t_wall=1785583127.304 t=1854095671 W DAT 0x17
t_wall=1785583127.304 t=1854095709 W DAT 0x1F
t_wall=1785583127.304 t=1854095777 W DAT 0x10
t_wall=1785583127.305 t=1854095829 W DAT 0x07 (CGRAM ref #7)
t_wall=1785583127.305 t=1854095868 W DAT 0x18
t_wall=1785583127.306 t=1854095941 W DAT 0x07 (CGRAM ref #7)
t_wall=1785583127.306 t=1854095979 W DAT 0x07 (CGRAM ref #7)
t_wall=1785583127.307 t=1854096017 W DAT 0x00 (CGRAM ref #0)
t_wall=1785583127.307 t=1854097454 W CMD 0x68 [SET_CGRAM 0x28]
t_wall=1785583127.308 t=1854097513 W DAT 0x0C
t_wall=1785583127.308 t=1854097566 W DAT 0x04 (CGRAM ref #4)
t_wall=1785583127.308 t=1854097604 W DAT 0x0C
t_wall=1785583127.309 t=1854101452 W DAT 0x08
t_wall=1785583127.313 t=1854105314 W DAT 0x0C
t_wall=1785583127.317 t=1854109130 W DAT 0x00 (CGRAM ref #0)
t_wall=1785583127.317 t=1854109168 W DAT 0x08
t_wall=1785583127.320 t=1854112986 W DAT 0x0D
t_wall=1785583127.327 t=1854119155 W CMD 0x0C [DISP_CTRL disp=1 cur=0 blink=0]
t_wall=1785583127.388 t=1854180266 W CMD 0x68 [SET_CGRAM 0x28]
t_wall=1785583127.389 t=1854180324 W DAT 0x0C
t_wall=1785583127.390 t=1854180377 W DAT 0x04 (CGRAM ref #4)
t_wall=1785583127.390 t=1854180415 W DAT 0x08
t_wall=1785583127.392 t=1854184249 W DAT 0x0C
t_wall=1785583127.396 t=1854188064 W DAT 0x0C
t_wall=1785583127.400 t=1854191868 W DAT 0x00 (CGRAM ref #0)
t_wall=1785583127.403 t=1854195686 W DAT 0x0C
t_wall=1785583127.407 t=1854199533 W DAT 0x0D
t_wall=1785583127.413 t=1854205421 W CMD 0x0C [DISP_CTRL disp=1 cur=0 blink=0]
t_wall=1785583127.464 t=1854256918 W CMD 0x68 [SET_CGRAM 0x28]
t_wall=1785583127.465 t=1854256976 W DAT 0x0C
t_wall=1785583127.465 t=1854257029 W DAT 0x04 (CGRAM ref #4)
t_wall=1785583127.465 t=1854257068 W DAT 0x0C
t_wall=1785583127.468 t=1854260918 W DAT 0x0C
t_wall=1785583127.472 t=1854264778 W DAT 0x0C
t_wall=1785583127.476 t=1854268595 W DAT 0x00 (CGRAM ref #0)
t_wall=1785583127.480 t=1854272434 W DAT 0x0C
t_wall=1785583127.484 t=1854276312 W DAT 0x0D
t_wall=1785583127.495 t=1854287147 W CMD 0x60 [SET_CGRAM 0x20]
t_wall=1785583127.495 t=1854287206 W DAT 0x17
t_wall=1785583127.495 t=1854287244 W DAT 0x0F
t_wall=1785583127.495 t=1854287311 W DAT 0x10
t_wall=1785583127.496 t=1854287364 W DAT 0x17
t_wall=1785583127.496 t=1854287402 W DAT 0x18
t_wall=1785583127.496 t=1854287470 W DAT 0x17
t_wall=1785583127.496 t=1854287508 W DAT 0x17
t_wall=1785583127.497 t=1854287546 W DAT 0x00 (CGRAM ref #0)
t_wall=1785583127.497 t=1854289042 W CMD 0x0C [DISP_CTRL disp=1 cur=0 blink=0]
t_wall=1785583127.546 t=1854338034 W CMD 0x40 [SET_CGRAM 0x00]
t_wall=1785583127.546 t=1854338116 W DAT 0x00 (CGRAM ref #0)
t_wall=1785583127.547 t=1854338183 W DAT 0x0F
t_wall=1785583127.547 t=1854338250 W DAT 0x0F
t_wall=1785583127.547 t=1854338303 W DAT 0x0F
t_wall=1785583127.548 t=1854338444 W DAT 0x1F
t_wall=1785583127.548 t=1854338497 W DAT 0x1F
t_wall=1785583127.549 t=1854338549 W DAT 0x00 (CGRAM ref #0)
t_wall=1785583127.549 t=1854338588 W DAT 0x05 (CGRAM ref #5)
t_wall=1785583127.550 t=1854338767 W CMD 0x0C [DISP_CTRL disp=1 cur=0 blink=0]
t_wall=1785583127.553 t=1854345082 W CMD 0x68 [SET_CGRAM 0x28]
t_wall=1785583127.553 t=1854345141 W DAT 0x0C
t_wall=1785583127.554 t=1854345193 W DAT 0x00 (CGRAM ref #0)
t_wall=1785583127.557 t=1854349038 W DAT 0x0C
t_wall=1785583127.560 t=1854352856 W DAT 0x0C
t_wall=1785583127.564 t=1854356706 W DAT 0x0C
t_wall=1785583127.568 t=1854360567 W DAT 0x00 (CGRAM ref #0)
t_wall=1785583127.572 t=1854364384 W DAT 0x0C
t_wall=1785583127.577 t=1854368202 W DAT 0x0D
t_wall=1785583127.593 t=1854377829 W CMD 0x0C [DISP_CTRL disp=1 cur=0 blink=0]
t_wall=1785583127.635 t=1854425706 W CMD 0x68 [SET_CGRAM 0x28]
t_wall=1785583127.637 t=1854425793 W DAT 0x08
t_wall=1785583127.640 t=1854425846 W DAT 0x04 (CGRAM ref #4)
t_wall=1785583127.642 t=1854425884 W DAT 0x08
t_wall=1785583127.643 t=1854429701 W DAT 0x08
t_wall=1785583127.645 t=1854433580 W DAT 0x0C
t_wall=1785583127.648 t=1854437410 W DAT 0x00 (CGRAM ref #0)
t_wall=1785583127.650 t=1854437449 W DAT 0x08
t_wall=1785583127.651 t=1854441224 W DAT 0x0D
t_wall=1785583127.657 t=1854447431 W CMD 0x0C [DISP_CTRL disp=1 cur=0 blink=0]
t_wall=1785583127.715 t=1854507226 W CMD 0x60 [SET_CGRAM 0x20]
t_wall=1785583127.716 t=1854507270 W DAT 0x17
t_wall=1785583127.716 t=1854507308 W DAT 0x0F
t_wall=1785583127.717 t=1854507375 W DAT 0x10
t_wall=1785583127.717 t=1854507428 W DAT 0x17
t_wall=1785583127.717 t=1854507466 W DAT 0x18
t_wall=1785583127.718 t=1854507534 W DAT 0x07 (CGRAM ref #7)
t_wall=1785583127.718 t=1854507572 W DAT 0x17
t_wall=1785583127.719 t=1854507610 W DAT 0x00 (CGRAM ref #0)
t_wall=1785583127.720 t=1854507790 W CMD 0x0C [DISP_CTRL disp=1 cur=0 blink=0]
t_wall=1785583127.720 t=1854509136 W CMD 0x68 [SET_CGRAM 0x28]
t_wall=1785583127.721 t=1854509195 W DAT 0x0C
t_wall=1785583127.721 t=1854509247 W DAT 0x04 (CGRAM ref #4)
t_wall=1785583127.722 t=1854509286 W DAT 0x0C
t_wall=1785583127.722 t=1854513135 W DAT 0x08
t_wall=1785583127.724 t=1854516968 W DAT 0x0C
t_wall=1785583127.728 t=1854520837 W DAT 0x00 (CGRAM ref #0)
t_wall=1785583127.729 t=1854520875 W DAT 0x08
t_wall=1785583127.732 t=1854524691 W DAT 0x0D
t_wall=1785583127.740 t=1854531739 W CMD 0x0C [DISP_CTRL disp=1 cur=0 blink=0]
t_wall=1785583127.789 t=1854581980 W CMD 0x68 [SET_CGRAM 0x28]
t_wall=1785583127.790 t=1854582038 W DAT 0x0C
t_wall=1785583127.790 t=1854582091 W DAT 0x04 (CGRAM ref #4)
t_wall=1785583127.790 t=1854582129 W DAT 0x08
t_wall=1785583127.793 t=1854585975 W DAT 0x0C
t_wall=1785583127.797 t=1854589790 W DAT 0x0C
t_wall=1785583127.801 t=1854593666 W DAT 0x00 (CGRAM ref #0)
t_wall=1785583127.805 t=1854597500 W DAT 0x0C
t_wall=1785583127.809 t=1854601315 W DAT 0x0D
t_wall=1785583127.816 t=1854608869 W CMD 0x0C [DISP_CTRL disp=1 cur=0 blink=0]
t_wall=1785583127.875 t=1854667476 W CMD 0x60 [SET_CGRAM 0x20]
t_wall=1785583127.875 t=1854667534 W DAT 0x07 (CGRAM ref #7)
t_wall=1785583127.875 t=1854667572 W DAT 0x1F
t_wall=1785583127.876 t=1854667654 W DAT 0x10
t_wall=1785583127.876 t=1854667707 W DAT 0x17
t_wall=1785583127.876 t=1854667745 W DAT 0x18
t_wall=1785583127.876 t=1854667813 W DAT 0x07 (CGRAM ref #7)
t_wall=1785583127.877 t=1854667851 W DAT 0x07 (CGRAM ref #7)
t_wall=1785583127.877 t=1854667889 W DAT 0x00 (CGRAM ref #0)
t_wall=1785583127.877 t=1854668069 W CMD 0x0C [DISP_CTRL disp=1 cur=0 blink=0]
t_wall=1785583127.878 t=1854669353 W CMD 0x68 [SET_CGRAM 0x28]
t_wall=1785583127.878 t=1854669411 W DAT 0x0C
t_wall=1785583127.878 t=1854669464 W DAT 0x04 (CGRAM ref #4)
t_wall=1785583127.878 t=1854669502 W DAT 0x0C
t_wall=1785583127.881 t=1854673350 W DAT 0x0C
t_wall=1785583127.884 t=1854677185 W DAT 0x0C
t_wall=1785583127.888 t=1854681028 W DAT 0x00 (CGRAM ref #0)
t_wall=1785583127.892 t=1854684846 W DAT 0x0C
t_wall=1785583127.896 t=1854688723 W DAT 0x0D
t_wall=1785583127.905 t=1854697043 W CMD 0x0C [DISP_CTRL disp=1 cur=0 blink=0]
t_wall=1785583127.957 t=1854749790 W CMD 0x40 [SET_CGRAM 0x00]
t_wall=1785583127.958 t=1854749834 W DAT 0x00 (CGRAM ref #0)
t_wall=1785583127.958 t=1854749887 W DAT 0x0F
t_wall=1785583127.958 t=1854749940 W DAT 0x0F
t_wall=1785583127.959 t=1854749992 W DAT 0x0F
t_wall=1785583127.959 t=1854750118 W DAT 0x0F
t_wall=1785583127.959 t=1854750171 W DAT 0x1F
t_wall=1785583127.960 t=1854750223 W DAT 0x00 (CGRAM ref #0)
t_wall=1785583127.960 t=1854750276 W DAT 0x05 (CGRAM ref #5)
t_wall=1785583127.961 t=1854750456 W CMD 0x0C [DISP_CTRL disp=1 cur=0 blink=0]
t_wall=1785583127.965 t=1854757561 W CMD 0x68 [SET_CGRAM 0x28]
t_wall=1785583127.966 t=1854757620 W DAT 0x0C
t_wall=1785583127.966 t=1854757673 W DAT 0x00 (CGRAM ref #0)
t_wall=1785583127.969 t=1854761491 W DAT 0x0C
t_wall=1785583127.973 t=1854765338 W DAT 0x0C
t_wall=1785583127.977 t=1854769186 W DAT 0x0C
t_wall=1785583127.981 t=1854773018 W DAT 0x00 (CGRAM ref #0)
t_wall=1785583127.984 t=1854776865 W DAT 0x0C
t_wall=1785583127.988 t=1854780681 W DAT 0x0D
t_wall=1785583127.993 t=1854785628 W CMD 0x0C [DISP_CTRL disp=1 cur=0 blink=0]
t_wall=1785583128.045 t=1854837215 W CMD 0x68 [SET_CGRAM 0x28]
t_wall=1785583128.045 t=1854837274 W DAT 0x08
t_wall=1785583128.045 t=1854837327 W DAT 0x04 (CGRAM ref #4)
t_wall=1785583128.046 t=1854837365 W DAT 0x08
t_wall=1785583128.048 t=1854841183 W DAT 0x08
t_wall=1785583128.052 t=1854844957 W DAT 0x0C
t_wall=1785583128.056 t=1854848835 W DAT 0x00 (CGRAM ref #0)
t_wall=1785583128.060 t=1854852668 W DAT 0x08
t_wall=1785583128.064 t=1854856484 W DAT 0x0D
t_wall=1785583128.070 t=1854862373 W CMD 0x0C [DISP_CTRL disp=1 cur=0 blink=0]
t_wall=1785583128.121 t=1854913878 W CMD 0x68 [SET_CGRAM 0x28]
t_wall=1785583128.122 t=1854913937 W DAT 0x0C
t_wall=1785583128.122 t=1854913989 W DAT 0x04 (CGRAM ref #4)
t_wall=1785583128.122 t=1854914027 W DAT 0x0C
t_wall=1785583128.125 t=1854917846 W DAT 0x08
t_wall=1785583128.129 t=1854921662 W DAT 0x0C
t_wall=1785583128.133 t=1854925537 W DAT 0x00 (CGRAM ref #0)
t_wall=1785583128.137 t=1854929372 W DAT 0x08
t_wall=1785583128.141 t=1854933216 W DAT 0x0D
t_wall=1785583128.150 t=1854941998 W CMD 0x0C [DISP_CTRL disp=1 cur=0 blink=0]
t_wall=1785583128.152 t=1854944135 W CMD 0x60 [SET_CGRAM 0x20]
t_wall=1785583128.152 t=1854944193 W DAT 0x17
t_wall=1785583128.152 t=1854944231 W DAT 0x1F
t_wall=1785583128.153 t=1854944298 W DAT 0x00 (CGRAM ref #0)
t_wall=1785583128.153 t=1854944351 W DAT 0x17
t_wall=1785583128.153 t=1854944389 W DAT 0x18
t_wall=1785583128.154 t=1854944457 W DAT 0x07 (CGRAM ref #7)
t_wall=1785583128.154 t=1854944495 W DAT 0x17
t_wall=1785583128.155 t=1854944533 W DAT 0x00 (CGRAM ref #0)
t_wall=1785583128.155 t=1854944714 W CMD 0x0C [DISP_CTRL disp=1 cur=0 blink=0]
t_wall=1785583128.208 t=1855001176 W CMD 0x68 [SET_CGRAM 0x28]
t_wall=1785583128.209 t=1855001235 W DAT 0x0C
t_wall=1785583128.209 t=1855001287 W DAT 0x04 (CGRAM ref #4)
t_wall=1785583128.209 t=1855001325 W DAT 0x08
t_wall=1785583128.212 t=1855005196 W DAT 0x0C
t_wall=1785583128.216 t=1855009058 W DAT 0x0C
t_wall=1785583128.220 t=1855012875 W DAT 0x00 (CGRAM ref #0)
t_wall=1785583128.224 t=1855016691 W DAT 0x0C
t_wall=1785583128.228 t=1855020568 W DAT 0x0D
t_wall=1785583128.234 t=1855026303 W CMD 0x0C [DISP_CTRL disp=1 cur=0 blink=0]
t_wall=1785583128.286 t=1855076592 W CMD 0x60 [SET_CGRAM 0x20]
t_wall=1785583128.287 t=1855076650 W DAT 0x17
t_wall=1785583128.289 t=1855076688 W DAT 0x1F
t_wall=1785583128.291 t=1855076756 W DAT 0x00 (CGRAM ref #0)
t_wall=1785583128.292 t=1855076808 W DAT 0x17
t_wall=1785583128.293 t=1855076847 W DAT 0x08
t_wall=1785583128.294 t=1855076914 W DAT 0x17
t_wall=1785583128.296 t=1855076975 W DAT 0x17
t_wall=1785583128.297 t=1855077013 W DAT 0x00 (CGRAM ref #0)
t_wall=1785583128.299 t=1855078474 W CMD 0x68 [SET_CGRAM 0x28]
t_wall=1785583128.300 t=1855078533 W DAT 0x0C
t_wall=1785583128.302 t=1855078628 W DAT 0x04 (CGRAM ref #4)
t_wall=1785583128.303 t=1855078666 W DAT 0x0C
t_wall=1785583128.304 t=1855082468 W DAT 0x0C
t_wall=1785583128.306 t=1855086317 W DAT 0x0C
t_wall=1785583128.308 t=1855090151 W DAT 0x00 (CGRAM ref #0)
t_wall=1785583128.309 t=1855093995 W DAT 0x0C
t_wall=1785583128.310 t=1855097812 W DAT 0x0D
t_wall=1785583128.319 t=1855109900 W CMD 0x0C [DISP_CTRL disp=1 cur=0 blink=0]
t_wall=1785583128.358 # ALIVE us=1855149989 ring_depth=0 drops=0
t_wall=1785583128.373 t=1855165131 W CMD 0x68 [SET_CGRAM 0x28]
t_wall=1785583128.373 t=1855165190 W DAT 0x0C
t_wall=1785583128.374 t=1855165264 W DAT 0x00 (CGRAM ref #0)
t_wall=1785583128.377 t=1855169127 W DAT 0x0C
t_wall=1785583128.380 t=1855172942 W DAT 0x0C
t_wall=1785583128.384 t=1855176787 W DAT 0x0C
t_wall=1785583128.388 t=1855180637 W DAT 0x00 (CGRAM ref #0)
t_wall=1785583128.392 t=1855184469 W DAT 0x0C
t_wall=1785583128.396 t=1855188314 W DAT 0x0D
t_wall=1785583128.402 t=1855194334 W CMD 0x0C [DISP_CTRL disp=1 cur=0 blink=0]
t_wall=1785583128.456 t=1855248230 W CMD 0x68 [SET_CGRAM 0x28]
t_wall=1785583128.456 t=1855248317 W DAT 0x08
t_wall=1785583128.457 t=1855248370 W DAT 0x04 (CGRAM ref #4)
t_wall=1785583128.457 t=1855248408 W DAT 0x08
t_wall=1785583128.460 t=1855252252 W DAT 0x08
t_wall=1785583128.463 t=1855256071 W DAT 0x0C
t_wall=1785583128.467 t=1855259917 W DAT 0x00 (CGRAM ref #0)
t_wall=1785583128.471 t=1855263802 W DAT 0x08
t_wall=1785583128.475 t=1855267617 W DAT 0x0D
t_wall=1785583128.481 t=1855273479 W CMD 0x40 [SET_CGRAM 0x00]
t_wall=1785583128.481 t=1855273538 W DAT 0x00 (CGRAM ref #0)
t_wall=1785583128.481 t=1855273590 W DAT 0x0F
t_wall=1785583128.482 t=1855273644 W DAT 0x0F
t_wall=1785583128.482 t=1855273696 W DAT 0x0F
t_wall=1785583128.482 t=1855273764 W DAT 0x0F
t_wall=1785583128.482 t=1855273817 W DAT 0x0F
t_wall=1785583128.482 t=1855273869 W DAT 0x00 (CGRAM ref #0)
t_wall=1785583128.483 t=1855273922 W DAT 0x05 (CGRAM ref #5)
t_wall=1785583128.483 t=1855274125 W CMD 0x0C [DISP_CTRL disp=1 cur=0 blink=0]
t_wall=1785583128.532 t=1855324427 W CMD 0x60 [SET_CGRAM 0x20]
t_wall=1785583128.533 t=1855324470 W DAT 0x07 (CGRAM ref #7)
t_wall=1785583128.533 t=1855324509 W DAT 0x1F
t_wall=1785583128.534 t=1855324576 W DAT 0x00 (CGRAM ref #0)
t_wall=1785583128.535 t=1855324629 W DAT 0x07 (CGRAM ref #7)
t_wall=1785583128.535 t=1855324668 W DAT 0x18
t_wall=1785583128.536 t=1855324735 W DAT 0x07 (CGRAM ref #7)
t_wall=1785583128.536 t=1855324773 W DAT 0x07 (CGRAM ref #7)
t_wall=1785583128.537 t=1855324811 W DAT 0x00 (CGRAM ref #0)
t_wall=1785583128.538 t=1855324991 W CMD 0x0C [DISP_CTRL disp=1 cur=0 blink=0]
t_wall=1785583128.538 t=1855326357 W CMD 0x68 [SET_CGRAM 0x28]
t_wall=1785583128.539 t=1855326444 W DAT 0x0C
t_wall=1785583128.539 t=1855326497 W DAT 0x04 (CGRAM ref #4)
t_wall=1785583128.539 t=1855326535 W DAT 0x0C
t_wall=1785583128.540 t=1855330350 W DAT 0x08
t_wall=1785583128.542 t=1855334167 W DAT 0x0C
t_wall=1785583128.546 t=1855338045 W DAT 0x00 (CGRAM ref #0)
t_wall=1785583128.549 t=1855341876 W DAT 0x08
t_wall=1785583128.553 t=1855345694 W DAT 0x0D
t_wall=1785583128.567 t=1855359165 W CMD 0x0C [DISP_CTRL disp=1 cur=0 blink=0]
t_wall=1785583128.626 t=1855413221 W CMD 0x68 [SET_CGRAM 0x28]
t_wall=1785583128.631 t=1855413280 W DAT 0x0C
t_wall=1785583128.639 t=1855413333 W DAT 0x04 (CGRAM ref #4)
t_wall=1785583128.641 t=1855413371 W DAT 0x08
t_wall=1785583128.643 t=1855417221 W DAT 0x0C
t_wall=1785583128.646 t=1855421081 W DAT 0x0C
t_wall=1785583128.652 t=1855424898 W DAT 0x00 (CGRAM ref #0)
t_wall=1785583128.655 t=1855428717 W DAT 0x0C
t_wall=1785583128.657 t=1855432592 W DAT 0x0D
t_wall=1785583128.663 t=1855440844 W CMD 0x0C [DISP_CTRL disp=1 cur=0 blink=0]
t_wall=1785583128.707 t=1855498637 W CMD 0x60 [SET_CGRAM 0x20]
t_wall=1785583128.709 t=1855498696 W DAT 0x07 (CGRAM ref #7)
t_wall=1785583128.709 t=1855498734 W DAT 0x0F
t_wall=1785583128.711 t=1855498801 W DAT 0x00 (CGRAM ref #0)
t_wall=1785583128.712 t=1855498854 W DAT 0x07 (CGRAM ref #7)
t_wall=1785583128.712 t=1855498892 W DAT 0x08
t_wall=1785583128.713 t=1855498960 W DAT 0x07 (CGRAM ref #7)
t_wall=1785583128.714 t=1855498998 W DAT 0x07 (CGRAM ref #7)
t_wall=1785583128.715 t=1855499036 W DAT 0x00 (CGRAM ref #0)
t_wall=1785583128.716 t=1855499217 W CMD 0x0C [DISP_CTRL disp=1 cur=0 blink=0]
t_wall=1785583128.717 t=1855501362 W CMD 0x68 [SET_CGRAM 0x28]
t_wall=1785583128.717 t=1855501420 W DAT 0x0C
t_wall=1785583128.718 t=1855501473 W DAT 0x04 (CGRAM ref #4)
t_wall=1785583128.718 t=1855501511 W DAT 0x0C
t_wall=1785583128.719 t=1855505328 W DAT 0x0C
t_wall=1785583128.719 t=1855509175 W DAT 0x0C
t_wall=1785583128.721 t=1855513022 W DAT 0x00 (CGRAM ref #0)
t_wall=1785583128.724 t=1855516882 W DAT 0x0C
t_wall=1785583128.728 t=1855520701 W DAT 0x0D
t_wall=1785583128.734 t=1855525581 W CMD 0x0C [DISP_CTRL disp=1 cur=0 blink=0]
t_wall=1785583128.785 t=1855577061 W CMD 0x68 [SET_CGRAM 0x28]
t_wall=1785583128.785 t=1855577120 W DAT 0x0C
t_wall=1785583128.786 t=1855577172 W DAT 0x00 (CGRAM ref #0)
t_wall=1785583128.788 t=1855581032 W DAT 0x0C
t_wall=1785583128.792 t=1855584848 W DAT 0x0C
t_wall=1785583128.796 t=1855588666 W DAT 0x0C
t_wall=1785583128.800 t=1855592541 W DAT 0x00 (CGRAM ref #0)
t_wall=1785583128.804 t=1855596375 W DAT 0x0C
t_wall=1785583128.807 t=1855600193 W DAT 0x0D
t_wall=1785583128.813 t=1855605257 W CMD 0x0C [DISP_CTRL disp=1 cur=0 blink=0]
t_wall=1785583128.876 t=1855668303 W CMD 0x68 [SET_CGRAM 0x28]
t_wall=1785583128.876 t=1855668435 W DAT 0x08
t_wall=1785583128.876 t=1855668488 W DAT 0x04 (CGRAM ref #4)
t_wall=1785583128.877 t=1855668526 W DAT 0x08
t_wall=1785583128.880 t=1855672359 W DAT 0x08
t_wall=1785583128.883 t=1855676164 W DAT 0x0C
t_wall=1785583128.887 t=1855679980 W DAT 0x00 (CGRAM ref #0)
t_wall=1785583128.888 t=1855680019 W DAT 0x08
t_wall=1785583128.891 t=1855683835 W DAT 0x0D
t_wall=1785583128.896 t=1855688832 W CMD 0x0C [DISP_CTRL disp=1 cur=0 blink=0]
t_wall=1785583128.948 t=1855740369 W CMD 0x68 [SET_CGRAM 0x28]
t_wall=1785583128.948 t=1855740427 W DAT 0x0C
t_wall=1785583128.948 t=1855740480 W DAT 0x04 (CGRAM ref #4)
t_wall=1785583128.949 t=1855740518 W DAT 0x0C
t_wall=1785583128.952 t=1855744333 W DAT 0x08
t_wall=1785583128.955 t=1855748205 W DAT 0x0C
t_wall=1785583128.959 t=1855752065 W DAT 0x04 (CGRAM ref #4)
t_wall=1785583128.960 t=1855752103 W DAT 0x0C
t_wall=1785583128.963 t=1855755919 W DAT 0x0D
t_wall=1785583128.968 t=1855760832 W CMD 0x0C [DISP_CTRL disp=1 cur=0 blink=0]
t_wall=1785583129.838 t=1856630684 W CMD 0x68 [SET_CGRAM 0x28]
t_wall=1785583129.839 t=1856630772 W DAT 0x08
t_wall=1785583129.839 t=1856630824 W DAT 0x04 (CGRAM ref #4)
t_wall=1785583129.839 t=1856630862 W DAT 0x08
t_wall=1785583129.842 t=1856634739 W DAT 0x08
t_wall=1785583129.846 t=1856638595 W DAT 0x0C
t_wall=1785583129.850 t=1856642439 W DAT 0x00 (CGRAM ref #0)
t_wall=1785583129.853 t=1856646256 W DAT 0x08
t_wall=1785583129.857 t=1856650106 W DAT 0x0D
t_wall=1785583129.863 t=1856655083 W CMD 0x0C [DISP_CTRL disp=1 cur=0 blink=0]
t_wall=1785583130.216 t=1857006893 W CMD 0x68 [SET_CGRAM 0x28]
t_wall=1785583130.217 t=1857006951 W DAT 0x0C
t_wall=1785583130.218 t=1857007004 W DAT 0x00 (CGRAM ref #0)
t_wall=1785583130.219 t=1857010821 W DAT 0x0C
t_wall=1785583130.223 t=1857014698 W DAT 0x0C
t_wall=1785583130.226 t=1857018532 W DAT 0x0C
t_wall=1785583130.231 t=1857022370 W DAT 0x00 (CGRAM ref #0)
t_wall=1785583130.234 t=1857026216 W DAT 0x0C
t_wall=1785583130.238 t=1857030063 W DAT 0x0D
t_wall=1785583130.248 t=1857039722 W CMD 0x0C [DISP_CTRL disp=1 cur=0 blink=0]
t_wall=1785583130.295 t=1857087342 W CMD 0x68 [SET_CGRAM 0x28]
t_wall=1785583130.295 t=1857087400 W DAT 0x0C
t_wall=1785583130.296 t=1857087453 W DAT 0x04 (CGRAM ref #4)
t_wall=1785583130.296 t=1857087491 W DAT 0x0C
t_wall=1785583130.299 t=1857091338 W DAT 0x0C
t_wall=1785583130.302 t=1857095185 W DAT 0x0C
t_wall=1785583130.306 t=1857099046 W DAT 0x00 (CGRAM ref #0)
t_wall=1785583130.310 t=1857102863 W DAT 0x0C
t_wall=1785583130.314 t=1857106680 W DAT 0x0D
t_wall=1785583130.325 t=1857117561 W CMD 0x0C [DISP_CTRL disp=1 cur=0 blink=0]
t_wall=1785583130.358 # ALIVE us=1857150035 ring_depth=0 drops=0
t_wall=1785583130.381 t=1857172828 W CMD 0x60 [SET_CGRAM 0x20]
t_wall=1785583130.381 t=1857172887 W DAT 0x07 (CGRAM ref #7)
t_wall=1785583130.381 t=1857172925 W DAT 0x1F
t_wall=1785583130.382 t=1857173007 W DAT 0x00 (CGRAM ref #0)
t_wall=1785583130.383 t=1857173060 W DAT 0x07 (CGRAM ref #7)
t_wall=1785583130.383 t=1857173098 W DAT 0x18
t_wall=1785583130.384 t=1857173166 W DAT 0x07 (CGRAM ref #7)
t_wall=1785583130.384 t=1857173204 W DAT 0x07 (CGRAM ref #7)
t_wall=1785583130.385 t=1857173242 W DAT 0x00 (CGRAM ref #0)
t_wall=1785583130.385 t=1857174658 W CMD 0x68 [SET_CGRAM 0x28]
t_wall=1785583130.386 t=1857174716 W DAT 0x0C
t_wall=1785583130.386 t=1857174769 W DAT 0x04 (CGRAM ref #4)
t_wall=1785583130.387 t=1857174807 W DAT 0x08
t_wall=1785583130.387 t=1857178663 W DAT 0x0C
t_wall=1785583130.390 t=1857182481 W DAT 0x0C
t_wall=1785583130.394 t=1857186327 W DAT 0x00 (CGRAM ref #0)
t_wall=1785583130.397 t=1857190175 W DAT 0x0C
t_wall=1785583130.401 t=1857194036 W DAT 0x0D
t_wall=1785583130.408 t=1857199783 W CMD 0x0C [DISP_CTRL disp=1 cur=0 blink=0]
t_wall=1785583130.459 t=1857251311 W CMD 0x68 [SET_CGRAM 0x28]
t_wall=1785583130.459 t=1857251369 W DAT 0x0C
t_wall=1785583130.460 t=1857251422 W DAT 0x04 (CGRAM ref #4)
t_wall=1785583130.461 t=1857251460 W DAT 0x0C
t_wall=1785583130.463 t=1857255307 W DAT 0x08
t_wall=1785583130.467 t=1857259168 W DAT 0x0C
t_wall=1785583130.470 t=1857262986 W DAT 0x00 (CGRAM ref #0)
t_wall=1785583130.474 t=1857266802 W DAT 0x08
t_wall=1785583130.478 t=1857270678 W DAT 0x0D
t_wall=1785583130.486 t=1857278186 W CMD 0x0C [DISP_CTRL disp=1 cur=0 blink=0]
t_wall=1785583130.544 t=1857336789 W CMD 0x60 [SET_CGRAM 0x20]
t_wall=1785583130.544 t=1857336833 W DAT 0x17
t_wall=1785583130.544 t=1857336871 W DAT 0x1F
t_wall=1785583130.545 t=1857336938 W DAT 0x00 (CGRAM ref #0)
t_wall=1785583130.545 t=1857336991 W DAT 0x17
t_wall=1785583130.545 t=1857337029 W DAT 0x08
t_wall=1785583130.545 t=1857337097 W DAT 0x17
t_wall=1785583130.545 t=1857337135 W DAT 0x17
t_wall=1785583130.546 t=1857337173 W DAT 0x00 (CGRAM ref #0)
t_wall=1785583130.546 t=1857338608 W CMD 0x68 [SET_CGRAM 0x28]
t_wall=1785583130.546 t=1857338725 W DAT 0x08
t_wall=1785583130.546 t=1857338843 W DAT 0x04 (CGRAM ref #4)
t_wall=1785583130.547 t=1857338881 W DAT 0x08
t_wall=1785583130.550 t=1857342726 W DAT 0x08
t_wall=1785583130.554 t=1857346502 W DAT 0x0C
t_wall=1785583130.558 t=1857350351 W DAT 0x00 (CGRAM ref #0)
t_wall=1785583130.558 t=1857350389 W DAT 0x08
t_wall=1785583130.562 t=1857354250 W DAT 0x0D
t_wall=1785583130.571 t=1857362695 W CMD 0x0C [DISP_CTRL disp=1 cur=0 blink=0]
t_wall=1785583130.619 t=1857411675 W CMD 0x68 [SET_CGRAM 0x28]
t_wall=1785583130.620 t=1857411734 W DAT 0x0C
t_wall=1785583130.620 t=1857411787 W DAT 0x00 (CGRAM ref #0)
t_wall=1785583130.623 t=1857415621 W DAT 0x0C
t_wall=1785583130.627 t=1857419465 W DAT 0x0C
t_wall=1785583130.631 t=1857423281 W DAT 0x0C
t_wall=1785583130.635 t=1857427131 W DAT 0x00 (CGRAM ref #0)
t_wall=1785583130.638 t=1857430990 W DAT 0x0C
t_wall=1785583130.642 t=1857434808 W DAT 0x0D
t_wall=1785583130.648 t=1857439757 W CMD 0x40 [SET_CGRAM 0x00]
t_wall=1785583130.648 t=1857439816 W DAT 0x00 (CGRAM ref #0)
t_wall=1785583130.649 t=1857439869 W DAT 0x0F
t_wall=1785583130.649 t=1857439922 W DAT 0x0F
t_wall=1785583130.650 t=1857439974 W DAT 0x0F
t_wall=1785583130.650 t=1857440042 W DAT 0x0F
t_wall=1785583130.651 t=1857440095 W DAT 0x1F
t_wall=1785583130.652 t=1857440147 W DAT 0x00 (CGRAM ref #0)
t_wall=1785583130.653 t=1857440201 W DAT 0x05 (CGRAM ref #5)
t_wall=1785583130.654 t=1857440381 W CMD 0x0C [DISP_CTRL disp=1 cur=0 blink=0]
t_wall=1785583130.711 t=1857502688 W CMD 0x68 [SET_CGRAM 0x28]
t_wall=1785583130.711 t=1857502746 W DAT 0x0C
t_wall=1785583130.712 t=1857502799 W DAT 0x04 (CGRAM ref #4)
t_wall=1785583130.713 t=1857502837 W DAT 0x0C
t_wall=1785583130.714 t=1857506687 W DAT 0x0C
t_wall=1785583130.718 t=1857510519 W DAT 0x0C
t_wall=1785583130.722 t=1857514364 W DAT 0x00 (CGRAM ref #0)
t_wall=1785583130.722 t=1857514402 W DAT 0x0C
t_wall=1785583130.725 t=1857518220 W DAT 0x0D
t_wall=1785583130.734 t=1857526599 W CMD 0x0C [DISP_CTRL disp=1 cur=0 blink=0]
t_wall=1785583130.792 t=1857584392 W CMD 0x60 [SET_CGRAM 0x20]
t_wall=1785583130.792 t=1857584451 W DAT 0x17
t_wall=1785583130.792 t=1857584489 W DAT 0x1F
t_wall=1785583130.793 t=1857584556 W DAT 0x00 (CGRAM ref #0)
t_wall=1785583130.793 t=1857584609 W DAT 0x17
t_wall=1785583130.793 t=1857584647 W DAT 0x18
t_wall=1785583130.794 t=1857584715 W DAT 0x07 (CGRAM ref #7)
t_wall=1785583130.794 t=1857584753 W DAT 0x17
t_wall=1785583130.795 t=1857584791 W DAT 0x00 (CGRAM ref #0)
t_wall=1785583130.795 t=1857584971 W CMD 0x0C [DISP_CTRL disp=1 cur=0 blink=0]
t_wall=1785583130.796 t=1857587191 W CMD 0x68 [SET_CGRAM 0x28]
t_wall=1785583130.796 t=1857587249 W DAT 0x0C
t_wall=1785583130.796 t=1857587302 W DAT 0x04 (CGRAM ref #4)
t_wall=1785583130.797 t=1857587340 W DAT 0x08
t_wall=1785583130.798 t=1857591173 W DAT 0x0C
t_wall=1785583130.802 t=1857595012 W DAT 0x0C
t_wall=1785583130.806 t=1857598856 W DAT 0x00 (CGRAM ref #0)
t_wall=1785583130.810 t=1857602707 W DAT 0x0C
t_wall=1785583130.814 t=1857606539 W DAT 0x0D
t_wall=1785583130.823 t=1857615260 W CMD 0x0C [DISP_CTRL disp=1 cur=0 blink=0]
t_wall=1785583130.871 t=1857663062 W CMD 0x68 [SET_CGRAM 0x28]
t_wall=1785583130.871 t=1857663150 W DAT 0x0C
t_wall=1785583130.872 t=1857663202 W DAT 0x04 (CGRAM ref #4)
t_wall=1785583130.872 t=1857663240 W DAT 0x0C
t_wall=1785583130.874 t=1857667090 W DAT 0x08
t_wall=1785583130.878 t=1857670922 W DAT 0x0C
t_wall=1785583130.882 t=1857674767 W DAT 0x00 (CGRAM ref #0)
t_wall=1785583130.882 t=1857674805 W DAT 0x08
t_wall=1785583130.886 t=1857678623 W DAT 0x0D
t_wall=1785583130.891 t=1857683756 W CMD 0x0C [DISP_CTRL disp=1 cur=0 blink=0]
t_wall=1785583130.956 t=1857744754 W CMD 0x60 [SET_CGRAM 0x20]
t_wall=1785583130.960 t=1857744812 W DAT 0x07 (CGRAM ref #7)
t_wall=1785583130.962 t=1857744851 W DAT 0x1F
t_wall=1785583130.964 t=1857744918 W DAT 0x10
t_wall=1785583130.965 t=1857744971 W DAT 0x17
t_wall=1785583130.967 t=1857745010 W DAT 0x18
t_wall=1785583130.969 t=1857745077 W DAT 0x07 (CGRAM ref #7)
t_wall=1785583130.972 t=1857745138 W DAT 0x07 (CGRAM ref #7)
t_wall=1785583130.975 t=1857745176 W DAT 0x00 (CGRAM ref #0)
t_wall=1785583130.978 t=1857747512 W CMD 0x68 [SET_CGRAM 0x28]
t_wall=1785583130.980 t=1857747571 W DAT 0x08
t_wall=1785583130.981 t=1857747623 W DAT 0x04 (CGRAM ref #4)
t_wall=1785583130.983 t=1857747662 W DAT 0x08
t_wall=1785583130.984 t=1857751480 W DAT 0x08
t_wall=1785583130.985 t=1857755297 W DAT 0x0C
t_wall=1785583130.986 t=1857759173 W DAT 0x00 (CGRAM ref #0)
t_wall=1785583130.987 t=1857763005 W DAT 0x08
t_wall=1785583130.988 t=1857766823 W DAT 0x0D
t_wall=1785583130.990 t=1857772979 W CMD 0x0C [DISP_CTRL disp=1 cur=0 blink=0]
t_wall=1785583131.031 t=1857823347 W CMD 0x68 [SET_CGRAM 0x28]
t_wall=1785583131.031 t=1857823435 W DAT 0x0C
t_wall=1785583131.032 t=1857823487 W DAT 0x00 (CGRAM ref #0)
t_wall=1785583131.035 t=1857827320 W DAT 0x0C
t_wall=1785583131.038 t=1857831166 W DAT 0x0C
t_wall=1785583131.042 t=1857834982 W DAT 0x0C
t_wall=1785583131.046 t=1857838831 W DAT 0x00 (CGRAM ref #0)
t_wall=1785583131.050 t=1857842692 W DAT 0x0C
t_wall=1785583131.054 t=1857846507 W DAT 0x0D
t_wall=1785583131.060 t=1857852319 W CMD 0x0C [DISP_CTRL disp=1 cur=0 blink=0]
t_wall=1785583131.115 t=1857907605 W CMD 0x40 [SET_CGRAM 0x00]
t_wall=1785583131.115 t=1857907663 W DAT 0x00 (CGRAM ref #0)
t_wall=1785583131.116 t=1857907716 W DAT 0x0F
t_wall=1785583131.116 t=1857907769 W DAT 0x0F
t_wall=1785583131.116 t=1857907822 W DAT 0x0F
t_wall=1785583131.117 t=1857907874 W DAT 0x1F
t_wall=1785583131.117 t=1857907927 W DAT 0x1F
t_wall=1785583131.117 t=1857907980 W DAT 0x00 (CGRAM ref #0)
t_wall=1785583131.118 t=1857908033 W DAT 0x05 (CGRAM ref #5)
t_wall=1785583131.118 t=1857908213 W CMD 0x0C [DISP_CTRL disp=1 cur=0 blink=0]
t_wall=1785583131.123 t=1857915293 W CMD 0x68 [SET_CGRAM 0x28]
t_wall=1785583131.123 t=1857915381 W DAT 0x0C
t_wall=1785583131.124 t=1857915433 W DAT 0x04 (CGRAM ref #4)
t_wall=1785583131.124 t=1857915494 W DAT 0x0C
t_wall=1785583131.126 t=1857919373 W DAT 0x0C
t_wall=1785583131.130 t=1857923205 W DAT 0x0C
t_wall=1785583131.134 t=1857927049 W DAT 0x00 (CGRAM ref #0)
t_wall=1785583131.138 t=1857930868 W DAT 0x0C
t_wall=1785583131.142 t=1857934715 W DAT 0x0D
t_wall=1785583131.147 t=1857939628 W CMD 0x0C [DISP_CTRL disp=1 cur=0 blink=0]
t_wall=1785583131.197 t=1857989913 W CMD 0x60 [SET_CGRAM 0x20]
t_wall=1785583131.198 t=1857990000 W DAT 0x17
t_wall=1785583131.198 t=1857990038 W DAT 0x0F
t_wall=1785583131.198 t=1857990091 W DAT 0x10
t_wall=1785583131.198 t=1857990144 W DAT 0x17
t_wall=1785583131.198 t=1857990182 W DAT 0x18
t_wall=1785583131.199 t=1857990249 W DAT 0x07 (CGRAM ref #7)
t_wall=1785583131.199 t=1857990287 W DAT 0x17
t_wall=1785583131.199 t=1857990325 W DAT 0x00 (CGRAM ref #0)
t_wall=1785583131.200 t=1857991742 W CMD 0x68 [SET_CGRAM 0x28]
t_wall=1785583131.200 t=1857991801 W DAT 0x0C
t_wall=1785583131.200 t=1857991895 W DAT 0x04 (CGRAM ref #4)
t_wall=1785583131.200 t=1857991933 W DAT 0x08
t_wall=1785583131.203 t=1857995711 W DAT 0x0C
t_wall=1785583131.207 t=1857999558 W DAT 0x0C
t_wall=1785583131.211 t=1858003421 W DAT 0x00 (CGRAM ref #0)
t_wall=1785583131.214 t=1858007238 W DAT 0x0C
t_wall=1785583131.218 t=1858011054 W DAT 0x0D
t_wall=1785583131.226 t=1858018211 W CMD 0x0C [DISP_CTRL disp=1 cur=0 blink=0]
t_wall=1785583131.276 t=1858068452 W CMD 0x68 [SET_CGRAM 0x28]
t_wall=1785583131.277 t=1858068511 W DAT 0x0C
t_wall=1785583131.277 t=1858068563 W DAT 0x04 (CGRAM ref #4)
t_wall=1785583131.278 t=1858068601 W DAT 0x0C
t_wall=1785583131.280 t=1858072419 W DAT 0x08
t_wall=1785583131.284 t=1858076294 W DAT 0x0C
t_wall=1785583131.288 t=1858080126 W DAT 0x00 (CGRAM ref #0)
t_wall=1785583131.291 t=1858083944 W DAT 0x08
t_wall=1785583131.295 t=1858087788 W DAT 0x0D
t_wall=1785583131.304 t=1858096614 W CMD 0x0C [DISP_CTRL disp=1 cur=0 blink=0]
t_wall=1785583131.362 t=1858153890 W CMD 0x60 [SET_CGRAM 0x20]
t_wall=1785583131.362 t=1858153949 W DAT 0x17
t_wall=1785583131.362 t=1858153987 W DAT 0x0F
t_wall=1785583131.363 t=1858154054 W DAT 0x10
t_wall=1785583131.363 t=1858154107 W DAT 0x17
t_wall=1785583131.364 t=1858154219 W DAT 0x18
t_wall=1785583131.364 t=1858154286 W DAT 0x17
t_wall=1785583131.364 t=1858154324 W DAT 0x17
t_wall=1785583131.365 t=1858154363 W DAT 0x00 (CGRAM ref #0)
t_wall=1785583131.366 t=1858155781 W CMD 0x68 [SET_CGRAM 0x28]
t_wall=1785583131.366 t=1858155869 W DAT 0x08
t_wall=1785583131.367 t=1858155922 W DAT 0x04 (CGRAM ref #4)
t_wall=1785583131.367 t=1858155960 W DAT 0x08
t_wall=1785583131.368 t=1858159823 W DAT 0x08
t_wall=1785583131.371 t=1858163638 W DAT 0x0C
t_wall=1785583131.375 t=1858167456 W DAT 0x00 (CGRAM ref #0)
t_wall=1785583131.379 t=1858171333 W DAT 0x08
t_wall=1785583131.382 t=1858175184 W DAT 0x0D
t_wall=1785583131.390 t=1858182255 W CMD 0x0C [DISP_CTRL disp=1 cur=0 blink=0]
t_wall=1785583131.440 t=1858232498 W CMD 0x68 [SET_CGRAM 0x28]
t_wall=1785583131.440 t=1858232585 W DAT 0x0C
t_wall=1785583131.441 t=1858232638 W DAT 0x00 (CGRAM ref #0)
t_wall=1785583131.444 t=1858236516 W DAT 0x0C
t_wall=1785583131.448 t=1858240347 W DAT 0x0C
t_wall=1785583131.451 t=1858244164 W DAT 0x0C
t_wall=1785583131.455 t=1858248031 W DAT 0x00 (CGRAM ref #0)
t_wall=1785583131.459 t=1858251880 W DAT 0x0C
t_wall=1785583131.463 t=1858255742 W DAT 0x0D
t_wall=1785583131.471 t=1858262752 W CMD 0x0C [DISP_CTRL disp=1 cur=0 blink=0]
t_wall=1785583131.524 t=1858316803 W CMD 0x40 [SET_CGRAM 0x00]
t_wall=1785583131.524 t=1858316861 W DAT 0x00 (CGRAM ref #0)
t_wall=1785583131.524 t=1858316914 W DAT 0x0F
t_wall=1785583131.525 t=1858316967 W DAT 0x0F
t_wall=1785583131.525 t=1858317020 W DAT 0x1F
t_wall=1785583131.525 t=1858317088 W DAT 0x1F
t_wall=1785583131.525 t=1858317140 W DAT 0x1F
t_wall=1785583131.525 t=1858317193 W DAT 0x00 (CGRAM ref #0)
t_wall=1785583131.525 t=1858317246 W DAT 0x05 (CGRAM ref #5)
t_wall=1785583131.526 t=1858317426 W CMD 0x0C [DISP_CTRL disp=1 cur=0 blink=0]
t_wall=1785583131.532 t=1858324589 W CMD 0x68 [SET_CGRAM 0x28]
t_wall=1785583131.532 t=1858324735 W DAT 0x0C
t_wall=1785583131.532 t=1858324788 W DAT 0x04 (CGRAM ref #4)
t_wall=1785583131.533 t=1858324826 W DAT 0x0C
t_wall=1785583131.536 t=1858328676 W DAT 0x0C
t_wall=1785583131.540 t=1858332539 W DAT 0x0C
t_wall=1785583131.544 t=1858336355 W DAT 0x00 (CGRAM ref #0)
t_wall=1785583131.547 t=1858340130 W DAT 0x0C
t_wall=1785583131.551 t=1858343976 W DAT 0x0D
t_wall=1785583131.558 t=1858350259 W CMD 0x0C [DISP_CTRL disp=1 cur=0 blink=0]
t_wall=1785583131.611 t=1858399264 W CMD 0x60 [SET_CGRAM 0x20]
t_wall=1785583131.614 t=1858399322 W DAT 0x17
t_wall=1785583131.616 t=1858399360 W DAT 0x1F
t_wall=1785583131.617 t=1858399442 W DAT 0x10
t_wall=1785583131.620 t=1858399495 W DAT 0x07 (CGRAM ref #7)
t_wall=1785583131.621 t=1858399533 W DAT 0x18
t_wall=1785583131.623 t=1858399628 W DAT 0x07 (CGRAM ref #7)
t_wall=1785583131.625 t=1858399666 W DAT 0x07 (CGRAM ref #7)
t_wall=1785583131.628 t=1858399704 W DAT 0x00 (CGRAM ref #0)
t_wall=1785583131.631 t=1858399905 W CMD 0x0C [DISP_CTRL disp=1 cur=0 blink=0]
t_wall=1785583131.633 t=1858401190 W CMD 0x68 [SET_CGRAM 0x28]
t_wall=1785583131.634 t=1858401248 W DAT 0x0C
t_wall=1785583131.636 t=1858401301 W DAT 0x04 (CGRAM ref #4)
t_wall=1785583131.638 t=1858401339 W DAT 0x08
t_wall=1785583131.639 t=1858405184 W DAT 0x0C
t_wall=1785583131.641 t=1858409033 W DAT 0x0C
t_wall=1785583131.646 t=1858412865 W DAT 0x00 (CGRAM ref #0)
t_wall=1785583131.649 t=1858416710 W DAT 0x0C
t_wall=1785583131.652 t=1858420527 W DAT 0x0D
t_wall=1785583131.658 t=1858425465 W CMD 0x0C [DISP_CTRL disp=1 cur=0 blink=0]
t_wall=1785583131.697 t=1858487816 W CMD 0x68 [SET_CGRAM 0x28]
t_wall=1785583131.698 t=1858487874 W DAT 0x0C
t_wall=1785583131.699 t=1858487927 W DAT 0x04 (CGRAM ref #4)
t_wall=1785583131.700 t=1858487966 W DAT 0x0C
t_wall=1785583131.701 t=1858491827 W DAT 0x08
t_wall=1785583131.703 t=1858495642 W DAT 0x0C
t_wall=1785583131.708 t=1858499460 W DAT 0x00 (CGRAM ref #0)
t_wall=1785583131.711 t=1858503338 W DAT 0x08
t_wall=1785583131.715 t=1858507169 W DAT 0x0D
t_wall=1785583131.721 t=1858512975 W CMD 0x0C [DISP_CTRL disp=1 cur=0 blink=0]
t_wall=1785583131.781 t=1858573215 W CMD 0x60 [SET_CGRAM 0x20]
t_wall=1785583131.781 t=1858573274 W DAT 0x17
t_wall=1785583131.781 t=1858573312 W DAT 0x1F
t_wall=1785583131.781 t=1858573380 W DAT 0x10
t_wall=1785583131.782 t=1858573432 W DAT 0x17
t_wall=1785583131.782 t=1858573471 W DAT 0x18
t_wall=1785583131.782 t=1858573538 W DAT 0x17
t_wall=1785583131.782 t=1858573576 W DAT 0x17
t_wall=1785583131.783 t=1858573615 W DAT 0x00 (CGRAM ref #0)
t_wall=1785583131.783 t=1858575937 W CMD 0x68 [SET_CGRAM 0x28]
t_wall=1785583131.784 t=1858575995 W DAT 0x08
t_wall=1785583131.784 t=1858576048 W DAT 0x04 (CGRAM ref #4)
t_wall=1785583131.784 t=1858576086 W DAT 0x08
t_wall=1785583131.787 t=1858579904 W DAT 0x08
t_wall=1785583131.791 t=1858583755 W DAT 0x0C
t_wall=1785583131.795 t=1858587615 W DAT 0x00 (CGRAM ref #0)
t_wall=1785583131.799 t=1858591432 W DAT 0x08
t_wall=1785583131.803 t=1858595279 W DAT 0x0D
t_wall=1785583131.808 t=1858600114 W CMD 0x0C [DISP_CTRL disp=1 cur=0 blink=0]
t_wall=1785583131.859 t=1858651772 W CMD 0x68 [SET_CGRAM 0x28]
t_wall=1785583131.859 t=1858651830 W DAT 0x0C
t_wall=1785583131.860 t=1858651883 W DAT 0x00 (CGRAM ref #0)
t_wall=1785583131.863 t=1858655698 W DAT 0x0C
t_wall=1785583131.867 t=1858659543 W DAT 0x0C
t_wall=1785583131.871 t=1858663392 W DAT 0x0C
t_wall=1785583131.875 t=1858667223 W DAT 0x00 (CGRAM ref #0)
t_wall=1785583131.875 t=1858667261 W DAT 0x0C
t_wall=1785583131.878 t=1858671107 W DAT 0x0D
t_wall=1785583131.884 t=1858676044 W CMD 0x0C [DISP_CTRL disp=1 cur=0 blink=0]
t_wall=1785583131.946 t=1858738288 W CMD 0x68 [SET_CGRAM 0x28]
t_wall=1785583131.946 t=1858738346 W DAT 0x0C
t_wall=1785583131.947 t=1858738399 W DAT 0x04 (CGRAM ref #4)
t_wall=1785583131.947 t=1858738437 W DAT 0x0C
t_wall=1785583131.950 t=1858742285 W DAT 0x0C
t_wall=1785583131.953 t=1858746148 W DAT 0x0C
t_wall=1785583131.957 t=1858749963 W DAT 0x00 (CGRAM ref #0)
t_wall=1785583131.961 t=1858753780 W DAT 0x0C
t_wall=1785583131.965 t=1858757659 W DAT 0x0D
t_wall=1785583131.970 t=1858762621 W CMD 0x0C [DISP_CTRL disp=1 cur=0 blink=0]
t_wall=1785583132.026 t=1858818739 W CMD 0x40 [SET_CGRAM 0x00]
t_wall=1785583132.027 t=1858818797 W DAT 0x00 (CGRAM ref #0)
t_wall=1785583132.027 t=1858818850 W DAT 0x0F
t_wall=1785583132.027 t=1858818903 W DAT 0x1F
t_wall=1785583132.027 t=1858818955 W DAT 0x1F
t_wall=1785583132.028 t=1858819008 W DAT 0x1F
t_wall=1785583132.028 t=1858819061 W DAT 0x1F
t_wall=1785583132.029 t=1858819187 W DAT 0x00 (CGRAM ref #0)
t_wall=1785583132.030 t=1858819240 W DAT 0x05 (CGRAM ref #5)
t_wall=1785583132.031 t=1858819420 W CMD 0x0C [DISP_CTRL disp=1 cur=0 blink=0]
t_wall=1785583132.032 t=1858824423 W CMD 0x60 [SET_CGRAM 0x20]
t_wall=1785583132.033 t=1858824466 W DAT 0x17
t_wall=1785583132.033 t=1858824504 W DAT 0x1F
t_wall=1785583132.033 t=1858824572 W DAT 0x10
t_wall=1785583132.033 t=1858824625 W DAT 0x17
t_wall=1785583132.033 t=1858824663 W DAT 0x18
t_wall=1785583132.034 t=1858824740 W DAT 0x07 (CGRAM ref #7)
t_wall=1785583132.034 t=1858824778 W DAT 0x17
t_wall=1785583132.034 t=1858824816 W DAT 0x00 (CGRAM ref #0)
t_wall=1785583132.034 t=1858827109 W CMD 0x68 [SET_CGRAM 0x28]
t_wall=1785583132.034 t=1858827168 W DAT 0x0C
t_wall=1785583132.034 t=1858827221 W DAT 0x04 (CGRAM ref #4)
t_wall=1785583132.035 t=1858827259 W DAT 0x08
t_wall=1785583132.038 t=1858831105 W DAT 0x0C
t_wall=1785583132.042 t=1858834882 W DAT 0x0C
t_wall=1785583132.046 t=1858838729 W DAT 0x00 (CGRAM ref #0)
t_wall=1785583132.050 t=1858842590 W DAT 0x0C
t_wall=1785583132.054 t=1858846409 W DAT 0x0D
t_wall=1785583132.060 t=1858851454 W CMD 0x0C [DISP_CTRL disp=1 cur=0 blink=0]
t_wall=1785583132.111 t=1858903236 W CMD 0x68 [SET_CGRAM 0x28]
t_wall=1785583132.111 t=1858903294 W DAT 0x0C
t_wall=1785583132.112 t=1858903347 W DAT 0x04 (CGRAM ref #4)
t_wall=1785583132.113 t=1858903386 W DAT 0x0C
t_wall=1785583132.115 t=1858907203 W DAT 0x08
t_wall=1785583132.118 t=1858911021 W DAT 0x0C
t_wall=1785583132.122 t=1858914897 W DAT 0x00 (CGRAM ref #0)
t_wall=1785583132.126 t=1858918730 W DAT 0x08
t_wall=1785583132.130 t=1858922548 W DAT 0x0D
t_wall=1785583132.136 t=1858928229 W CMD 0x0C [DISP_CTRL disp=1 cur=0 blink=0]
t_wall=1785583132.189 t=1858982159 W CMD 0x68 [SET_CGRAM 0x28]
t_wall=1785583132.190 t=1858982217 W DAT 0x08
t_wall=1785583132.190 t=1858982270 W DAT 0x04 (CGRAM ref #4)
t_wall=1785583132.190 t=1858982309 W DAT 0x08
t_wall=1785583132.193 t=1858986127 W DAT 0x08
t_wall=1785583132.197 t=1858989970 W DAT 0x0C
t_wall=1785583132.201 t=1858993818 W DAT 0x00 (CGRAM ref #0)
t_wall=1785583132.205 t=1858997653 W DAT 0x08
t_wall=1785583132.209 t=1859001496 W DAT 0x0D
t_wall=1785583132.214 t=1859006512 W CMD 0x0C [DISP_CTRL disp=1 cur=0 blink=0]
t_wall=1785583132.215 t=1859007816 W CMD 0x48 [SET_CGRAM 0x08]
t_wall=1785583132.215 t=1859007875 W DAT 0x0C
t_wall=1785583132.216 t=1859007927 W DAT 0x04 (CGRAM ref #4)
t_wall=1785583132.216 t=1859007965 W DAT 0x0C
t_wall=1785583132.219 t=1859011841 W DAT 0x0C
t_wall=1785583132.223 t=1859015676 W DAT 0x0C
t_wall=1785583132.227 t=1859019492 W DAT 0x00 (CGRAM ref #0)
t_wall=1785583132.231 t=1859023338 W DAT 0x0C
t_wall=1785583132.234 t=1859027189 W DAT 0x0E
t_wall=1785583132.239 t=1859032103 W CMD 0x60 [SET_CGRAM 0x20]
t_wall=1785583132.240 t=1859032161 W DAT 0x17
t_wall=1785583132.240 t=1859032199 W DAT 0x1F
t_wall=1785583132.240 t=1859032267 W DAT 0x10
t_wall=1785583132.241 t=1859032319 W DAT 0x07 (CGRAM ref #7)
t_wall=1785583132.241 t=1859032358 W DAT 0x18
t_wall=1785583132.241 t=1859032425 W DAT 0x17
t_wall=1785583132.241 t=1859032463 W DAT 0x17
t_wall=1785583132.242 t=1859032501 W DAT 0x00 (CGRAM ref #0)
t_wall=1785583132.242 t=1859032681 W CMD 0x0C [DISP_CTRL disp=1 cur=0 blink=0]
t_wall=1785583132.287 t=1859079158 W CMD 0x68 [SET_CGRAM 0x28]
t_wall=1785583132.287 t=1859079239 W DAT 0x0C
t_wall=1785583132.290 t=1859083057 W DAT 0x00 (CGRAM ref #0)
t_wall=1785583132.294 t=1859086901 W DAT 0x0C
t_wall=1785583132.298 t=1859090750 W DAT 0x0C
t_wall=1785583132.302 t=1859094613 W DAT 0x0C
t_wall=1785583132.306 t=1859098428 W DAT 0x00 (CGRAM ref #0)
t_wall=1785583132.306 t=1859098466 W DAT 0x0C
t_wall=1785583132.309 t=1859102283 W DAT 0x0D
t_wall=1785583132.316 t=1859108019 W CMD 0x0C [DISP_CTRL disp=1 cur=0 blink=0]
t_wall=1785583132.358 # ALIVE us=1859150082 ring_depth=0 drops=0
t_wall=1785583132.367 t=1859159655 W CMD 0x68 [SET_CGRAM 0x28]
t_wall=1785583132.368 t=1859159713 W DAT 0x0C
t_wall=1785583132.368 t=1859159766 W DAT 0x04 (CGRAM ref #4)
t_wall=1785583132.369 t=1859159804 W DAT 0x0C
t_wall=1785583132.371 t=1859163620 W DAT 0x0C
t_wall=1785583132.375 t=1859167395 W DAT 0x0C
t_wall=1785583132.379 t=1859171272 W DAT 0x00 (CGRAM ref #0)
t_wall=1785583132.382 t=1859175104 W DAT 0x0C
t_wall=1785583132.386 t=1859178949 W DAT 0x0D
t_wall=1785583132.401 t=1859193667 W CMD 0x0C [DISP_CTRL disp=1 cur=0 blink=0]
t_wall=1785583132.453 t=1859245180 W CMD 0x60 [SET_CGRAM 0x20]
t_wall=1785583132.454 t=1859245238 W DAT 0x07 (CGRAM ref #7)
t_wall=1785583132.454 t=1859245276 W DAT 0x1F
t_wall=1785583132.455 t=1859245329 W DAT 0x00 (CGRAM ref #0)
t_wall=1785583132.455 t=1859245382 W DAT 0x07 (CGRAM ref #7)
t_wall=1785583132.456 t=1859245420 W DAT 0x18
t_wall=1785583132.456 t=1859245509 W DAT 0x07 (CGRAM ref #7)
t_wall=1785583132.457 t=1859245548 W DAT 0x07 (CGRAM ref #7)
t_wall=1785583132.457 t=1859245586 W DAT 0x00 (CGRAM ref #0)
t_wall=1785583132.457 t=1859247116 W CMD 0x68 [SET_CGRAM 0x28]
t_wall=1785583132.458 t=1859247174 W DAT 0x0C
t_wall=1785583132.458 t=1859247227 W DAT 0x04 (CGRAM ref #4)
t_wall=1785583132.458 t=1859247266 W DAT 0x08
t_wall=1785583132.458 t=1859251100 W DAT 0x0C
t_wall=1785583132.462 t=1859254943 W DAT 0x0C
t_wall=1785583132.466 t=1859258761 W DAT 0x00 (CGRAM ref #0)
t_wall=1785583132.470 t=1859262610 W DAT 0x0C
t_wall=1785583132.474 t=1859266470 W DAT 0x0D
t_wall=1785583132.486 t=1859278584 W CMD 0x0C [DISP_CTRL disp=1 cur=0 blink=0]
t_wall=1785583132.535 t=1859327636 W CMD 0x40 [SET_CGRAM 0x00]
t_wall=1785583132.535 t=1859327695 W DAT 0x00 (CGRAM ref #0)
t_wall=1785583132.536 t=1859327748 W DAT 0x1F
t_wall=1785583132.536 t=1859327801 W DAT 0x1F
t_wall=1785583132.536 t=1859327853 W DAT 0x1F
t_wall=1785583132.536 t=1859327906 W DAT 0x1F
t_wall=1785583132.536 t=1859327959 W DAT 0x1F
t_wall=1785583132.537 t=1859328012 W DAT 0x00 (CGRAM ref #0)
t_wall=1785583132.537 t=1859328065 W DAT 0x05 (CGRAM ref #5)
t_wall=1785583132.537 t=1859328245 W CMD 0x0C [DISP_CTRL disp=1 cur=0 blink=0]
t_wall=1785583132.543 t=1859335367 W CMD 0x68 [SET_CGRAM 0x28]
t_wall=1785583132.543 t=1859335425 W DAT 0x0C
t_wall=1785583132.544 t=1859335478 W DAT 0x04 (CGRAM ref #4)
t_wall=1785583132.544 t=1859335516 W DAT 0x0C
t_wall=1785583132.546 t=1859339363 W DAT 0x08
t_wall=1785583132.550 t=1859343214 W DAT 0x0C
t_wall=1785583132.554 t=1859347045 W DAT 0x00 (CGRAM ref #0)
t_wall=1785583132.558 t=1859350890 W DAT 0x08
t_wall=1785583132.562 t=1859354708 W DAT 0x0D
t_wall=1785583132.567 t=1859359703 W CMD 0x0C [DISP_CTRL disp=1 cur=0 blink=0]
t_wall=1785583133.326 t=1860118499 W CMD 0x68 [SET_CGRAM 0x28]
t_wall=1785583133.326 t=1860118557 W DAT 0x04 (CGRAM ref #4)
t_wall=1785583133.327 t=1860118595 W DAT 0x0C
t_wall=1785583133.329 t=1860122426 W DAT 0x0C
t_wall=1785583133.333 t=1860126272 W DAT 0x08
t_wall=1785583133.337 t=1860130111 W DAT 0x0C
t_wall=1785583133.341 t=1860133960 W DAT 0x00 (CGRAM ref #0)
t_wall=1785583133.345 t=1860137823 W DAT 0x00 (CGRAM ref #0)
t_wall=1785583133.349 t=1860141638 W DAT 0x0D
t_wall=1785583133.355 t=1860147414 W CMD 0x40 [SET_CGRAM 0x00]
t_wall=1785583133.356 t=1860147472 W DAT 0x00 (CGRAM ref #0)
t_wall=1785583133.356 t=1860147525 W DAT 0x17
t_wall=1785583133.356 t=1860147563 W DAT 0x1F
t_wall=1785583133.357 t=1860147645 W DAT 0x1F
t_wall=1785583133.357 t=1860147698 W DAT 0x1F
t_wall=1785583133.357 t=1860147751 W DAT 0x1F
t_wall=1785583133.358 t=1860147803 W DAT 0x00 (CGRAM ref #0)
t_wall=1785583133.359 t=1860147856 W DAT 0x05 (CGRAM ref #5)
t_wall=1785583133.359 t=1860148036 W CMD 0x0C [DISP_CTRL disp=1 cur=0 blink=0]
t_wall=1785583133.718 t=1860510636 W CMD 0x68 [SET_CGRAM 0x28]
t_wall=1785583133.718 t=1860510811 W DAT 0x0C
t_wall=1785583133.719 t=1860510864 W DAT 0x0C
t_wall=1785583133.722 t=1860514714 W DAT 0x0C
t_wall=1785583133.726 t=1860518576 W DAT 0x00 (CGRAM ref #0)
t_wall=1785583133.729 t=1860522392 W DAT 0x0C
t_wall=1785583133.733 t=1860526232 W DAT 0x08
t_wall=1785583133.737 t=1860530108 W DAT 0x08
t_wall=1785583133.741 t=1860533941 W DAT 0x0D
t_wall=1785583133.746 t=1860538816 W CMD 0x0C [DISP_CTRL disp=1 cur=0 blink=0]
t_wall=1785583133.796 t=1860589139 W CMD 0x60 [SET_CGRAM 0x20]
t_wall=1785583133.797 t=1860589183 W DAT 0x0F
t_wall=1785583133.797 t=1860589236 W DAT 0x1F
t_wall=1785583133.797 t=1860589288 W DAT 0x08
t_wall=1785583133.798 t=1860589341 W DAT 0x07 (CGRAM ref #7)
t_wall=1785583133.798 t=1860589379 W DAT 0x18
t_wall=1785583133.798 t=1860589447 W DAT 0x0F
t_wall=1785583133.799 t=1860589499 W DAT 0x0F
t_wall=1785583133.799 t=1860589552 W DAT 0x00 (CGRAM ref #0)
t_wall=1785583133.800 t=1860591860 W CMD 0x68 [SET_CGRAM 0x28]
t_wall=1785583133.800 t=1860591947 W DAT 0x0C
t_wall=1785583133.800 t=1860592000 W DAT 0x04 (CGRAM ref #4)
t_wall=1785583133.801 t=1860592038 W DAT 0x0C
t_wall=1785583133.803 t=1860595887 W DAT 0x08
t_wall=1785583133.807 t=1860599722 W DAT 0x0C
t_wall=1785583133.811 t=1860603565 W DAT 0x08
t_wall=1785583133.814 t=1860607382 W DAT 0x08
t_wall=1785583133.818 t=1860611231 W DAT 0x0D
t_wall=1785583133.825 t=1860617450 W CMD 0x0C [DISP_CTRL disp=1 cur=0 blink=0]
t_wall=1785583133.875 t=1860667749 W CMD 0x68 [SET_CGRAM 0x28]
t_wall=1785583133.876 t=1860667828 W DAT 0x0C
t_wall=1785583133.879 t=1860671676 W DAT 0x0C
t_wall=1785583133.883 t=1860675453 W DAT 0x04 (CGRAM ref #4)
t_wall=1785583133.883 t=1860675491 W DAT 0x08
t_wall=1785583133.887 t=1860679350 W DAT 0x04 (CGRAM ref #4)
t_wall=1785583133.887 t=1860679389 W DAT 0x08
t_wall=1785583133.890 t=1860683206 W DAT 0x08
t_wall=1785583133.894 t=1860687052 W DAT 0x0D
t_wall=1785583133.901 t=1860693312 W CMD 0x0C [DISP_CTRL disp=1 cur=0 blink=0]
t_wall=1785583133.957 t=1860749315 W CMD 0x48 [SET_CGRAM 0x08]
t_wall=1785583133.957 t=1860749374 W DAT 0x0C
t_wall=1785583133.958 t=1860749427 W DAT 0x04 (CGRAM ref #4)
t_wall=1785583133.958 t=1860749465 W DAT 0x0C
t_wall=1785583133.961 t=1860753340 W DAT 0x0C
t_wall=1785583133.964 t=1860757173 W DAT 0x0C
t_wall=1785583133.968 t=1860761019 W DAT 0x00 (CGRAM ref #0)
t_wall=1785583133.972 t=1860764835 W DAT 0x04 (CGRAM ref #4)
t_wall=1785583133.972 t=1860764873 W DAT 0x0E
t_wall=1785583133.977 t=1860769853 W CMD 0x60 [SET_CGRAM 0x20]
t_wall=1785583133.977 t=1860769911 W DAT 0x0F
t_wall=1785583133.978 t=1860769964 W DAT 0x1F
t_wall=1785583133.978 t=1860770017 W DAT 0x08
t_wall=1785583133.978 t=1860770070 W DAT 0x0F
t_wall=1785583133.978 t=1860770137 W DAT 0x18
t_wall=1785583133.979 t=1860770190 W DAT 0x07 (CGRAM ref #7)
t_wall=1785583133.979 t=1860770228 W DAT 0x0F
t_wall=1785583133.980 t=1860770281 W DAT 0x00 (CGRAM ref #0)
t_wall=1785583133.981 t=1860770481 W CMD 0x0C [DISP_CTRL disp=1 cur=0 blink=0]
t_wall=1785583133.981 t=1860771823 W CMD 0x68 [SET_CGRAM 0x28]
t_wall=1785583133.982 t=1860771881 W DAT 0x0C
t_wall=1785583133.982 t=1860771934 W DAT 0x0C
t_wall=1785583133.983 t=1860775751 W DAT 0x0C
t_wall=1785583133.987 t=1860779570 W DAT 0x08
t_wall=1785583133.991 t=1860783446 W DAT 0x0C
t_wall=1785583133.994 t=1860787279 W DAT 0x08
t_wall=1785583133.998 t=1860791096 W DAT 0x08
t_wall=1785583134.002 t=1860794940 W DAT 0x0D
t_wall=1785583134.008 t=1860800630 W CMD 0x0C [DISP_CTRL disp=1 cur=0 blink=0]
t_wall=1785583134.049 t=1860841285 W CMD 0x68 [SET_CGRAM 0x28]
t_wall=1785583134.049 t=1860841344 W DAT 0x04 (CGRAM ref #4)
t_wall=1785583134.049 t=1860841382 W DAT 0x0C
t_wall=1785583134.052 t=1860845198 W DAT 0x0C
t_wall=1785583134.056 t=1860849075 W DAT 0x08
t_wall=1785583134.060 t=1860852909 W DAT 0x0C
t_wall=1785583134.064 t=1860856753 W DAT 0x00 (CGRAM ref #0)
t_wall=1785583134.065 t=1860856792 W DAT 0x00 (CGRAM ref #0)
t_wall=1785583134.068 t=1860860610 W DAT 0x0D
t_wall=1785583134.073 t=1860865633 W CMD 0x0C [DISP_CTRL disp=1 cur=0 blink=0]
t_wall=1785583134.129 t=1860921680 W CMD 0x40 [SET_CGRAM 0x00]
t_wall=1785583134.129 t=1860921739 W DAT 0x00 (CGRAM ref #0)
t_wall=1785583134.130 t=1860921792 W DAT 0x17
t_wall=1785583134.130 t=1860921830 W DAT 0x17
t_wall=1785583134.130 t=1860921868 W DAT 0x1F
t_wall=1785583134.130 t=1860921921 W DAT 0x1F
t_wall=1785583134.131 t=1860921974 W DAT 0x1F
t_wall=1785583134.131 t=1860922026 W DAT 0x00 (CGRAM ref #0)
t_wall=1785583134.131 t=1860922079 W DAT 0x05 (CGRAM ref #5)
t_wall=1785583134.132 t=1860922259 W CMD 0x0C [DISP_CTRL disp=1 cur=0 blink=0]
t_wall=1785583134.136 t=1860928574 W CMD 0x68 [SET_CGRAM 0x28]
t_wall=1785583134.136 t=1860928720 W DAT 0x0C
t_wall=1785583134.136 t=1860928773 W DAT 0x0C
t_wall=1785583134.140 t=1860932655 W DAT 0x0C
t_wall=1785583134.144 t=1860936473 W DAT 0x00 (CGRAM ref #0)
t_wall=1785583134.147 t=1860940288 W DAT 0x0C
t_wall=1785583134.151 t=1860944165 W DAT 0x08
t_wall=1785583134.155 t=1860947999 W DAT 0x08
t_wall=1785583134.159 t=1860951843 W DAT 0x0D
t_wall=1785583134.166 t=1860957668 W CMD 0x0C [DISP_CTRL disp=1 cur=0 blink=0]
t_wall=1785583134.215 t=1861007896 W CMD 0x60 [SET_CGRAM 0x20]
t_wall=1785583134.215 t=1861007940 W DAT 0x0F
t_wall=1785583134.216 t=1861007993 W DAT 0x1F
t_wall=1785583134.216 t=1861008103 W DAT 0x08
t_wall=1785583134.216 t=1861008156 W DAT 0x0F
t_wall=1785583134.216 t=1861008209 W DAT 0x18
t_wall=1785583134.217 t=1861008262 W DAT 0x0F
t_wall=1785583134.217 t=1861008315 W DAT 0x0F
t_wall=1785583134.217 t=1861008367 W DAT 0x00 (CGRAM ref #0)
t_wall=1785583134.218 t=1861009841 W CMD 0x68 [SET_CGRAM 0x28]
t_wall=1785583134.218 t=1861009899 W DAT 0x0C
t_wall=1785583134.219 t=1861009952 W DAT 0x04 (CGRAM ref #4)
t_wall=1785583134.219 t=1861009990 W DAT 0x0C
t_wall=1785583134.221 t=1861013808 W DAT 0x08
t_wall=1785583134.225 t=1861017652 W DAT 0x0C
t_wall=1785583134.229 t=1861021502 W DAT 0x08
t_wall=1785583134.232 t=1861025337 W DAT 0x08
t_wall=1785583134.236 t=1861029180 W DAT 0x0D
t_wall=1785583134.244 t=1861036202 W CMD 0x0C [DISP_CTRL disp=1 cur=0 blink=0]
t_wall=1785583134.304 t=1861097253 W CMD 0x68 [SET_CGRAM 0x28]
t_wall=1785583134.304 t=1861097311 W DAT 0x0C
t_wall=1785583134.305 t=1861097364 W DAT 0x0C
t_wall=1785583134.308 t=1861101242 W DAT 0x04 (CGRAM ref #4)
t_wall=1785583134.308 t=1861101280 W DAT 0x08
t_wall=1785583134.312 t=1861105114 W DAT 0x04 (CGRAM ref #4)
t_wall=1785583134.312 t=1861105152 W DAT 0x08
t_wall=1785583134.316 t=1861108968 W DAT 0x08
t_wall=1785583134.320 t=1861112813 W DAT 0x0D
t_wall=1785583134.326 t=1861117714 W CMD 0x0C [DISP_CTRL disp=1 cur=0 blink=0]
t_wall=1785583134.358 # ALIVE us=1861150128 ring_depth=0 drops=0
t_wall=1785583134.375 t=1861168028 W CMD 0x60 [SET_CGRAM 0x20]
t_wall=1785583134.376 t=1861168087 W DAT 0x0F
t_wall=1785583134.376 t=1861168140 W DAT 0x1F
t_wall=1785583134.377 t=1861168193 W DAT 0x08
t_wall=1785583134.377 t=1861168246 W DAT 0x07 (CGRAM ref #7)
t_wall=1785583134.378 t=1861168284 W DAT 0x18
t_wall=1785583134.378 t=1861168351 W DAT 0x07 (CGRAM ref #7)
t_wall=1785583134.379 t=1861168389 W DAT 0x07 (CGRAM ref #7)
t_wall=1785583134.379 t=1861168427 W DAT 0x00 (CGRAM ref #0)
t_wall=1785583134.380 t=1861169911 W CMD 0x68 [SET_CGRAM 0x28]
t_wall=1785583134.380 t=1861169969 W DAT 0x0C
t_wall=1785583134.381 t=1861170022 W DAT 0x0C
t_wall=1785583134.381 t=1861173857 W DAT 0x0C
t_wall=1785583134.385 t=1861177701 W DAT 0x08
t_wall=1785583134.389 t=1861181551 W DAT 0x0C
t_wall=1785583134.392 t=1861185412 W DAT 0x08
t_wall=1785583134.396 t=1861189229 W DAT 0x08
t_wall=1785583134.400 t=1861193048 W DAT 0x0D
t_wall=1785583134.406 t=1861198123 W CMD 0x0C [DISP_CTRL disp=1 cur=0 blink=0]
t_wall=1785583134.469 t=1861261201 W CMD 0x68 [SET_CGRAM 0x28]
t_wall=1785583134.469 t=1861261259 W DAT 0x04 (CGRAM ref #4)
t_wall=1785583134.469 t=1861261298 W DAT 0x0C
t_wall=1785583134.470 t=1861261351 W DAT 0x0C
t_wall=1785583134.472 t=1861265185 W DAT 0x08
t_wall=1785583134.476 t=1861269003 W DAT 0x0C
t_wall=1785583134.480 t=1861272848 W DAT 0x00 (CGRAM ref #0)
t_wall=1785583134.484 t=1861276695 W DAT 0x00 (CGRAM ref #0)
t_wall=1785583134.488 t=1861280530 W DAT 0x0D
t_wall=1785583134.498 t=1861290543 W CMD 0x0C [DISP_CTRL disp=1 cur=0 blink=0]
t_wall=1785583134.544 t=1861337160 W CMD 0x68 [SET_CGRAM 0x28]
t_wall=1785583134.545 t=1861337218 W DAT 0x0C
t_wall=1785583134.545 t=1861337272 W DAT 0x0C
t_wall=1785583134.548 t=1861341105 W DAT 0x0C
t_wall=1785583134.552 t=1861344950 W DAT 0x00 (CGRAM ref #0)
t_wall=1785583134.556 t=1861348766 W DAT 0x0C
t_wall=1785583134.560 t=1861352615 W DAT 0x08
t_wall=1785583134.564 t=1861356478 W DAT 0x08
t_wall=1785583134.567 t=1861360251 W DAT 0x0D
t_wall=1785583134.576 t=1861368590 W CMD 0x0C [DISP_CTRL disp=1 cur=0 blink=0]
t_wall=1785583134.629 t=1861421382 W CMD 0x40 [SET_CGRAM 0x00]
t_wall=1785583134.629 t=1861421441 W DAT 0x00 (CGRAM ref #0)
t_wall=1785583134.630 t=1861421494 W DAT 0x17
t_wall=1785583134.630 t=1861421533 W DAT 0x17
t_wall=1785583134.630 t=1861421571 W DAT 0x17
t_wall=1785583134.630 t=1861421609 W DAT 0x1F
t_wall=1785583134.631 t=1861421662 W DAT 0x1F
t_wall=1785583134.631 t=1861421715 W DAT 0x00 (CGRAM ref #0)
t_wall=1785583134.632 t=1861421767 W DAT 0x05 (CGRAM ref #5)
t_wall=1785583134.632 t=1861421947 W CMD 0x0C [DISP_CTRL disp=1 cur=0 blink=0]
t_wall=1785583134.635 t=1861427844 W CMD 0x60 [SET_CGRAM 0x20]
t_wall=1785583134.636 t=1861427903 W DAT 0x0F
t_wall=1785583134.636 t=1861427956 W DAT 0x17
t_wall=1785583134.637 t=1861427994 W DAT 0x08
t_wall=1785583134.638 t=1861428047 W DAT 0x0F
t_wall=1785583134.638 t=1861428114 W DAT 0x18
t_wall=1785583134.639 t=1861428167 W DAT 0x0F
t_wall=1785583134.639 t=1861428220 W DAT 0x0F
t_wall=1785583134.640 t=1861428272 W DAT 0x00 (CGRAM ref #0)
t_wall=1785583134.641 t=1861428452 W CMD 0x0C [DISP_CTRL disp=1 cur=0 blink=0]
t_wall=1785583134.642 t=1861429758 W CMD 0x68 [SET_CGRAM 0x28]
t_wall=1785583134.642 t=1861429846 W DAT 0x0C
t_wall=1785583134.643 t=1861429898 W DAT 0x04 (CGRAM ref #4)
t_wall=1785583134.643 t=1861429937 W DAT 0x0C
t_wall=1785583134.644 t=1861433786 W DAT 0x08
t_wall=1785583134.645 t=1861437618 W DAT 0x0C
t_wall=1785583134.648 t=1861441463 W DAT 0x08
t_wall=1785583134.652 t=1861445281 W DAT 0x08
t_wall=1785583134.656 t=1861449129 W DAT 0x0D
t_wall=1785583134.669 t=1861461273 W CMD 0x0C [DISP_CTRL disp=1 cur=0 blink=0]
t_wall=1785583134.713 t=1861505713 W CMD 0x68 [SET_CGRAM 0x28]
t_wall=1785583134.713 t=1861505772 W DAT 0x0C
t_wall=1785583134.714 t=1861505824 W DAT 0x0C
t_wall=1785583134.717 t=1861509643 W DAT 0x04 (CGRAM ref #4)
t_wall=1785583134.717 t=1861509682 W DAT 0x08
t_wall=1785583134.721 t=1861513529 W DAT 0x04 (CGRAM ref #4)
t_wall=1785583134.721 t=1861513567 W DAT 0x08
t_wall=1785583134.724 t=1861517429 W DAT 0x08
t_wall=1785583134.728 t=1861521247 W DAT 0x0D
t_wall=1785583134.737 t=1861529562 W CMD 0x0C [DISP_CTRL disp=1 cur=0 blink=0]
t_wall=1785583134.795 t=1861587339 W CMD 0x60 [SET_CGRAM 0x20]
t_wall=1785583134.795 t=1861587383 W DAT 0x0F
t_wall=1785583134.795 t=1861587436 W DAT 0x17
t_wall=1785583134.795 t=1861587474 W DAT 0x08
t_wall=1785583134.796 t=1861587542 W DAT 0x0F
t_wall=1785583134.796 t=1861587609 W DAT 0x18
t_wall=1785583134.796 t=1861587662 W DAT 0x07 (CGRAM ref #7)
t_wall=1785583134.797 t=1861587700 W DAT 0x0F
t_wall=1785583134.797 t=1861587753 W DAT 0x00 (CGRAM ref #0)
t_wall=1785583134.798 t=1861590112 W CMD 0x68 [SET_CGRAM 0x28]
t_wall=1785583134.798 t=1861590170 W DAT 0x0C
t_wall=1785583134.798 t=1861590223 W DAT 0x0C
t_wall=1785583134.801 t=1861594057 W DAT 0x0C
t_wall=1785583134.805 t=1861597875 W DAT 0x08
t_wall=1785583134.809 t=1861601677 W DAT 0x0C
t_wall=1785583134.813 t=1861605494 W DAT 0x08
t_wall=1785583134.816 t=1861609344 W DAT 0x08
t_wall=1785583134.820 t=1861613204 W DAT 0x0D
t_wall=1785583134.826 t=1861618155 W CMD 0x0C [DISP_CTRL disp=1 cur=0 blink=0]
t_wall=1785583134.877 t=1861669703 W CMD 0x68 [SET_CGRAM 0x28]
t_wall=1785583134.878 t=1861669762 W DAT 0x04 (CGRAM ref #4)
t_wall=1785583134.878 t=1861669800 W DAT 0x0C
t_wall=1785583134.881 t=1861673634 W DAT 0x0C
t_wall=1785583134.884 t=1861677477 W DAT 0x08
t_wall=1785583134.889 t=1861681294 W DAT 0x0C
t_wall=1785583134.892 t=1861685173 W DAT 0x00 (CGRAM ref #0)
t_wall=1785583134.896 t=1861689004 W DAT 0x00 (CGRAM ref #0)
t_wall=1785583134.900 t=1861692779 W DAT 0x0D
t_wall=1785583134.908 t=1861699798 W CMD 0x0C [DISP_CTRL disp=1 cur=0 blink=0]
t_wall=1785583134.957 t=1861750137 W CMD 0x68 [SET_CGRAM 0x28]
t_wall=1785583134.958 t=1861750195 W DAT 0x0C
t_wall=1785583134.958 t=1861750248 W DAT 0x0C
t_wall=1785583134.961 t=1861754080 W DAT 0x0C
t_wall=1785583134.965 t=1861757896 W DAT 0x00 (CGRAM ref #0)
t_wall=1785583134.966 t=1861757934 W DAT 0x0C
t_wall=1785583134.969 t=1861761802 W DAT 0x08
t_wall=1785583134.973 t=1861765651 W DAT 0x08
t_wall=1785583134.977 t=1861769514 W DAT 0x0D
t_wall=1785583134.983 t=1861774505 W CMD 0x0C [DISP_CTRL disp=1 cur=0 blink=0]
t_wall=1785583135.043 t=1861835634 W CMD 0x60 [SET_CGRAM 0x20]
t_wall=1785583135.044 t=1861835678 W DAT 0x07 (CGRAM ref #7)
t_wall=1785583135.045 t=1861835716 W DAT 0x1F
t_wall=1785583135.045 t=1861835769 W DAT 0x08
t_wall=1785583135.046 t=1861835821 W DAT 0x0F
t_wall=1785583135.046 t=1861835874 W DAT 0x18
t_wall=1785583135.047 t=1861835927 W DAT 0x07 (CGRAM ref #7)
t_wall=1785583135.048 t=1861835965 W DAT 0x07 (CGRAM ref #7)
t_wall=1785583135.049 t=1861836003 W DAT 0x00 (CGRAM ref #0)
t_wall=1785583135.049 t=1861838259 W CMD 0x68 [SET_CGRAM 0x28]
t_wall=1785583135.050 t=1861838347 W DAT 0x0C
t_wall=1785583135.050 t=1861838399 W DAT 0x04 (CGRAM ref #4)
t_wall=1785583135.051 t=1861838437 W DAT 0x0C
t_wall=1785583135.051 t=1861842255 W DAT 0x08
t_wall=1785583135.053 t=1861846134 W DAT 0x0C
t_wall=1785583135.057 t=1861849987 W DAT 0x08
t_wall=1785583135.061 t=1861853805 W DAT 0x08
t_wall=1785583135.065 t=1861857650 W DAT 0x0D
t_wall=1785583135.070 t=1861862586 W CMD 0x0C [DISP_CTRL disp=1 cur=0 blink=0]
t_wall=1785583135.121 t=1861914093 W CMD 0x68 [SET_CGRAM 0x28]
t_wall=1785583135.122 t=1861914151 W DAT 0x0C
t_wall=1785583135.122 t=1861914204 W DAT 0x0C
t_wall=1785583135.125 t=1861918051 W DAT 0x04 (CGRAM ref #4)
t_wall=1785583135.126 t=1861918089 W DAT 0x08
t_wall=1785583135.129 t=1861921904 W DAT 0x04 (CGRAM ref #4)
t_wall=1785583135.129 t=1861921942 W DAT 0x08
t_wall=1785583135.133 t=1861925792 W DAT 0x08
t_wall=1785583135.137 t=1861929653 W DAT 0x0D
t_wall=1785583135.142 t=1861934695 W CMD 0x40 [SET_CGRAM 0x00]
t_wall=1785583135.143 t=1861934753 W DAT 0x00 (CGRAM ref #0)
t_wall=1785583135.143 t=1861934806 W DAT 0x17
t_wall=1785583135.144 t=1861934844 W DAT 0x17
t_wall=1785583135.144 t=1861934882 W DAT 0x17
t_wall=1785583135.144 t=1861934920 W DAT 0x17
t_wall=1785583135.145 t=1861934959 W DAT 0x1F
t_wall=1785583135.145 t=1861935011 W DAT 0x00 (CGRAM ref #0)
t_wall=1785583135.146 t=1861935064 W DAT 0x05 (CGRAM ref #5)
t_wall=1785583135.147 t=1861935244 W CMD 0x0C [DISP_CTRL disp=1 cur=0 blink=0]
t_wall=1785583135.204 t=1861996294 W CMD 0x60 [SET_CGRAM 0x20]
t_wall=1785583135.204 t=1861996382 W DAT 0x0F
t_wall=1785583135.204 t=1861996434 W DAT 0x1F
t_wall=1785583135.204 t=1861996487 W DAT 0x00 (CGRAM ref #0)
t_wall=1785583135.205 t=1861996540 W DAT 0x0F
t_wall=1785583135.205 t=1861996593 W DAT 0x18
t_wall=1785583135.205 t=1861996646 W DAT 0x07 (CGRAM ref #7)
t_wall=1785583135.205 t=1861996684 W DAT 0x0F
t_wall=1785583135.206 t=1861996737 W DAT 0x00 (CGRAM ref #0)
t_wall=1785583135.206 t=1861999029 W CMD 0x68 [SET_CGRAM 0x28]
t_wall=1785583135.206 t=1861999087 W DAT 0x0C
t_wall=1785583135.207 t=1861999140 W DAT 0x0C
t_wall=1785583135.210 t=1862003018 W DAT 0x0C
t_wall=1785583135.214 t=1862006853 W DAT 0x08
t_wall=1785583135.218 t=1862010668 W DAT 0x0C
t_wall=1785583135.221 t=1862014513 W DAT 0x08
t_wall=1785583135.225 t=1862018363 W DAT 0x08
t_wall=1785583135.229 t=1862022194 W DAT 0x0D
t_wall=1785583135.234 t=1862027049 W CMD 0x0C [DISP_CTRL disp=1 cur=0 blink=0]
t_wall=1785583135.287 t=1862078526 W CMD 0x68 [SET_CGRAM 0x28]
t_wall=1785583135.288 t=1862078585 W DAT 0x04 (CGRAM ref #4)
t_wall=1785583135.288 t=1862078623 W DAT 0x0C
t_wall=1785583135.290 t=1862082473 W DAT 0x0C
t_wall=1785583135.294 t=1862086305 W DAT 0x08
t_wall=1785583135.297 t=1862090173 W DAT 0x0C
t_wall=1785583135.302 t=1862093989 W DAT 0x00 (CGRAM ref #0)
t_wall=1785583135.305 t=1862097838 W DAT 0x00 (CGRAM ref #0)
t_wall=1785583135.309 t=1862101701 W DAT 0x0D
t_wall=1785583135.316 t=1862108787 W CMD 0x0C [DISP_CTRL disp=1 cur=0 blink=0]
t_wall=1785583135.366 t=1862159001 W CMD 0x68 [SET_CGRAM 0x28]
t_wall=1785583135.367 t=1862159059 W DAT 0x0C
t_wall=1785583135.367 t=1862159112 W DAT 0x0C
t_wall=1785583135.370 t=1862162987 W DAT 0x0C
t_wall=1785583135.374 t=1862166822 W DAT 0x00 (CGRAM ref #0)
t_wall=1785583135.378 t=1862170638 W DAT 0x0C
t_wall=1785583135.381 t=1862174484 W DAT 0x08
t_wall=1785583135.385 t=1862178334 W DAT 0x08
t_wall=1785583135.389 t=1862182187 W DAT 0x0D
t_wall=1785583135.397 t=1862189243 W CMD 0x0C [DISP_CTRL disp=1 cur=0 blink=0]
t_wall=1785583135.446 t=1862238267 W CMD 0x60 [SET_CGRAM 0x20]
t_wall=1785583135.446 t=1862238326 W DAT 0x0F
t_wall=1785583135.446 t=1862238379 W DAT 0x1F
t_wall=1785583135.447 t=1862238432 W DAT 0x00 (CGRAM ref #0)
t_wall=1785583135.447 t=1862238484 W DAT 0x0F
t_wall=1785583135.448 t=1862238537 W DAT 0x10
t_wall=1785583135.448 t=1862238590 W DAT 0x0F
t_wall=1785583135.448 t=1862238643 W DAT 0x0F
t_wall=1785583135.449 t=1862238696 W DAT 0x00 (CGRAM ref #0)
t_wall=1785583135.449 t=1862240191 W CMD 0x68 [SET_CGRAM 0x28]
t_wall=1785583135.450 t=1862240249 W DAT 0x0C
t_wall=1785583135.450 t=1862240302 W DAT 0x04 (CGRAM ref #4)
t_wall=1785583135.451 t=1862240340 W DAT 0x0C
t_wall=1785583135.451 t=1862244173 W DAT 0x08
t_wall=1785583135.455 t=1862248020 W DAT 0x0C
t_wall=1785583135.459 t=1862251834 W DAT 0x08
t_wall=1785583135.463 t=1862255683 W DAT 0x08
t_wall=1785583135.467 t=1862259545 W DAT 0x0D
t_wall=1785583135.472 t=1862264497 W CMD 0x0C [DISP_CTRL disp=1 cur=0 blink=0]
t_wall=1785583135.528 t=1862320554 W CMD 0x40 [SET_CGRAM 0x00]
t_wall=1785583135.528 t=1862320613 W DAT 0x00 (CGRAM ref #0)
t_wall=1785583135.528 t=1862320665 W DAT 0x17
t_wall=1785583135.528 t=1862320704 W DAT 0x17
t_wall=1785583135.529 t=1862320742 W DAT 0x17
t_wall=1785583135.529 t=1862320780 W DAT 0x17
t_wall=1785583135.529 t=1862320818 W DAT 0x17
t_wall=1785583135.530 t=1862320857 W DAT 0x00 (CGRAM ref #0)
t_wall=1785583135.530 t=1862320909 W DAT 0x05 (CGRAM ref #5)
t_wall=1785583135.531 t=1862321090 W CMD 0x0C [DISP_CTRL disp=1 cur=0 blink=0]
t_wall=1785583135.536 t=1862328420 W CMD 0x68 [SET_CGRAM 0x28]
t_wall=1785583135.536 t=1862328479 W DAT 0x0C
t_wall=1785583135.536 t=1862328531 W DAT 0x0C
t_wall=1785583135.539 t=1862332377 W DAT 0x04 (CGRAM ref #4)
t_wall=1785583135.540 t=1862332415 W DAT 0x08
t_wall=1785583135.543 t=1862336266 W DAT 0x04 (CGRAM ref #4)
t_wall=1785583135.544 t=1862336304 W DAT 0x08
t_wall=1785583135.547 t=1862340136 W DAT 0x08
t_wall=1785583135.551 t=1862343981 W DAT 0x0D
t_wall=1785583135.558 t=1862350166 W CMD 0x0C [DISP_CTRL disp=1 cur=0 blink=0]
t_wall=1785583135.613 t=1862399191 W CMD 0x60 [SET_CGRAM 0x20]
t_wall=1785583135.619 t=1862399249 W DAT 0x07 (CGRAM ref #7)
t_wall=1785583135.624 t=1862399287 W DAT 0x1F
t_wall=1785583135.629 t=1862399340 W DAT 0x00 (CGRAM ref #0)
t_wall=1785583135.635 t=1862399407 W DAT 0x07 (CGRAM ref #7)
t_wall=1785583135.638 t=1862399445 W DAT 0x18
t_wall=1785583135.642 t=1862399513 W DAT 0x07 (CGRAM ref #7)
t_wall=1785583135.646 t=1862399551 W DAT 0x07 (CGRAM ref #7)
t_wall=1785583135.651 t=1862399589 W DAT 0x00 (CGRAM ref #0)
t_wall=1785583135.656 t=1862399769 W CMD 0x0C [DISP_CTRL disp=1 cur=0 blink=0]
t_wall=1785583135.659 t=1862401113 W CMD 0x68 [SET_CGRAM 0x28]
t_wall=1785583135.662 t=1862401172 W DAT 0x0C
t_wall=1785583135.664 t=1862401224 W DAT 0x0C
t_wall=1785583135.667 t=1862405074 W DAT 0x0C
t_wall=1785583135.671 t=1862408919 W DAT 0x08
t_wall=1785583135.674 t=1862412737 W DAT 0x0C
t_wall=1785583135.678 t=1862416584 W DAT 0x08
t_wall=1785583135.682 t=1862420446 W DAT 0x08
t_wall=1785583135.685 t=1862424264 W DAT 0x0D
t_wall=1785583135.690 t=1862432833 W CMD 0x0C [DISP_CTRL disp=1 cur=0 blink=0]
t_wall=1785583135.695 t=1862484255 W CMD 0x68 [SET_CGRAM 0x28]
t_wall=1785583135.699 t=1862484313 W DAT 0x04 (CGRAM ref #4)
t_wall=1785583135.701 t=1862484351 W DAT 0x0C
t_wall=1785583135.703 t=1862484404 W DAT 0x0C
t_wall=1785583135.705 t=1862488219 W DAT 0x08
t_wall=1785583135.707 t=1862492065 W DAT 0x0C
t_wall=1785583135.711 t=1862495914 W DAT 0x00 (CGRAM ref #0)
t_wall=1785583135.714 t=1862499747 W DAT 0x00 (CGRAM ref #0)
t_wall=1785583135.716 t=1862503593 W DAT 0x0D
t_wall=1785583135.720 t=1862508552 W CMD 0x0C [DISP_CTRL disp=1 cur=0 blink=0]
t_wall=1785583135.778 t=1862570765 W CMD 0x68 [SET_CGRAM 0x28]
t_wall=1785583135.779 t=1862570824 W DAT 0x0C
t_wall=1785583135.779 t=1862570876 W DAT 0x0C
t_wall=1785583135.782 t=1862574727 W DAT 0x0C
t_wall=1785583135.786 t=1862578610 W DAT 0x00 (CGRAM ref #0)
t_wall=1785583135.789 t=1862582428 W DAT 0x0C
t_wall=1785583135.793 t=1862586244 W DAT 0x08
t_wall=1785583135.797 t=1862590120 W DAT 0x08
t_wall=1785583135.801 t=1862593955 W DAT 0x0D
t_wall=1785583135.808 t=1862601010 W CMD 0x0C [DISP_CTRL disp=1 cur=0 blink=0]
t_wall=1785583135.857 t=1862650001 W CMD 0x60 [SET_CGRAM 0x20]
t_wall=1785583135.858 t=1862650060 W DAT 0x07 (CGRAM ref #7)
t_wall=1785583135.858 t=1862650098 W DAT 0x17
t_wall=1785583135.858 t=1862650136 W DAT 0x00 (CGRAM ref #0)
t_wall=1785583135.859 t=1862650219 W DAT 0x07 (CGRAM ref #7)
t_wall=1785583135.859 t=1862650257 W DAT 0x10
t_wall=1785583135.860 t=1862650296 W DAT 0x07 (CGRAM ref #7)
t_wall=1785583135.860 t=1862650334 W DAT 0x07 (CGRAM ref #7)
t_wall=1785583135.860 t=1862650400 W DAT 0x00 (CGRAM ref #0)
t_wall=1785583135.861 t=1862651890 W CMD 0x68 [SET_CGRAM 0x28]
t_wall=1785583135.861 t=1862651978 W DAT 0x0C
t_wall=1785583135.862 t=1862652030 W DAT 0x04 (CGRAM ref #4)
t_wall=1785583135.862 t=1862652068 W DAT 0x0C
t_wall=1785583135.863 t=1862655901 W DAT 0x08
t_wall=1785583135.867 t=1862659719 W DAT 0x0C
t_wall=1785583135.870 t=1862663563 W DAT 0x08
t_wall=1785583135.874 t=1862667412 W DAT 0x08
t_wall=1785583135.878 t=1862671247 W DAT 0x0D
t_wall=1785583135.886 t=1862677443 W CMD 0x0C [DISP_CTRL disp=1 cur=0 blink=0]
t_wall=1785583135.946 t=1862738489 W CMD 0x68 [SET_CGRAM 0x28]
t_wall=1785583135.947 t=1862738547 W DAT 0x0C
t_wall=1785583135.947 t=1862738600 W DAT 0x0C
t_wall=1785583135.950 t=1862742417 W DAT 0x04 (CGRAM ref #4)
t_wall=1785583135.951 t=1862742456 W DAT 0x08
t_wall=1785583135.955 t=1862746331 W DAT 0x04 (CGRAM ref #4)
t_wall=1785583135.957 t=1862746369 W DAT 0x08
t_wall=1785583135.958 t=1862750203 W DAT 0x08
t_wall=1785583135.962 t=1862754021 W DAT 0x0D
t_wall=1785583135.968 t=1862759013 W CMD 0x0C [DISP_CTRL disp=1 cur=0 blink=0]
t_wall=1785583136.029 t=1862821233 W CMD 0x68 [SET_CGRAM 0x28]
t_wall=1785583136.029 t=1862821291 W DAT 0x0C
t_wall=1785583136.029 t=1862821343 W DAT 0x0C
t_wall=1785583136.032 t=1862825190 W DAT 0x0C
t_wall=1785583136.036 t=1862829047 W DAT 0x00 (CGRAM ref #0)
t_wall=1785583136.040 t=1862832891 W DAT 0x0C
t_wall=1785583136.044 t=1862836666 W DAT 0x08
t_wall=1785583136.047 t=1862840485 W DAT 0x08
t_wall=1785583136.051 t=1862844361 W DAT 0x0D
t_wall=1785583136.063 t=1862856106 W CMD 0x0C [DISP_CTRL disp=1 cur=0 blink=0]
t_wall=1785583136.358 # ALIVE us=1863150175 ring_depth=0 drops=0
t_wall=1785583136.982 t=1863774356 W CMD 0x68 [SET_CGRAM 0x28]
t_wall=1785583136.982 t=1863774415 W DAT 0x04 (CGRAM ref #4)
t_wall=1785583136.983 t=1863774453 W DAT 0x0C
t_wall=1785583136.983 t=1863774505 W DAT 0x04 (CGRAM ref #4)
t_wall=1785583136.984 t=1863774544 W DAT 0x00 (CGRAM ref #0)
t_wall=1785583136.985 t=1863778421 W DAT 0x0C
t_wall=1785583136.990 t=1863782255 W DAT 0x00 (CGRAM ref #0)
t_wall=1785583136.993 t=1863786071 W DAT 0x00 (CGRAM ref #0)
t_wall=1785583136.994 t=1863786109 W DAT 0x0D
t_wall=1785583136.997 t=1863789732 W CMD 0x0C [DISP_CTRL disp=1 cur=0 blink=0]
t_wall=1785583137.371 t=1864163692 W CMD 0x68 [SET_CGRAM 0x28]
t_wall=1785583137.371 t=1864163751 W DAT 0x0C
t_wall=1785583137.372 t=1864163803 W DAT 0x04 (CGRAM ref #4)
t_wall=1785583137.372 t=1864163842 W DAT 0x0C
t_wall=1785583137.375 t=1864167660 W DAT 0x08
t_wall=1785583137.378 t=1864171536 W DAT 0x0C
t_wall=1785583137.382 t=1864175393 W DAT 0x00 (CGRAM ref #0)
t_wall=1785583137.386 t=1864179237 W DAT 0x08
t_wall=1785583137.390 t=1864183054 W DAT 0x0D
t_wall=1785583137.396 t=1864188777 W CMD 0x0C [DISP_CTRL disp=1 cur=0 blink=0]
t_wall=1785583137.447 t=1864240256 W CMD 0x68 [SET_CGRAM 0x28]
t_wall=1785583137.447 t=1864240314 W DAT 0x0C
t_wall=1785583137.448 t=1864240367 W DAT 0x0C
t_wall=1785583137.451 t=1864244211 W DAT 0x0C
t_wall=1785583137.455 t=1864248027 W DAT 0x08
t_wall=1785583137.459 t=1864251877 W DAT 0x0C
t_wall=1785583137.463 t=1864255737 W DAT 0x00 (CGRAM ref #0)
t_wall=1785583137.466 t=1864259578 W DAT 0x08
t_wall=1785583137.470 t=1864263394 W DAT 0x0D
t_wall=1785583137.476 t=1864269211 W CMD 0x0C [DISP_CTRL disp=1 cur=0 blink=0]
t_wall=1785583137.527 t=1864320625 W CMD 0x68 [SET_CGRAM 0x28]
t_wall=1785583137.528 t=1864320684 W DAT 0x0C
t_wall=1785583137.528 t=1864320737 W DAT 0x0C
t_wall=1785583137.531 t=1864324554 W DAT 0x04 (CGRAM ref #4)
t_wall=1785583137.532 t=1864324592 W DAT 0x08
t_wall=1785583137.535 t=1864328437 W DAT 0x0C
t_wall=1785583137.539 t=1864332285 W DAT 0x00 (CGRAM ref #0)
t_wall=1785583137.543 t=1864336118 W DAT 0x08
t_wall=1785583137.547 t=1864339963 W DAT 0x0D
t_wall=1785583137.554 t=1864346242 W CMD 0x0C [DISP_CTRL disp=1 cur=0 blink=0]
t_wall=1785583137.557 t=1864350086 W CMD 0x60 [SET_CGRAM 0x20]
t_wall=1785583137.558 t=1864350145 W DAT 0x07 (CGRAM ref #7)
t_wall=1785583137.558 t=1864350183 W DAT 0x1F
t_wall=1785583137.559 t=1864350236 W DAT 0x00 (CGRAM ref #0)
t_wall=1785583137.559 t=1864350288 W DAT 0x07 (CGRAM ref #7)
t_wall=1785583137.559 t=1864350327 W DAT 0x18
t_wall=1785583137.560 t=1864350394 W DAT 0x07 (CGRAM ref #7)
t_wall=1785583137.560 t=1864350432 W DAT 0x07 (CGRAM ref #7)
t_wall=1785583137.561 t=1864350471 W DAT 0x00 (CGRAM ref #0)
t_wall=1785583137.562 t=1864350651 W CMD 0x0C [DISP_CTRL disp=1 cur=0 blink=0]
t_wall=1785583137.615 t=1864407855 W CMD 0x68 [SET_CGRAM 0x28]
t_wall=1785583137.616 t=1864407914 W DAT 0x0C
t_wall=1785583137.616 t=1864407967 W DAT 0x0C
t_wall=1785583137.619 t=1864411815 W DAT 0x0C
t_wall=1785583137.624 t=1864415677 W DAT 0x00 (CGRAM ref #0)
t_wall=1785583137.627 t=1864419493 W DAT 0x0C
t_wall=1785583137.631 t=1864423339 W DAT 0x00 (CGRAM ref #0)
t_wall=1785583137.634 t=1864427188 W DAT 0x00 (CGRAM ref #0)
t_wall=1785583137.638 t=1864431019 W DAT 0x0D
t_wall=1785583137.648 t=1864440717 W CMD 0x0C [DISP_CTRL disp=1 cur=0 blink=0]
t_wall=1785583137.696 t=1864488506 W CMD 0x68 [SET_CGRAM 0x28]
t_wall=1785583137.696 t=1864488564 W DAT 0x04 (CGRAM ref #4)
t_wall=1785583137.697 t=1864488602 W DAT 0x0C
t_wall=1785583137.697 t=1864488656 W DAT 0x04 (CGRAM ref #4)
t_wall=1785583137.698 t=1864488694 W DAT 0x00 (CGRAM ref #0)
t_wall=1785583137.700 t=1864492527 W DAT 0x0C
t_wall=1785583137.704 t=1864496343 W DAT 0x00 (CGRAM ref #0)
t_wall=1785583137.704 t=1864496381 W DAT 0x00 (CGRAM ref #0)
t_wall=1785583137.705 t=1864496420 W DAT 0x0D
t_wall=1785583137.707 t=1864499208 W CMD 0x0C [DISP_CTRL disp=1 cur=0 blink=0]
t_wall=1785583137.714 t=1864506366 W CMD 0x60 [SET_CGRAM 0x20]
t_wall=1785583137.714 t=1864506424 W DAT 0x0F
t_wall=1785583137.714 t=1864506477 W DAT 0x1F
t_wall=1785583137.715 t=1864506530 W DAT 0x00 (CGRAM ref #0)
t_wall=1785583137.715 t=1864506583 W DAT 0x0F
t_wall=1785583137.716 t=1864506635 W DAT 0x10
t_wall=1785583137.716 t=1864506688 W DAT 0x0F
t_wall=1785583137.716 t=1864506741 W DAT 0x0F
t_wall=1785583137.717 t=1864506794 W DAT 0x00 (CGRAM ref #0)
t_wall=1785583137.717 t=1864508344 W CMD 0x0C [DISP_CTRL disp=1 cur=0 blink=0]
t_wall=1785583137.775 t=1864568152 W CMD 0x40 [SET_CGRAM 0x00]
t_wall=1785583137.776 t=1864568210 W DAT 0x00 (CGRAM ref #0)
t_wall=1785583137.776 t=1864568263 W DAT 0x17
t_wall=1785583137.776 t=1864568301 W DAT 0x17
t_wall=1785583137.777 t=1864568339 W DAT 0x17
t_wall=1785583137.777 t=1864568377 W DAT 0x17
t_wall=1785583137.777 t=1864568416 W DAT 0x1F
t_wall=1785583137.778 t=1864568468 W DAT 0x00 (CGRAM ref #0)
t_wall=1785583137.778 t=1864568506 W DAT 0x05 (CGRAM ref #5)
t_wall=1785583137.779 t=1864568687 W CMD 0x0C [DISP_CTRL disp=1 cur=0 blink=0]
t_wall=1785583137.783 t=1864575838 W CMD 0x68 [SET_CGRAM 0x28]
t_wall=1785583137.783 t=1864575897 W DAT 0x0C
t_wall=1785583137.784 t=1864575949 W DAT 0x04 (CGRAM ref #4)
t_wall=1785583137.784 t=1864575988 W DAT 0x0C
t_wall=1785583137.787 t=1864579805 W DAT 0x08
t_wall=1785583137.791 t=1864583683 W DAT 0x0C
t_wall=1785583137.795 t=1864587515 W DAT 0x00 (CGRAM ref #0)
t_wall=1785583137.798 t=1864591331 W DAT 0x08
t_wall=1785583137.802 t=1864595178 W DAT 0x0D
t_wall=1785583137.809 t=1864601367 W CMD 0x0C [DISP_CTRL disp=1 cur=0 blink=0]
t_wall=1785583137.859 t=1864651617 W CMD 0x68 [SET_CGRAM 0x28]
t_wall=1785583137.859 t=1864651675 W DAT 0x0C
t_wall=1785583137.859 t=1864651728 W DAT 0x0C
t_wall=1785583137.863 t=1864655545 W DAT 0x0C
t_wall=1785583137.866 t=1864659392 W DAT 0x08
t_wall=1785583137.870 t=1864663239 W DAT 0x0C
t_wall=1785583137.874 t=1864667073 W DAT 0x00 (CGRAM ref #0)
t_wall=1785583137.878 t=1864670919 W DAT 0x08
t_wall=1785583137.882 t=1864674734 W DAT 0x0D
t_wall=1785583137.889 t=1864681815 W CMD 0x0C [DISP_CTRL disp=1 cur=0 blink=0]
t_wall=1785583137.948 t=1864740811 W CMD 0x60 [SET_CGRAM 0x20]
t_wall=1785583137.948 t=1864740870 W DAT 0x0F
t_wall=1785583137.948 t=1864740923 W DAT 0x1F
t_wall=1785583137.949 t=1864740976 W DAT 0x00 (CGRAM ref #0)
t_wall=1785583137.949 t=1864741029 W DAT 0x0F
t_wall=1785583137.950 t=1864741081 W DAT 0x18
t_wall=1785583137.950 t=1864741134 W DAT 0x07 (CGRAM ref #7)
t_wall=1785583137.950 t=1864741172 W DAT 0x0F
t_wall=1785583137.951 t=1864741225 W DAT 0x00 (CGRAM ref #0)
t_wall=1785583137.951 t=1864743503 W CMD 0x68 [SET_CGRAM 0x28]
t_wall=1785583137.951 t=1864743620 W DAT 0x0C
t_wall=1785583137.952 t=1864743673 W DAT 0x0C
t_wall=1785583137.955 t=1864747506 W DAT 0x04 (CGRAM ref #4)
t_wall=1785583137.955 t=1864747544 W DAT 0x08
t_wall=1785583137.958 t=1864751362 W DAT 0x0C
t_wall=1785583137.962 t=1864755206 W DAT 0x00 (CGRAM ref #0)
t_wall=1785583137.966 t=1864759054 W DAT 0x08
t_wall=1785583137.970 t=1864762889 W DAT 0x0D
t_wall=1785583137.975 t=1864767798 W CMD 0x0C [DISP_CTRL disp=1 cur=0 blink=0]
t_wall=1785583138.027 t=1864819312 W CMD 0x68 [SET_CGRAM 0x28]
t_wall=1785583138.027 t=1864819370 W DAT 0x0C
t_wall=1785583138.027 t=1864819423 W DAT 0x0C
t_wall=1785583138.030 t=1864823270 W DAT 0x0C
t_wall=1785583138.034 t=1864827131 W DAT 0x00 (CGRAM ref #0)
t_wall=1785583138.038 t=1864830949 W DAT 0x0C
t_wall=1785583138.042 t=1864834764 W DAT 0x00 (CGRAM ref #0)
t_wall=1785583138.046 t=1864838642 W DAT 0x00 (CGRAM ref #0)
t_wall=1785583138.049 t=1864842497 W DAT 0x0D
t_wall=1785583138.055 t=1864847425 W CMD 0x0C [DISP_CTRL disp=1 cur=0 blink=0]
t_wall=1785583138.115 t=1864908498 W CMD 0x60 [SET_CGRAM 0x20]
t_wall=1785583138.116 t=1864908542 W DAT 0x07 (CGRAM ref #7)
t_wall=1785583138.116 t=1864908580 W DAT 0x1F
t_wall=1785583138.116 t=1864908648 W DAT 0x08
t_wall=1785583138.116 t=1864908701 W DAT 0x0F
t_wall=1785583138.116 t=1864908768 W DAT 0x18
t_wall=1785583138.117 t=1864908821 W DAT 0x07 (CGRAM ref #7)
t_wall=1785583138.117 t=1864908859 W DAT 0x07 (CGRAM ref #7)
t_wall=1785583138.117 t=1864908897 W DAT 0x00 (CGRAM ref #0)
t_wall=1785583138.118 t=1864911189 W CMD 0x68 [SET_CGRAM 0x28]
t_wall=1785583138.118 t=1864911248 W DAT 0x04 (CGRAM ref #4)
t_wall=1785583138.119 t=1864911286 W DAT 0x0C
t_wall=1785583138.123 t=1864915163 W DAT 0x04 (CGRAM ref #4)
t_wall=1785583138.125 t=1864915202 W DAT 0x00 (CGRAM ref #0)
t_wall=1785583138.127 t=1864919035 W DAT 0x0C
t_wall=1785583138.132 t=1864922879 W DAT 0x00 (CGRAM ref #0)
t_wall=1785583138.137 t=1864926653 W DAT 0x00 (CGRAM ref #0)
t_wall=1785583138.140 t=1864930471 W DAT 0x0D
t_wall=1785583138.149 t=1864936756 W CMD 0x0C [DISP_CTRL disp=1 cur=0 blink=0]
t_wall=1785583138.195 t=1864987045 W CMD 0x68 [SET_CGRAM 0x28]
t_wall=1785583138.195 t=1864987104 W DAT 0x0C
t_wall=1785583138.196 t=1864987156 W DAT 0x04 (CGRAM ref #4)
t_wall=1785583138.196 t=1864987194 W DAT 0x0C
t_wall=1785583138.198 t=1864991011 W DAT 0x08
t_wall=1785583138.202 t=1864994861 W DAT 0x0C
t_wall=1785583138.206 t=1864998721 W DAT 0x00 (CGRAM ref #0)
t_wall=1785583138.210 t=1865002561 W DAT 0x08
t_wall=1785583138.213 t=1865006377 W DAT 0x0D
t_wall=1785583138.220 t=1865012166 W CMD 0x0C [DISP_CTRL disp=1 cur=0 blink=0]
t_wall=1785583138.271 t=1865063649 W CMD 0x68 [SET_CGRAM 0x28]
t_wall=1785583138.271 t=1865063707 W DAT 0x0C
t_wall=1785583138.271 t=1865063760 W DAT 0x0C
t_wall=1785583138.274 t=1865067578 W DAT 0x0C
t_wall=1785583138.278 t=1865071422 W DAT 0x08
t_wall=1785583138.282 t=1865075270 W DAT 0x0C
t_wall=1785583138.286 t=1865079105 W DAT 0x00 (CGRAM ref #0)
t_wall=1785583138.290 t=1865082947 W DAT 0x08
t_wall=1785583138.294 t=1865086765 W DAT 0x0D
t_wall=1785583138.299 t=1865091699 W CMD 0x40 [SET_CGRAM 0x00]
t_wall=1785583138.299 t=1865091758 W DAT 0x00 (CGRAM ref #0)
t_wall=1785583138.299 t=1865091811 W DAT 0x17
t_wall=1785583138.299 t=1865091849 W DAT 0x17
t_wall=1785583138.300 t=1865091887 W DAT 0x17
t_wall=1785583138.300 t=1865091926 W DAT 0x1F
t_wall=1785583138.300 t=1865091993 W DAT 0x1F
t_wall=1785583138.300 t=1865092046 W DAT 0x00 (CGRAM ref #0)
t_wall=1785583138.301 t=1865092113 W DAT 0x05 (CGRAM ref #5)
t_wall=1785583138.301 t=1865092293 W CMD 0x0C [DISP_CTRL disp=1 cur=0 blink=0]
t_wall=1785583138.358 # ALIVE us=1865150222 ring_depth=0 drops=0
t_wall=1785583138.361 t=1865153356 W CMD 0x60 [SET_CGRAM 0x20]
t_wall=1785583138.361 t=1865153443 W DAT 0x0F
t_wall=1785583138.362 t=1865153496 W DAT 0x17
t_wall=1785583138.362 t=1865153534 W DAT 0x08
t_wall=1785583138.363 t=1865153602 W DAT 0x0F
t_wall=1785583138.363 t=1865153655 W DAT 0x18
t_wall=1785583138.364 t=1865153708 W DAT 0x07 (CGRAM ref #7)
t_wall=1785583138.364 t=1865153746 W DAT 0x0F
t_wall=1785583138.365 t=1865153799 W DAT 0x00 (CGRAM ref #0)
t_wall=1785583138.366 t=1865155217 W CMD 0x68 [SET_CGRAM 0x28]
t_wall=1785583138.366 t=1865155305 W DAT 0x0C
t_wall=1785583138.366 t=1865155358 W DAT 0x0C
t_wall=1785583138.367 t=1865159221 W DAT 0x04 (CGRAM ref #4)
t_wall=1785583138.368 t=1865159259 W DAT 0x08
t_wall=1785583138.370 t=1865163075 W DAT 0x0C
t_wall=1785583138.374 t=1865166921 W DAT 0x00 (CGRAM ref #0)
t_wall=1785583138.378 t=1865170772 W DAT 0x08
t_wall=1785583138.382 t=1865174626 W DAT 0x0D
t_wall=1785583138.388 t=1865180414 W CMD 0x0C [DISP_CTRL disp=1 cur=0 blink=0]
t_wall=1785583138.441 t=1865231929 W CMD 0x68 [SET_CGRAM 0x28]
t_wall=1785583138.442 t=1865231988 W DAT 0x0C
t_wall=1785583138.442 t=1865232041 W DAT 0x0C
t_wall=1785583138.443 t=1865235872 W DAT 0x0C
t_wall=1785583138.448 t=1865239689 W DAT 0x00 (CGRAM ref #0)
t_wall=1785583138.451 t=1865243535 W DAT 0x0C
t_wall=1785583138.455 t=1865247309 W DAT 0x00 (CGRAM ref #0)
t_wall=1785583138.459 t=1865251158 W DAT 0x00 (CGRAM ref #0)
t_wall=1785583138.462 t=1865255041 W DAT 0x0D
t_wall=1785583138.468 t=1865260075 W CMD 0x0C [DISP_CTRL disp=1 cur=0 blink=0]
t_wall=1785583138.534 t=1865321059 W CMD 0x60 [SET_CGRAM 0x20]
t_wall=1785583138.539 t=1865321117 W DAT 0x0F
t_wall=1785583138.543 t=1865321170 W DAT 0x17
t_wall=1785583138.546 t=1865321208 W DAT 0x08
t_wall=1785583138.551 t=1865321276 W DAT 0x0F
t_wall=1785583138.555 t=1865321343 W DAT 0x18
t_wall=1785583138.559 t=1865321396 W DAT 0x0F
t_wall=1785583138.563 t=1865321448 W DAT 0x0F
t_wall=1785583138.568 t=1865321501 W DAT 0x00 (CGRAM ref #0)
t_wall=1785583138.574 t=1865323800 W CMD 0x68 [SET_CGRAM 0x28]
t_wall=1785583138.579 t=1865323858 W DAT 0x04 (CGRAM ref #4)
t_wall=1785583138.583 t=1865323896 W DAT 0x0C
t_wall=1785583138.589 t=1865327773 W DAT 0x04 (CGRAM ref #4)
t_wall=1785583138.593 t=1865327811 W DAT 0x00 (CGRAM ref #0)
t_wall=1785583138.597 t=1865327849 W DAT 0x0C
t_wall=1785583138.602 t=1865331683 W DAT 0x00 (CGRAM ref #0)
t_wall=1785583138.607 t=1865335499 W DAT 0x00 (CGRAM ref #0)
t_wall=1785583138.610 t=1865339344 W DAT 0x0D
t_wall=1785583138.615 t=1865345449 W CMD 0x0C [DISP_CTRL disp=1 cur=0 blink=0]
t_wall=1785583138.619 t=1865395759 W CMD 0x68 [SET_CGRAM 0x28]
t_wall=1785583138.622 t=1865395818 W DAT 0x0C
t_wall=1785583138.626 t=1865395870 W DAT 0x04 (CGRAM ref #4)
t_wall=1785583138.629 t=1865395908 W DAT 0x0C
t_wall=1785583138.632 t=1865399726 W DAT 0x08
t_wall=1785583138.636 t=1865403570 W DAT 0x0C
t_wall=1785583138.642 t=1865407418 W DAT 0x00 (CGRAM ref #0)
t_wall=1785583138.646 t=1865407456 W DAT 0x08
t_wall=1785583138.651 t=1865411318 W DAT 0x0D
t_wall=1785583138.659 t=1865416170 W CMD 0x0C [DISP_CTRL disp=1 cur=0 blink=0]
t_wall=1785583138.691 t=1865478516 W CMD 0x68 [SET_CGRAM 0x28]
t_wall=1785583138.693 t=1865478575 W DAT 0x0C
t_wall=1785583138.695 t=1865478627 W DAT 0x0C
t_wall=1785583138.698 t=1865482445 W DAT 0x0C
t_wall=1785583138.701 t=1865486321 W DAT 0x08
t_wall=1785583138.704 t=1865490153 W DAT 0x0C
t_wall=1785583138.709 t=1865493971 W DAT 0x00 (CGRAM ref #0)
t_wall=1785583138.711 t=1865497815 W DAT 0x08
t_wall=1785583138.716 t=1865501665 W DAT 0x0D
t_wall=1785583138.720 t=1865506562 W CMD 0x40 [SET_CGRAM 0x00]
t_wall=1785583138.726 t=1865506621 W DAT 0x00 (CGRAM ref #0)
t_wall=1785583138.728 t=1865506674 W DAT 0x17
t_wall=1785583138.731 t=1865506712 W DAT 0x17
t_wall=1785583138.734 t=1865506750 W DAT 0x1F
t_wall=1785583138.736 t=1865506803 W DAT 0x1F
t_wall=1785583138.740 t=1865506856 W DAT 0x1F
t_wall=1785583138.744 t=1865506909 W DAT 0x00 (CGRAM ref #0)
t_wall=1785583138.749 t=1865506961 W DAT 0x05 (CGRAM ref #5)
t_wall=1785583138.755 t=1865507142 W CMD 0x0C [DISP_CTRL disp=1 cur=0 blink=0]
t_wall=1785583138.780 t=1865568212 W CMD 0x60 [SET_CGRAM 0x20]
t_wall=1785583138.783 t=1865568271 W DAT 0x0F
t_wall=1785583138.786 t=1865568324 W DAT 0x1F
t_wall=1785583138.788 t=1865568376 W DAT 0x08
t_wall=1785583138.792 t=1865568444 W DAT 0x07 (CGRAM ref #7)
t_wall=1785583138.794 t=1865568482 W DAT 0x18
t_wall=1785583138.798 t=1865568549 W DAT 0x07 (CGRAM ref #7)
t_wall=1785583138.801 t=1865568588 W DAT 0x07 (CGRAM ref #7)
t_wall=1785583138.805 t=1865568626 W DAT 0x00 (CGRAM ref #0)
t_wall=1785583138.812 t=1865568806 W CMD 0x0C [DISP_CTRL disp=1 cur=0 blink=0]
t_wall=1785583138.817 t=1865570116 W CMD 0x68 [SET_CGRAM 0x28]
t_wall=1785583138.819 t=1865570204 W DAT 0x0C
t_wall=1785583138.821 t=1865570256 W DAT 0x0C
t_wall=1785583138.826 t=1865574075 W DAT 0x04 (CGRAM ref #4)
t_wall=1785583138.830 t=1865574113 W DAT 0x08
t_wall=1785583138.833 t=1865577928 W DAT 0x0C
t_wall=1785583138.837 t=1865581805 W DAT 0x00 (CGRAM ref #0)
t_wall=1785583138.839 t=1865585639 W DAT 0x08
t_wall=1785583138.841 t=1865589454 W DAT 0x0D
t_wall=1785583138.846 t=1865599066 W CMD 0x0C [DISP_CTRL disp=1 cur=0 blink=0]
t_wall=1785583138.856 t=1865646782 W CMD 0x68 [SET_CGRAM 0x28]
t_wall=1785583138.859 t=1865646899 W DAT 0x0C
t_wall=1785583138.860 t=1865650733 W DAT 0x0C
t_wall=1785583138.863 t=1865654548 W DAT 0x0C
t_wall=1785583138.867 t=1865658394 W DAT 0x00 (CGRAM ref #0)
t_wall=1785583138.870 t=1865662244 W DAT 0x0C
t_wall=1785583138.875 t=1865666104 W DAT 0x00 (CGRAM ref #0)
t_wall=1785583138.876 t=1865666142 W DAT 0x00 (CGRAM ref #0)
t_wall=1785583138.878 t=1865669959 W DAT 0x0D
t_wall=1785583138.884 t=1865674918 W CMD 0x0C [DISP_CTRL disp=1 cur=0 blink=0]
t_wall=1785583138.943 t=1865735964 W CMD 0x60 [SET_CGRAM 0x20]
t_wall=1785583138.944 t=1865736023 W DAT 0x0F
t_wall=1785583138.944 t=1865736075 W DAT 0x1F
t_wall=1785583138.944 t=1865736128 W DAT 0x08
t_wall=1785583138.944 t=1865736181 W DAT 0x0F
t_wall=1785583138.945 t=1865736249 W DAT 0x18
t_wall=1785583138.945 t=1865736302 W DAT 0x0F
t_wall=1785583138.946 t=1865736355 W DAT 0x0F
t_wall=1785583138.946 t=1865736407 W DAT 0x00 (CGRAM ref #0)
t_wall=1785583138.947 t=1865737826 W CMD 0x68 [SET_CGRAM 0x28]
t_wall=1785583138.947 t=1865737884 W DAT 0x04 (CGRAM ref #4)
t_wall=1785583138.947 t=1865737922 W DAT 0x0C
t_wall=1785583138.949 t=1865741800 W DAT 0x04 (CGRAM ref #4)
t_wall=1785583138.949 t=1865741838 W DAT 0x00 (CGRAM ref #0)
t_wall=1785583138.953 t=1865745669 W DAT 0x0C
t_wall=1785583138.956 t=1865749487 W DAT 0x00 (CGRAM ref #0)
t_wall=1785583138.960 t=1865753333 W DAT 0x00 (CGRAM ref #0)
t_wall=1785583138.964 t=1865757180 W DAT 0x0D
t_wall=1785583138.970 t=1865763015 W CMD 0x0C [DISP_CTRL disp=1 cur=0 blink=0]
t_wall=1785583139.022 t=1865814575 W CMD 0x68 [SET_CGRAM 0x28]
t_wall=1785583139.022 t=1865814633 W DAT 0x0C
t_wall=1785583139.022 t=1865814686 W DAT 0x04 (CGRAM ref #4)
t_wall=1785583139.023 t=1865814725 W DAT 0x0C
t_wall=1785583139.025 t=1865818575 W DAT 0x08
t_wall=1785583139.029 t=1865822407 W DAT 0x0C
t_wall=1785583139.033 t=1865826251 W DAT 0x00 (CGRAM ref #0)
t_wall=1785583139.034 t=1865826290 W DAT 0x08
t_wall=1785583139.037 t=1865830107 W DAT 0x0D
t_wall=1785583139.042 t=1865835028 W CMD 0x0C [DISP_CTRL disp=1 cur=0 blink=0]
t_wall=1785583139.104 t=1865897280 W CMD 0x68 [SET_CGRAM 0x28]
t_wall=1785583139.105 t=1865897339 W DAT 0x0C
t_wall=1785583139.108 t=1865901222 W DAT 0x0C
t_wall=1785583139.112 t=1865905039 W DAT 0x0C
t_wall=1785583139.116 t=1865908857 W DAT 0x08
t_wall=1785583139.119 t=1865912733 W DAT 0x0C
t_wall=1785583139.123 t=1865916566 W DAT 0x00 (CGRAM ref #0)
t_wall=1785583139.127 t=1865920413 W DAT 0x08
t_wall=1785583139.131 t=1865924228 W DAT 0x0D
t_wall=1785583139.136 t=1865929256 W CMD 0x0C [DISP_CTRL disp=1 cur=0 blink=0]
t_wall=1785583139.192 t=1865985246 W CMD 0x40 [SET_CGRAM 0x00]
t_wall=1785583139.193 t=1865985304 W DAT 0x00 (CGRAM ref #0)
t_wall=1785583139.193 t=1865985356 W DAT 0x17
t_wall=1785583139.193 t=1865985395 W DAT 0x1F
t_wall=1785583139.193 t=1865985477 W DAT 0x1F
t_wall=1785583139.193 t=1865985530 W DAT 0x1F
t_wall=1785583139.194 t=1865985583 W DAT 0x1F
t_wall=1785583139.194 t=1865985674 W DAT 0x00 (CGRAM ref #0)
t_wall=1785583139.194 t=1865985727 W DAT 0x05 (CGRAM ref #5)
t_wall=1785583139.195 t=1865985907 W CMD 0x0C [DISP_CTRL disp=1 cur=0 blink=0]
t_wall=1785583139.198 t=1865990912 W CMD 0x60 [SET_CGRAM 0x20]
t_wall=1785583139.198 t=1865990970 W DAT 0x0F
t_wall=1785583139.198 t=1865991023 W DAT 0x1F
t_wall=1785583139.199 t=1865991076 W DAT 0x08
t_wall=1785583139.199 t=1865991129 W DAT 0x0F
t_wall=1785583139.199 t=1865991182 W DAT 0x18
t_wall=1785583139.199 t=1865991234 W DAT 0x07 (CGRAM ref #7)
t_wall=1785583139.199 t=1865991273 W DAT 0x0F
t_wall=1785583139.200 t=1865991326 W DAT 0x00 (CGRAM ref #0)
t_wall=1785583139.200 t=1865991579 W CMD 0x0C [DISP_CTRL disp=1 cur=0 blink=0]
t_wall=1785583139.200 t=1865993696 W CMD 0x68 [SET_CGRAM 0x28]
t_wall=1785583139.201 t=1865993754 W DAT 0x0C
t_wall=1785583139.201 t=1865993807 W DAT 0x0C
t_wall=1785583139.205 t=1865997692 W DAT 0x04 (CGRAM ref #4)
t_wall=1785583139.205 t=1865997730 W DAT 0x08
t_wall=1785583139.208 t=1866001546 W DAT 0x0C
t_wall=1785583139.212 t=1866005391 W DAT 0x00 (CGRAM ref #0)
t_wall=1785583139.216 t=1866009241 W DAT 0x08
t_wall=1785583139.220 t=1866013072 W DAT 0x0D
t_wall=1785583139.225 t=1866017981 W CMD 0x0C [DISP_CTRL disp=1 cur=0 blink=0]
t_wall=1785583139.278 t=1866069453 W CMD 0x68 [SET_CGRAM 0x28]
t_wall=1785583139.279 t=1866069511 W DAT 0x0C
t_wall=1785583139.281 t=1866073360 W DAT 0x0C
t_wall=1785583139.285 t=1866077194 W DAT 0x0C
t_wall=1785583139.289 t=1866081038 W DAT 0x00 (CGRAM ref #0)
t_wall=1785583139.290 t=1866081076 W DAT 0x0C
t_wall=1785583139.293 t=1866084894 W DAT 0x00 (CGRAM ref #0)
t_wall=1785583139.296 t=1866088744 W DAT 0x00 (CGRAM ref #0)
t_wall=1785583139.300 t=1866092604 W DAT 0x0D
t_wall=1785583139.307 t=1866099819 W CMD 0x0C [DISP_CTRL disp=1 cur=0 blink=0]
t_wall=1785583139.358 t=1866151259 W CMD 0x60 [SET_CGRAM 0x20]
t_wall=1785583139.359 t=1866151317 W DAT 0x0F
t_wall=1785583139.359 t=1866151370 W DAT 0x1F
t_wall=1785583139.359 t=1866151423 W DAT 0x08
t_wall=1785583139.360 t=1866151476 W DAT 0x07 (CGRAM ref #7)
t_wall=1785583139.360 t=1866151514 W DAT 0x18
t_wall=1785583139.360 t=1866151581 W DAT 0x0F
t_wall=1785583139.361 t=1866151634 W DAT 0x0F
t_wall=1785583139.361 t=1866151687 W DAT 0x00 (CGRAM ref #0)
t_wall=1785583139.362 t=1866153147 W CMD 0x68 [SET_CGRAM 0x28]
t_wall=1785583139.362 t=1866153206 W DAT 0x04 (CGRAM ref #4)
t_wall=1785583139.362 t=1866153244 W DAT 0x0C
t_wall=1785583139.364 t=1866157103 W DAT 0x04 (CGRAM ref #4)
t_wall=1785583139.365 t=1866157142 W DAT 0x00 (CGRAM ref #0)
t_wall=1785583139.368 t=1866160958 W DAT 0x0C
t_wall=1785583139.372 t=1866164805 W DAT 0x00 (CGRAM ref #0)
t_wall=1785583139.376 t=1866168652 W DAT 0x00 (CGRAM ref #0)
t_wall=1785583139.379 t=1866172485 W DAT 0x0D
t_wall=1785583139.386 t=1866178681 W CMD 0x48 [SET_CGRAM 0x08]
t_wall=1785583139.386 t=1866178740 W DAT 0x0C
t_wall=1785583139.387 t=1866178793 W DAT 0x04 (CGRAM ref #4)
t_wall=1785583139.387 t=1866178831 W DAT 0x0C
t_wall=1785583139.389 t=1866182701 W DAT 0x0C
t_wall=1785583139.393 t=1866186564 W DAT 0x0C
t_wall=1785583139.397 t=1866190381 W DAT 0x00 (CGRAM ref #0)
t_wall=1785583139.401 t=1866194198 W DAT 0x0C
t_wall=1785583139.405 t=1866198075 W DAT 0x0E
t_wall=1785583139.417 t=1866208870 W CMD 0x0C [DISP_CTRL disp=1 cur=0 blink=0]
t_wall=1785583139.457 t=1866249597 W CMD 0x68 [SET_CGRAM 0x28]
t_wall=1785583139.457 t=1866249655 W DAT 0x0C
t_wall=1785583139.457 t=1866249708 W DAT 0x04 (CGRAM ref #4)
t_wall=1785583139.457 t=1866249746 W DAT 0x0C
t_wall=1785583139.460 t=1866253562 W DAT 0x08
t_wall=1785583139.464 t=1866257379 W DAT 0x0C
t_wall=1785583139.468 t=1866261257 W DAT 0x00 (CGRAM ref #0)
t_wall=1785583139.469 t=1866261295 W DAT 0x08
t_wall=1785583139.472 t=1866265126 W DAT 0x0D
t_wall=1785583139.480 t=1866273446 W CMD 0x0C [DISP_CTRL disp=1 cur=0 blink=0]
t_wall=1785583139.540 t=1866333269 W CMD 0x68 [SET_CGRAM 0x28]
t_wall=1785583139.540 t=1866333327 W DAT 0x0C
t_wall=1785583139.540 t=1866333380 W DAT 0x0C
t_wall=1785583139.544 t=1866337226 W DAT 0x0C
t_wall=1785583139.548 t=1866341075 W DAT 0x08
t_wall=1785583139.552 t=1866344936 W DAT 0x0C
t_wall=1785583139.556 t=1866348753 W DAT 0x00 (CGRAM ref #0)
t_wall=1785583139.560 t=1866352572 W DAT 0x08
t_wall=1785583139.564 t=1866356448 W DAT 0x0D
t_wall=1785583139.570 t=1866361372 W CMD 0x0C [DISP_CTRL disp=1 cur=0 blink=0]
t_wall=1785583139.622 t=1866411660 W CMD 0x60 [SET_CGRAM 0x20]
t_wall=1785583139.624 t=1866411719 W DAT 0x07 (CGRAM ref #7)
t_wall=1785583139.626 t=1866411757 W DAT 0x1F
t_wall=1785583139.630 t=1866411824 W DAT 0x00 (CGRAM ref #0)
t_wall=1785583139.632 t=1866411877 W DAT 0x07 (CGRAM ref #7)
t_wall=1785583139.634 t=1866411915 W DAT 0x18
t_wall=1785583139.636 t=1866411983 W DAT 0x07 (CGRAM ref #7)
t_wall=1785583139.639 t=1866412021 W DAT 0x07 (CGRAM ref #7)
t_wall=1785583139.641 t=1866412060 W DAT 0x00 (CGRAM ref #0)
t_wall=1785583139.642 t=1866413480 W CMD 0x68 [SET_CGRAM 0x28]
t_wall=1785583139.643 t=1866413597 W DAT 0x0C
t_wall=1785583139.644 t=1866413650 W DAT 0x0C
t_wall=1785583139.646 t=1866417468 W DAT 0x04 (CGRAM ref #4)
t_wall=1785583139.647 t=1866417506 W DAT 0x08
t_wall=1785583139.648 t=1866421381 W DAT 0x0C
t_wall=1785583139.649 t=1866425215 W DAT 0x00 (CGRAM ref #0)
t_wall=1785583139.650 t=1866429033 W DAT 0x08
t_wall=1785583139.651 t=1866432878 W DAT 0x0D
t_wall=1785583139.652 t=1866439921 W CMD 0x0C [DISP_CTRL disp=1 cur=0 blink=0]
t_wall=1785583139.697 t=1866490170 W CMD 0x68 [SET_CGRAM 0x28]
t_wall=1785583139.698 t=1866490270 W DAT 0x0C
t_wall=1785583139.698 t=1866490323 W DAT 0x0C
t_wall=1785583139.701 t=1866494128 W DAT 0x0C
t_wall=1785583139.705 t=1866497944 W DAT 0x00 (CGRAM ref #0)
t_wall=1785583139.706 t=1866497982 W DAT 0x0C
t_wall=1785583139.709 t=1866501831 W DAT 0x00 (CGRAM ref #0)
t_wall=1785583139.713 t=1866505692 W DAT 0x00 (CGRAM ref #0)
t_wall=1785583139.716 t=1866509508 W DAT 0x0D
t_wall=1785583139.721 t=1866514498 W CMD 0x40 [SET_CGRAM 0x00]
t_wall=1785583139.722 t=1866514556 W DAT 0x00 (CGRAM ref #0)
t_wall=1785583139.722 t=1866514638 W DAT 0x1F
t_wall=1785583139.723 t=1866514720 W DAT 0x1F
t_wall=1785583139.723 t=1866514772 W DAT 0x1F
t_wall=1785583139.723 t=1866514825 W DAT 0x1F
t_wall=1785583139.723 t=1866514878 W DAT 0x1F
t_wall=1785583139.724 t=1866514931 W DAT 0x00 (CGRAM ref #0)
t_wall=1785583139.724 t=1866514984 W DAT 0x05 (CGRAM ref #5)
t_wall=1785583139.725 t=1866515184 W CMD 0x0C [DISP_CTRL disp=1 cur=0 blink=0]
t_wall=1785583139.783 t=1866576163 W CMD 0x60 [SET_CGRAM 0x20]
t_wall=1785583139.783 t=1866576251 W DAT 0x0F
t_wall=1785583139.784 t=1866576304 W DAT 0x1F
t_wall=1785583139.784 t=1866576356 W DAT 0x00 (CGRAM ref #0)
t_wall=1785583139.784 t=1866576409 W DAT 0x0F
t_wall=1785583139.784 t=1866576462 W DAT 0x10
t_wall=1785583139.785 t=1866576515 W DAT 0x0F
t_wall=1785583139.785 t=1866576568 W DAT 0x0F
t_wall=1785583139.785 t=1866576621 W DAT 0x00 (CGRAM ref #0)
t_wall=1785583139.786 t=1866576822 W CMD 0x0C [DISP_CTRL disp=1 cur=0 blink=0]
t_wall=1785583139.786 t=1866578150 W CMD 0x68 [SET_CGRAM 0x28]
t_wall=1785583139.787 t=1866578209 W DAT 0x04 (CGRAM ref #4)
t_wall=1785583139.787 t=1866578247 W DAT 0x0C
t_wall=1785583139.789 t=1866582107 W DAT 0x04 (CGRAM ref #4)
t_wall=1785583139.789 t=1866582146 W DAT 0x00 (CGRAM ref #0)
t_wall=1785583139.793 t=1866585964 W DAT 0x0C
t_wall=1785583139.797 t=1866589808 W DAT 0x00 (CGRAM ref #0)
t_wall=1785583139.801 t=1866593656 W DAT 0x00 (CGRAM ref #0)
t_wall=1785583139.804 t=1866597490 W DAT 0x0D
t_wall=1785583139.810 t=1866602425 W CMD 0x0C [DISP_CTRL disp=1 cur=0 blink=0]
t_wall=1785583139.872 t=1866664758 W CMD 0x68 [SET_CGRAM 0x28]
t_wall=1785583139.872 t=1866664847 W DAT 0x0C
t_wall=1785583139.873 t=1866664899 W DAT 0x04 (CGRAM ref #4)
t_wall=1785583139.874 t=1866664937 W DAT 0x0C
t_wall=1785583139.876 t=1866668755 W DAT 0x08
t_wall=1785583139.880 t=1866672602 W DAT 0x0C
t_wall=1785583139.883 t=1866676464 W DAT 0x00 (CGRAM ref #0)
t_wall=1785583139.887 t=1866680282 W DAT 0x08
t_wall=1785583139.891 t=1866684056 W DAT 0x0D
t_wall=1785583139.905 t=1866697516 W CMD 0x0C [DISP_CTRL disp=1 cur=0 blink=0]
t_wall=1785583139.960 t=1866752385 W CMD 0x68 [SET_CGRAM 0x28]
t_wall=1785583139.960 t=1866752443 W DAT 0x0C
t_wall=1785583139.961 t=1866752496 W DAT 0x0C
t_wall=1785583139.963 t=1866756330 W DAT 0x0C
t_wall=1785583139.967 t=1866760176 W DAT 0x00 (CGRAM ref #0)
t_wall=1785583139.971 t=1866763993 W DAT 0x0C
t_wall=1785583139.975 t=1866767841 W DAT 0x00 (CGRAM ref #0)
t_wall=1785583139.975 t=1866767879 W DAT 0x00 (CGRAM ref #0)
t_wall=1785583139.979 t=1866771763 W DAT 0x0D
t_wall=1785583139.985 t=1866777906 W CMD 0x0C [DISP_CTRL disp=1 cur=0 blink=0]
t_wall=1785583140.357 # ALIVE us=1867150268 ring_depth=0 drops=0
t_wall=1785583142.357 # ALIVE us=1869150315 ring_depth=0 drops=0
t_wall=1785583142.695 t=1869488365 W CMD 0x78 [SET_CGRAM 0x38]
t_wall=1785583142.696 t=1869488423 W DAT 0x05 (CGRAM ref #5)
t_wall=1785583142.699 t=1869488462 W DAT 0x02 (CGRAM ref #2)
t_wall=1785583142.699 t=1869488500 W DAT 0x0D
t_wall=1785583142.700 t=1869492347 W DAT 0x1D
t_wall=1785583142.703 t=1869496180 W DAT 0x1F
t_wall=1785583142.707 t=1869500025 W DAT 0x1D
t_wall=1785583142.711 t=1869503842 W DAT 0x1D
t_wall=1785583142.714 t=1869507693 W DAT 0x1F
t_wall=1785583142.723 t=1869515976 W CMD 0x0C [DISP_CTRL disp=1 cur=0 blink=0]
t_wall=1785583143.103 t=1869896161 W CMD 0x78 [SET_CGRAM 0x38]
t_wall=1785583143.104 t=1869896220 W DAT 0x05 (CGRAM ref #5)
t_wall=1785583143.105 t=1869896258 W DAT 0x03 (CGRAM ref #3)
t_wall=1785583143.106 t=1869896297 W DAT 0x0C
t_wall=1785583143.107 t=1869900112 W DAT 0x1D
t_wall=1785583143.111 t=1869903989 W DAT 0x1E
t_wall=1785583143.114 t=1869907843 W DAT 0x1D
t_wall=1785583143.118 t=1869911659 W DAT 0x1D
t_wall=1785583143.122 t=1869915507 W DAT 0x1F
t_wall=1785583143.134 t=1869926407 W CMD 0x0C [DISP_CTRL disp=1 cur=0 blink=0]
t_wall=1785583143.176 t=1869969160 W CMD 0x60 [SET_CGRAM 0x20]
t_wall=1785583143.176 t=1869969218 W DAT 0x0B
t_wall=1785583143.176 t=1869969271 W DAT 0x1F
t_wall=1785583143.177 t=1869969323 W DAT 0x00 (CGRAM ref #0)
t_wall=1785583143.177 t=1869969376 W DAT 0x0B
t_wall=1785583143.177 t=1869969452 W DAT 0x14
t_wall=1785583143.177 t=1869969490 W DAT 0x0B
t_wall=1785583143.177 t=1869969601 W DAT 0x0B
t_wall=1785583143.177 t=1869969653 W DAT 0x00 (CGRAM ref #0)
t_wall=1785583143.178 t=1869971123 W CMD 0x0C [DISP_CTRL disp=1 cur=0 blink=0]
t_wall=1785583143.180 t=1869973695 W CMD 0x78 [SET_CGRAM 0x38]
t_wall=1785583143.181 t=1869973753 W DAT 0x05 (CGRAM ref #5)
t_wall=1785583143.181 t=1869973791 W DAT 0x03 (CGRAM ref #3)
t_wall=1785583143.181 t=1869973830 W DAT 0x0D
t_wall=1785583143.184 t=1869977697 W DAT 0x1D
t_wall=1785583143.188 t=1869981546 W DAT 0x1F
t_wall=1785583143.192 t=1869985323 W DAT 0x1D
t_wall=1785583143.196 t=1869989200 W DAT 0x1D
t_wall=1785583143.199 t=1869993016 W DAT 0x1F
t_wall=1785583143.209 t=1870002683 W CMD 0x0C [DISP_CTRL disp=1 cur=0 blink=0]
t_wall=1785583143.260 t=1870050437 W CMD 0x78 [SET_CGRAM 0x38]
t_wall=1785583143.262 t=1870050496 W DAT 0x04 (CGRAM ref #4)
t_wall=1785583143.264 t=1870050534 W DAT 0x03 (CGRAM ref #3)
t_wall=1785583143.266 t=1870050572 W DAT 0x0D
t_wall=1785583143.267 t=1870054387 W DAT 0x1D
t_wall=1785583143.268 t=1870058204 W DAT 0x1F
t_wall=1785583143.270 t=1870062081 W DAT 0x1C
t_wall=1785583143.275 t=1870065936 W DAT 0x1C
t_wall=1785583143.280 t=1870069754 W DAT 0x1F
t_wall=1785583143.284 t=1870072196 W CMD 0x40 [SET_CGRAM 0x00]
t_wall=1785583143.288 t=1870072254 W DAT 0x00 (CGRAM ref #0)
t_wall=1785583143.291 t=1870072307 W DAT 0x1B
t_wall=1785583143.294 t=1870072360 W DAT 0x1F
t_wall=1785583143.297 t=1870072413 W DAT 0x1F
t_wall=1785583143.301 t=1870072522 W DAT 0x1F
t_wall=1785583143.303 t=1870072575 W DAT 0x1F
t_wall=1785583143.307 t=1870072628 W DAT 0x00 (CGRAM ref #0)
t_wall=1785583143.311 t=1870072680 W DAT 0x05 (CGRAM ref #5)
t_wall=1785583143.318 t=1870072860 W CMD 0x0C [DISP_CTRL disp=1 cur=0 blink=0]
t_wall=1785583143.347 t=1870138492 W CMD 0x78 [SET_CGRAM 0x38]
t_wall=1785583143.348 t=1870138580 W DAT 0x05 (CGRAM ref #5)
t_wall=1785583143.350 t=1870138619 W DAT 0x03 (CGRAM ref #3)
t_wall=1785583143.351 t=1870138657 W DAT 0x0D
t_wall=1785583143.351 t=1870142506 W DAT 0x1C
t_wall=1785583143.354 t=1870146370 W DAT 0x1F
t_wall=1785583143.357 t=1870150185 W DAT 0x1D
t_wall=1785583143.361 t=1870154002 W DAT 0x1D
t_wall=1785583143.365 t=1870157880 W DAT 0x1F
t_wall=1785583143.372 t=1870164077 W CMD 0x0C [DISP_CTRL disp=1 cur=0 blink=0]
t_wall=1785583143.417 t=1870210601 W CMD 0x60 [SET_CGRAM 0x20]
t_wall=1785583143.418 t=1870210659 W DAT 0x0F
t_wall=1785583143.418 t=1870210712 W DAT 0x1F
t_wall=1785583143.419 t=1870210765 W DAT 0x04 (CGRAM ref #4)
t_wall=1785583143.419 t=1870210803 W DAT 0x0B
t_wall=1785583143.419 t=1870210871 W DAT 0x14
t_wall=1785583143.419 t=1870210909 W DAT 0x0F
t_wall=1785583143.420 t=1870210962 W DAT 0x0F
t_wall=1785583143.420 t=1870211056 W DAT 0x00 (CGRAM ref #0)
t_wall=1785583143.421 t=1870211236 W CMD 0x0C [DISP_CTRL disp=1 cur=0 blink=0]
t_wall=1785583143.422 t=1870215038 W CMD 0x78 [SET_CGRAM 0x38]
t_wall=1785583143.422 t=1870215126 W DAT 0x05 (CGRAM ref #5)
t_wall=1785583143.423 t=1870215164 W DAT 0x02 (CGRAM ref #2)
t_wall=1785583143.423 t=1870215202 W DAT 0x0D
t_wall=1785583143.426 t=1870219050 W DAT 0x1D
t_wall=1785583143.429 t=1870222855 W DAT 0x1F
t_wall=1785583143.433 t=1870226687 W DAT 0x1D
t_wall=1785583143.437 t=1870230533 W DAT 0x1D
t_wall=1785583143.441 t=1870234352 W DAT 0x1F
t_wall=1785583143.448 t=1870240613 W CMD 0x0C [DISP_CTRL disp=1 cur=0 blink=0]
t_wall=1785583143.508 t=1870301614 W CMD 0x78 [SET_CGRAM 0x38]
t_wall=1785583143.509 t=1870301673 W DAT 0x05 (CGRAM ref #5)
t_wall=1785583143.509 t=1870301711 W DAT 0x03 (CGRAM ref #3)
t_wall=1785583143.509 t=1870301749 W DAT 0x0C
t_wall=1785583143.512 t=1870305612 W DAT 0x1D
t_wall=1785583143.516 t=1870309428 W DAT 0x1E
t_wall=1785583143.520 t=1870313246 W DAT 0x1D
t_wall=1785583143.524 t=1870317124 W DAT 0x1D
t_wall=1785583143.527 t=1870320956 W DAT 0x1F
t_wall=1785583143.535 t=1870328019 W CMD 0x0C [DISP_CTRL disp=1 cur=0 blink=0]
t_wall=1785583143.590 t=1870383276 W CMD 0x58 [SET_CGRAM 0x18]
t_wall=1785583143.590 t=1870383334 W DAT 0x0E
t_wall=1785583143.591 t=1870383387 W DAT 0x1F
t_wall=1785583143.594 t=1870387203 W DAT 0x0C
t_wall=1785583143.598 t=1870391050 W DAT 0x02 (CGRAM ref #2)
t_wall=1785583143.598 t=1870391088 W DAT 0x1D
t_wall=1785583143.602 t=1870394935 W DAT 0x0A
t_wall=1785583143.606 t=1870398769 W DAT 0x06 (CGRAM ref #6)
t_wall=1785583143.606 t=1870398807 W DAT 0x0A
t_wall=1785583143.608 t=1870401231 W CMD 0x60 [SET_CGRAM 0x20]
t_wall=1785583143.608 t=1870401290 W DAT 0x0F
t_wall=1785583143.609 t=1870401342 W DAT 0x1F
t_wall=1785583143.609 t=1870401395 W DAT 0x04 (CGRAM ref #4)
t_wall=1785583143.609 t=1870401433 W DAT 0x0F
t_wall=1785583143.610 t=1870401515 W DAT 0x14
t_wall=1785583143.610 t=1870401553 W DAT 0x0B
t_wall=1785583143.610 t=1870401606 W DAT 0x0F
t_wall=1785583143.611 t=1870401659 W DAT 0x00 (CGRAM ref #0)
t_wall=1785583143.611 t=1870403141 W CMD 0x0C [DISP_CTRL disp=1 cur=0 blink=0]
t_wall=1785583143.612 t=1870405662 W CMD 0x78 [SET_CGRAM 0x38]
t_wall=1785583143.613 t=1870405721 W DAT 0x05 (CGRAM ref #5)
t_wall=1785583143.613 t=1870405759 W DAT 0x03 (CGRAM ref #3)
t_wall=1785583143.614 t=1870405798 W DAT 0x0D
t_wall=1785583143.616 t=1870409648 W DAT 0x1D
t_wall=1785583143.620 t=1870413509 W DAT 0x1F
t_wall=1785583143.624 t=1870417326 W DAT 0x1D
t_wall=1785583143.628 t=1870421145 W DAT 0x1D
t_wall=1785583143.632 t=1870425020 W DAT 0x1F
t_wall=1785583143.639 t=1870431917 W CMD 0x0C [DISP_CTRL disp=1 cur=0 blink=0]
t_wall=1785583143.678 t=1870471406 W CMD 0x78 [SET_CGRAM 0x38]
t_wall=1785583143.679 t=1870471464 W DAT 0x04 (CGRAM ref #4)
t_wall=1785583143.679 t=1870471502 W DAT 0x03 (CGRAM ref #3)
t_wall=1785583143.680 t=1870471540 W DAT 0x0D
t_wall=1785583143.682 t=1870475416 W DAT 0x1D
t_wall=1785583143.686 t=1870479249 W DAT 0x1F
t_wall=1785583143.690 t=1870483067 W DAT 0x1C
t_wall=1785583143.693 t=1870486911 W DAT 0x1C
t_wall=1785583143.697 t=1870490783 W DAT 0x1F
t_wall=1785583143.706 t=1870499097 W CMD 0x0C [DISP_CTRL disp=1 cur=0 blink=0]
t_wall=1785583143.765 t=1870558122 W CMD 0x78 [SET_CGRAM 0x38]
t_wall=1785583143.765 t=1870558180 W DAT 0x05 (CGRAM ref #5)
t_wall=1785583143.766 t=1870558219 W DAT 0x03 (CGRAM ref #3)
t_wall=1785583143.766 t=1870558256 W DAT 0x0D
t_wall=1785583143.769 t=1870562103 W DAT 0x1C
t_wall=1785583143.773 t=1870565919 W DAT 0x1F
t_wall=1785583143.776 t=1870569768 W DAT 0x1D
t_wall=1785583143.780 t=1870573630 W DAT 0x1D
t_wall=1785583143.784 t=1870577445 W DAT 0x1F
t_wall=1785583143.787 t=1870579854 W CMD 0x40 [SET_CGRAM 0x00]
t_wall=1785583143.787 t=1870579912 W DAT 0x00 (CGRAM ref #0)
t_wall=1785583143.787 t=1870579965 W DAT 0x1B
t_wall=1785583143.787 t=1870580018 W DAT 0x1B
t_wall=1785583143.788 t=1870580070 W DAT 0x1F
t_wall=1785583143.788 t=1870580123 W DAT 0x1F
t_wall=1785583143.788 t=1870580176 W DAT 0x1F
t_wall=1785583143.789 t=1870580229 W DAT 0x00 (CGRAM ref #0)
t_wall=1785583143.789 t=1870580282 W DAT 0x05 (CGRAM ref #5)
t_wall=1785583143.790 t=1870580463 W CMD 0x0C [DISP_CTRL disp=1 cur=0 blink=0]
t_wall=1785583143.842 t=1870635357 W CMD 0x78 [SET_CGRAM 0x38]
t_wall=1785583143.843 t=1870635503 W DAT 0x05 (CGRAM ref #5)
t_wall=1785583143.844 t=1870635541 W DAT 0x02 (CGRAM ref #2)
t_wall=1785583143.844 t=1870635579 W DAT 0x0D
t_wall=1785583143.846 t=1870639396 W DAT 0x1D
t_wall=1785583143.850 t=1870643212 W DAT 0x1F
t_wall=1785583143.854 t=1870647088 W DAT 0x1D
t_wall=1785583143.857 t=1870650923 W DAT 0x1D
t_wall=1785583143.861 t=1870654738 W DAT 0x1F
t_wall=1785583143.867 t=1870659702 W CMD 0x0C [DISP_CTRL disp=1 cur=0 blink=0]
t_wall=1785583143.869 t=1870662211 W CMD 0x60 [SET_CGRAM 0x20]
t_wall=1785583143.869 t=1870662343 W DAT 0x0F
t_wall=1785583143.870 t=1870662425 W DAT 0x1F
t_wall=1785583143.870 t=1870662478 W DAT 0x04 (CGRAM ref #4)
t_wall=1785583143.871 t=1870662516 W DAT 0x0F
t_wall=1785583143.871 t=1870662584 W DAT 0x14
t_wall=1785583143.871 t=1870662622 W DAT 0x0F
t_wall=1785583143.872 t=1870662674 W DAT 0x0F
t_wall=1785583143.872 t=1870662727 W DAT 0x00 (CGRAM ref #0)
t_wall=1785583143.873 t=1870664239 W CMD 0x0C [DISP_CTRL disp=1 cur=0 blink=0]
t_wall=1785583143.930 t=1870722772 W CMD 0x78 [SET_CGRAM 0x38]
t_wall=1785583143.931 t=1870722830 W DAT 0x05 (CGRAM ref #5)
t_wall=1785583143.932 t=1870722869 W DAT 0x03 (CGRAM ref #3)
t_wall=1785583143.932 t=1870722907 W DAT 0x0C
t_wall=1785583143.934 t=1870726777 W DAT 0x1D
t_wall=1785583143.938 t=1870730638 W DAT 0x1E
t_wall=1785583143.941 t=1870734456 W DAT 0x1D
t_wall=1785583143.945 t=1870738272 W DAT 0x1D
t_wall=1785583143.949 t=1870742149 W DAT 0x1F
t_wall=1785583143.959 t=1870751712 W CMD 0x0C [DISP_CTRL disp=1 cur=0 blink=0]
t_wall=1785583144.006 t=1870799500 W CMD 0x78 [SET_CGRAM 0x38]
t_wall=1785583144.007 t=1870799559 W DAT 0x05 (CGRAM ref #5)
t_wall=1785583144.007 t=1870799597 W DAT 0x03 (CGRAM ref #3)
t_wall=1785583144.007 t=1870799636 W DAT 0x0D
t_wall=1785583144.010 t=1870803452 W DAT 0x1D
t_wall=1785583144.014 t=1870807329 W DAT 0x1F
t_wall=1785583144.018 t=1870811163 W DAT 0x1D
t_wall=1785583144.022 t=1870815030 W DAT 0x1D
t_wall=1785583144.025 t=1870818847 W DAT 0x1F
t_wall=1785583144.031 t=1870823847 W CMD 0x0C [DISP_CTRL disp=1 cur=0 blink=0]
t_wall=1785583144.034 t=1870827199 W CMD 0x60 [SET_CGRAM 0x20]
t_wall=1785583144.034 t=1870827258 W DAT 0x0F
t_wall=1785583144.034 t=1870827333 W DAT 0x1F
t_wall=1785583144.035 t=1870827415 W DAT 0x04 (CGRAM ref #4)
t_wall=1785583144.035 t=1870827454 W DAT 0x0B
t_wall=1785583144.035 t=1870827521 W DAT 0x14
t_wall=1785583144.035 t=1870827560 W DAT 0x0B
t_wall=1785583144.035 t=1870827612 W DAT 0x0B
t_wall=1785583144.036 t=1870827665 W DAT 0x00 (CGRAM ref #0)
t_wall=1785583144.036 t=1870829177 W CMD 0x0C [DISP_CTRL disp=1 cur=0 blink=0]
t_wall=1785583144.094 t=1870887717 W CMD 0x78 [SET_CGRAM 0x38]
t_wall=1785583144.095 t=1870887775 W DAT 0x04 (CGRAM ref #4)
t_wall=1785583144.095 t=1870887813 W DAT 0x03 (CGRAM ref #3)
t_wall=1785583144.095 t=1870887909 W DAT 0x0D
t_wall=1785583144.098 t=1870891713 W DAT 0x1D
t_wall=1785583144.102 t=1870895531 W DAT 0x1F
t_wall=1785583144.106 t=1870899375 W DAT 0x1C
t_wall=1785583144.110 t=1870903224 W DAT 0x1C
t_wall=1785583144.113 t=1870907079 W DAT 0x1F
t_wall=1785583144.119 t=1870912032 W CMD 0x0C [DISP_CTRL disp=1 cur=0 blink=0]
t_wall=1785583144.170 t=1870963573 W CMD 0x78 [SET_CGRAM 0x38]
t_wall=1785583144.170 t=1870963661 W DAT 0x05 (CGRAM ref #5)
t_wall=1785583144.171 t=1870963699 W DAT 0x03 (CGRAM ref #3)
t_wall=1785583144.171 t=1870963737 W DAT 0x0D
t_wall=1785583144.174 t=1870967571 W DAT 0x1C
t_wall=1785583144.178 t=1870971387 W DAT 0x1F
t_wall=1785583144.182 t=1870975233 W DAT 0x1D
t_wall=1785583144.186 t=1870979083 W DAT 0x1D
t_wall=1785583144.189 t=1870982914 W DAT 0x1F
t_wall=1785583144.197 t=1870989962 W CMD 0x0C [DISP_CTRL disp=1 cur=0 blink=0]
t_wall=1785583144.248 t=1871040260 W CMD 0x78 [SET_CGRAM 0x38]
t_wall=1785583144.250 t=1871040319 W DAT 0x05 (CGRAM ref #5)
t_wall=1785583144.251 t=1871040357 W DAT 0x02 (CGRAM ref #2)
t_wall=1785583144.253 t=1871040396 W DAT 0x0D
t_wall=1785583144.254 t=1871044246 W DAT 0x1D
t_wall=1785583144.256 t=1871048107 W DAT 0x1F
t_wall=1785583144.259 t=1871051923 W DAT 0x1D
t_wall=1785583144.264 t=1871055742 W DAT 0x1D
t_wall=1785583144.267 t=1871059618 W DAT 0x1F
t_wall=1785583144.270 t=1871061964 W CMD 0x40 [SET_CGRAM 0x00]
t_wall=1785583144.271 t=1871062080 W DAT 0x00 (CGRAM ref #0)
t_wall=1785583144.272 t=1871062162 W DAT 0x1B
t_wall=1785583144.274 t=1871062215 W DAT 0x1B
t_wall=1785583144.275 t=1871062268 W DAT 0x1B
t_wall=1785583144.276 t=1871062321 W DAT 0x1F
t_wall=1785583144.278 t=1871062374 W DAT 0x1F
t_wall=1785583144.282 t=1871062427 W DAT 0x00 (CGRAM ref #0)
t_wall=1785583144.286 t=1871062480 W DAT 0x05 (CGRAM ref #5)
t_wall=1785583144.293 t=1871062660 W CMD 0x0C [DISP_CTRL disp=1 cur=0 blink=0]
t_wall=1785583144.297 t=1871067715 W CMD 0x60 [SET_CGRAM 0x20]
t_wall=1785583144.299 t=1871067773 W DAT 0x0F
t_wall=1785583144.301 t=1871067826 W DAT 0x1B
t_wall=1785583144.305 t=1871067879 W DAT 0x04 (CGRAM ref #4)
t_wall=1785583144.307 t=1871067917 W DAT 0x0F
t_wall=1785583144.310 t=1871067999 W DAT 0x14
t_wall=1785583144.313 t=1871068037 W DAT 0x0F
t_wall=1785583144.316 t=1871068090 W DAT 0x0F
t_wall=1785583144.321 t=1871068142 W DAT 0x00 (CGRAM ref #0)
t_wall=1785583144.327 t=1871069665 W CMD 0x0C [DISP_CTRL disp=1 cur=0 blink=0]
t_wall=1785583144.337 t=1871128152 W CMD 0x78 [SET_CGRAM 0x38]
t_wall=1785583144.340 t=1871128210 W DAT 0x05 (CGRAM ref #5)
t_wall=1785583144.342 t=1871128248 W DAT 0x03 (CGRAM ref #3)
t_wall=1785583144.343 t=1871128287 W DAT 0x0C
t_wall=1785583144.344 t=1871132103 W DAT 0x1D
t_wall=1785583144.346 t=1871135949 W DAT 0x1E
t_wall=1785583144.347 t=1871139796 W DAT 0x1D
t_wall=1785583144.351 t=1871143658 W DAT 0x1D
t_wall=1785583144.355 t=1871147475 W DAT 0x1F
t_wall=1785583144.358 # ALIVE us=1871150361 ring_depth=0 drops=0
t_wall=1785583144.365 t=1871157167 W CMD 0x0C [DISP_CTRL disp=1 cur=0 blink=0]
t_wall=1785583144.418 t=1871211088 W CMD 0x60 [SET_CGRAM 0x20]
t_wall=1785583144.418 t=1871211168 W DAT 0x0F
t_wall=1785583144.419 t=1871211250 W DAT 0x1B
t_wall=1785583144.419 t=1871211303 W DAT 0x04 (CGRAM ref #4)
t_wall=1785583144.419 t=1871211341 W DAT 0x0F
t_wall=1785583144.420 t=1871211423 W DAT 0x14
t_wall=1785583144.420 t=1871211461 W DAT 0x0B
t_wall=1785583144.420 t=1871211514 W DAT 0x0F
t_wall=1785583144.421 t=1871211567 W DAT 0x00 (CGRAM ref #0)
t_wall=1785583144.422 t=1871213056 W CMD 0x0C [DISP_CTRL disp=1 cur=0 blink=0]
t_wall=1785583144.423 t=1871216493 W CMD 0x78 [SET_CGRAM 0x38]
t_wall=1785583144.424 t=1871216551 W DAT 0x05 (CGRAM ref #5)
t_wall=1785583144.424 t=1871216590 W DAT 0x03 (CGRAM ref #3)
t_wall=1785583144.425 t=1871216628 W DAT 0x0D
t_wall=1785583144.427 t=1871220489 W DAT 0x1D
t_wall=1785583144.431 t=1871224266 W DAT 0x1F
t_wall=1785583144.435 t=1871228100 W DAT 0x1D
t_wall=1785583144.438 t=1871231945 W DAT 0x1D
t_wall=1785583144.442 t=1871235815 W DAT 0x1F
t_wall=1785583144.454 t=1871247079 W CMD 0x0C [DISP_CTRL disp=1 cur=0 blink=0]
t_wall=1785583144.499 t=1871292391 W CMD 0x78 [SET_CGRAM 0x38]
t_wall=1785583144.499 t=1871292450 W DAT 0x04 (CGRAM ref #4)
t_wall=1785583144.500 t=1871292488 W DAT 0x03 (CGRAM ref #3)
t_wall=1785583144.500 t=1871292526 W DAT 0x0D
t_wall=1785583144.503 t=1871296374 W DAT 0x1D
t_wall=1785583144.507 t=1871300207 W DAT 0x1F
t_wall=1785583144.511 t=1871304051 W DAT 0x1C
t_wall=1785583144.514 t=1871307869 W DAT 0x1C
t_wall=1785583144.518 t=1871311739 W DAT 0x1F
t_wall=1785583144.530 t=1871322614 W CMD 0x0C [DISP_CTRL disp=1 cur=0 blink=0]
t_wall=1785583144.587 t=1871380008 W CMD 0x78 [SET_CGRAM 0x38]
t_wall=1785583144.588 t=1871380066 W DAT 0x05 (CGRAM ref #5)
t_wall=1785583144.588 t=1871380104 W DAT 0x03 (CGRAM ref #3)
t_wall=1785583144.588 t=1871380142 W DAT 0x0D
t_wall=1785583144.591 t=1871383960 W DAT 0x1C
t_wall=1785583144.594 t=1871387807 W DAT 0x1F
t_wall=1785583144.598 t=1871391655 W DAT 0x1D
t_wall=1785583144.602 t=1871395488 W DAT 0x1D
t_wall=1785583144.606 t=1871399335 W DAT 0x1F
t_wall=1785583144.615 t=1871408020 W CMD 0x0C [DISP_CTRL disp=1 cur=0 blink=0]
t_wall=1785583144.659 t=1871452096 W CMD 0x60 [SET_CGRAM 0x20]
t_wall=1785583144.660 t=1871452154 W DAT 0x0B
t_wall=1785583144.660 t=1871452207 W DAT 0x1F
t_wall=1785583144.661 t=1871452260 W DAT 0x04 (CGRAM ref #4)
t_wall=1785583144.661 t=1871452298 W DAT 0x0F
t_wall=1785583144.661 t=1871452365 W DAT 0x14
t_wall=1785583144.662 t=1871452403 W DAT 0x0B
t_wall=1785583144.662 t=1871452456 W DAT 0x0B
t_wall=1785583144.662 t=1871452509 W DAT 0x00 (CGRAM ref #0)
t_wall=1785583144.663 t=1871452689 W CMD 0x0C [DISP_CTRL disp=1 cur=0 blink=0]
t_wall=1785583144.664 t=1871456510 W CMD 0x78 [SET_CGRAM 0x38]
t_wall=1785583144.664 t=1871456568 W DAT 0x05 (CGRAM ref #5)
t_wall=1785583144.665 t=1871456606 W DAT 0x02 (CGRAM ref #2)
t_wall=1785583144.665 t=1871456645 W DAT 0x0D
t_wall=1785583144.667 t=1871460478 W DAT 0x1D
t_wall=1785583144.671 t=1871464325 W DAT 0x1F
t_wall=1785583144.675 t=1871468140 W DAT 0x1D
t_wall=1785583144.679 t=1871471989 W DAT 0x1D
t_wall=1785583144.682 t=1871475851 W DAT 0x1F
t_wall=1785583144.690 t=1871482881 W CMD 0x0C [DISP_CTRL disp=1 cur=0 blink=0]
t_wall=1785583144.741 t=1871534433 W CMD 0x40 [SET_CGRAM 0x00]
t_wall=1785583144.741 t=1871534491 W DAT 0x00 (CGRAM ref #0)
t_wall=1785583144.742 t=1871534544 W DAT 0x1B
t_wall=1785583144.742 t=1871534597 W DAT 0x1B
t_wall=1785583144.743 t=1871534650 W DAT 0x1B
t_wall=1785583144.743 t=1871534718 W DAT 0x1B
t_wall=1785583144.743 t=1871534770 W DAT 0x1F
t_wall=1785583144.744 t=1871534823 W DAT 0x00 (CGRAM ref #0)
t_wall=1785583144.744 t=1871534876 W DAT 0x05 (CGRAM ref #5)
t_wall=1785583144.745 t=1871535056 W CMD 0x0C [DISP_CTRL disp=1 cur=0 blink=0]
t_wall=1785583144.751 t=1871544691 W CMD 0x78 [SET_CGRAM 0x38]
t_wall=1785583144.752 t=1871544750 W DAT 0x05 (CGRAM ref #5)
t_wall=1785583144.752 t=1871544788 W DAT 0x03 (CGRAM ref #3)
t_wall=1785583144.752 t=1871544826 W DAT 0x0C
t_wall=1785583144.755 t=1871548672 W DAT 0x1D
t_wall=1785583144.759 t=1871552522 W DAT 0x1E
t_wall=1785583144.763 t=1871556354 W DAT 0x1D
t_wall=1785583144.767 t=1871560198 W DAT 0x1D
t_wall=1785583144.771 t=1871564017 W DAT 0x1F
t_wall=1785583144.780 t=1871572794 W CMD 0x0C [DISP_CTRL disp=1 cur=0 blink=0]
t_wall=1785583144.824 t=1871616850 W CMD 0x60 [SET_CGRAM 0x20]
t_wall=1785583144.824 t=1871616908 W DAT 0x0F
t_wall=1785583144.824 t=1871616961 W DAT 0x1F
t_wall=1785583144.825 t=1871617014 W DAT 0x00 (CGRAM ref #0)
t_wall=1785583144.825 t=1871617067 W DAT 0x0F
t_wall=1785583144.825 t=1871617135 W DAT 0x14
t_wall=1785583144.826 t=1871617173 W DAT 0x0B
t_wall=1785583144.826 t=1871617226 W DAT 0x0F
t_wall=1785583144.826 t=1871617279 W DAT 0x00 (CGRAM ref #0)
t_wall=1785583144.827 t=1871618753 W CMD 0x0C [DISP_CTRL disp=1 cur=0 blink=0]
t_wall=1785583144.828 t=1871621300 W CMD 0x78 [SET_CGRAM 0x38]
t_wall=1785583144.828 t=1871621387 W DAT 0x05 (CGRAM ref #5)
t_wall=1785583144.829 t=1871621425 W DAT 0x03 (CGRAM ref #3)
t_wall=1785583144.829 t=1871621464 W DAT 0x0D
t_wall=1785583144.832 t=1871625281 W DAT 0x1D
t_wall=1785583144.836 t=1871629130 W DAT 0x1F
t_wall=1785583144.840 t=1871632991 W DAT 0x1D
t_wall=1785583144.843 t=1871636809 W DAT 0x1D
t_wall=1785583144.847 t=1871640628 W DAT 0x1F
t_wall=1785583144.854 t=1871646910 W CMD 0x0C [DISP_CTRL disp=1 cur=0 blink=0]
t_wall=1785583144.915 t=1871707957 W CMD 0x78 [SET_CGRAM 0x38]
t_wall=1785583144.915 t=1871708015 W DAT 0x04 (CGRAM ref #4)
t_wall=1785583144.915 t=1871708053 W DAT 0x03 (CGRAM ref #3)
t_wall=1785583144.916 t=1871708092 W DAT 0x0D
t_wall=1785583144.919 t=1871711946 W DAT 0x1D
t_wall=1785583144.922 t=1871715763 W DAT 0x1F
t_wall=1785583144.926 t=1871719607 W DAT 0x1C
t_wall=1785583144.930 t=1871723455 W DAT 0x1C
t_wall=1785583144.934 t=1871727317 W DAT 0x1F
t_wall=1785583144.950 t=1871742815 W CMD 0x0C [DISP_CTRL disp=1 cur=0 blink=0]
t_wall=1785583144.992 t=1871784743 W CMD 0x78 [SET_CGRAM 0x38]
t_wall=1785583144.992 t=1871784801 W DAT 0x05 (CGRAM ref #5)
t_wall=1785583144.993 t=1871784839 W DAT 0x03 (CGRAM ref #3)
t_wall=1785583144.993 t=1871784878 W DAT 0x0D
t_wall=1785583144.995 t=1871788726 W DAT 0x1C
t_wall=1785583144.999 t=1871792587 W DAT 0x1F
t_wall=1785583145.003 t=1871796403 W DAT 0x1D
t_wall=1785583145.007 t=1871800220 W DAT 0x1D
t_wall=1785583145.011 t=1871804099 W DAT 0x1F
t_wall=1785583145.024 t=1871817252 W CMD 0x0C [DISP_CTRL disp=1 cur=0 blink=0]
t_wall=1785583145.071 t=1871864192 W CMD 0x78 [SET_CGRAM 0x38]
t_wall=1785583145.072 t=1871864251 W DAT 0x05 (CGRAM ref #5)
t_wall=1785583145.072 t=1871864289 W DAT 0x02 (CGRAM ref #2)
t_wall=1785583145.073 t=1871864327 W DAT 0x0D
t_wall=1785583145.075 t=1871868202 W DAT 0x1D
t_wall=1785583145.079 t=1871872058 W DAT 0x1F
t_wall=1785583145.082 t=1871875902 W DAT 0x1D
t_wall=1785583145.086 t=1871879719 W DAT 0x1D
t_wall=1785583145.090 t=1871883569 W DAT 0x1F
t_wall=1785583145.096 t=1871888557 W CMD 0x0C [DISP_CTRL disp=1 cur=0 blink=0]
t_wall=1785583145.099 t=1871891852 W CMD 0x60 [SET_CGRAM 0x20]
t_wall=1785583145.099 t=1871891910 W DAT 0x0F
t_wall=1785583145.099 t=1871891963 W DAT 0x1F
t_wall=1785583145.100 t=1871892016 W DAT 0x00 (CGRAM ref #0)
t_wall=1785583145.100 t=1871892068 W DAT 0x0F
t_wall=1785583145.100 t=1871892121 W DAT 0x10
t_wall=1785583145.100 t=1871892174 W DAT 0x0F
t_wall=1785583145.101 t=1871892227 W DAT 0x0F
t_wall=1785583145.101 t=1871892280 W DAT 0x00 (CGRAM ref #0)
t_wall=1785583145.102 t=1871893758 W CMD 0x0C [DISP_CTRL disp=1 cur=0 blink=0]
t_wall=1785583145.150 t=1871942773 W CMD 0x40 [SET_CGRAM 0x00]
t_wall=1785583145.150 t=1871942832 W DAT 0x00 (CGRAM ref #0)
t_wall=1785583145.151 t=1871942884 W DAT 0x1B
t_wall=1785583145.151 t=1871942937 W DAT 0x1B
t_wall=1785583145.151 t=1871942990 W DAT 0x1B
t_wall=1785583145.152 t=1871943043 W DAT 0x1B
t_wall=1785583145.152 t=1871943095 W DAT 0x1B
t_wall=1785583145.152 t=1871943148 W DAT 0x00 (CGRAM ref #0)
t_wall=1785583145.153 t=1871943201 W DAT 0x05 (CGRAM ref #5)
t_wall=1785583145.153 t=1871943382 W CMD 0x0C [DISP_CTRL disp=1 cur=0 blink=0]
t_wall=1785583145.160 t=1871953096 W CMD 0x78 [SET_CGRAM 0x38]
t_wall=1785583145.161 t=1871953184 W DAT 0x05 (CGRAM ref #5)
t_wall=1785583145.162 t=1871953222 W DAT 0x03 (CGRAM ref #3)
t_wall=1785583145.162 t=1871953260 W DAT 0x0C
t_wall=1785583145.164 t=1871957078 W DAT 0x1D
t_wall=1785583145.168 t=1871960956 W DAT 0x1E
t_wall=1785583145.171 t=1871964788 W DAT 0x1D
t_wall=1785583145.175 t=1871968605 W DAT 0x1D
t_wall=1785583145.179 t=1871972453 W DAT 0x1F
t_wall=1785583145.187 t=1871979892 W CMD 0x0C [DISP_CTRL disp=1 cur=0 blink=0]
t_wall=1785583145.232 t=1872025234 W CMD 0x60 [SET_CGRAM 0x20]
t_wall=1785583145.232 t=1872025292 W DAT 0x0B
t_wall=1785583145.232 t=1872025346 W DAT 0x1F
t_wall=1785583145.232 t=1872025398 W DAT 0x00 (CGRAM ref #0)
t_wall=1785583145.233 t=1872025451 W DAT 0x0B
t_wall=1785583145.233 t=1872025504 W DAT 0x14
t_wall=1785583145.233 t=1872025542 W DAT 0x0B
t_wall=1785583145.233 t=1872025595 W DAT 0x0B
t_wall=1785583145.233 t=1872025647 W DAT 0x00 (CGRAM ref #0)
t_wall=1785583145.234 t=1872027139 W CMD 0x0C [DISP_CTRL disp=1 cur=0 blink=0]
t_wall=1785583145.236 t=1872029674 W CMD 0x78 [SET_CGRAM 0x38]
t_wall=1785583145.237 t=1872029732 W DAT 0x05 (CGRAM ref #5)
t_wall=1785583145.237 t=1872029771 W DAT 0x03 (CGRAM ref #3)
t_wall=1785583145.237 t=1872029809 W DAT 0x0D
t_wall=1785583145.240 t=1872033625 W DAT 0x1D
t_wall=1785583145.244 t=1872037472 W DAT 0x1F
t_wall=1785583145.248 t=1872041318 W DAT 0x1D
t_wall=1785583145.252 t=1872045152 W DAT 0x1D
t_wall=1785583145.256 t=1872048998 W DAT 0x1F
t_wall=1785583145.261 t=1872053936 W CMD 0x0C [DISP_CTRL disp=1 cur=0 blink=0]
t_wall=1785583145.323 t=1872116253 W CMD 0x78 [SET_CGRAM 0x38]
t_wall=1785583145.323 t=1872116325 W DAT 0x04 (CGRAM ref #4)
t_wall=1785583145.324 t=1872116364 W DAT 0x03 (CGRAM ref #3)
t_wall=1785583145.324 t=1872116402 W DAT 0x0D
t_wall=1785583145.327 t=1872120278 W DAT 0x1D
t_wall=1785583145.331 t=1872124112 W DAT 0x1F
t_wall=1785583145.334 t=1872127930 W DAT 0x1C
t_wall=1785583145.338 t=1872131775 W DAT 0x1C
t_wall=1785583145.343 t=1872135623 W DAT 0x1F
t_wall=1785583145.351 t=1872143934 W CMD 0x0C [DISP_CTRL disp=1 cur=0 blink=0]
t_wall=1785583145.400 t=1872192910 W CMD 0x78 [SET_CGRAM 0x38]
t_wall=1785583145.400 t=1872192968 W DAT 0x05 (CGRAM ref #5)
t_wall=1785583145.400 t=1872193007 W DAT 0x03 (CGRAM ref #3)
t_wall=1785583145.401 t=1872193045 W DAT 0x0D
t_wall=1785583145.403 t=1872196888 W DAT 0x1C
t_wall=1785583145.407 t=1872200736 W DAT 0x1F
t_wall=1785583145.411 t=1872204571 W DAT 0x1D
t_wall=1785583145.415 t=1872208414 W DAT 0x1D
t_wall=1785583145.419 t=1872212232 W DAT 0x1F
t_wall=1785583145.427 t=1872219776 W CMD 0x0C [DISP_CTRL disp=1 cur=0 blink=0]
t_wall=1785583145.482 t=1872275732 W CMD 0x60 [SET_CGRAM 0x20]
t_wall=1785583145.482 t=1872275790 W DAT 0x0B
t_wall=1785583145.483 t=1872275843 W DAT 0x1B
t_wall=1785583145.483 t=1872275895 W DAT 0x00 (CGRAM ref #0)
t_wall=1785583145.483 t=1872275948 W DAT 0x0B
t_wall=1785583145.483 t=1872276015 W DAT 0x10
t_wall=1785583145.483 t=1872276068 W DAT 0x0B
t_wall=1785583145.483 t=1872276121 W DAT 0x0B
t_wall=1785583145.484 t=1872276174 W DAT 0x00 (CGRAM ref #0)
t_wall=1785583145.484 t=1872276375 W CMD 0x0C [DISP_CTRL disp=1 cur=0 blink=0]
t_wall=1785583145.487 t=1872280217 W CMD 0x78 [SET_CGRAM 0x38]
t_wall=1785583145.487 t=1872280275 W DAT 0x05 (CGRAM ref #5)
t_wall=1785583145.487 t=1872280313 W DAT 0x02 (CGRAM ref #2)
t_wall=1785583145.487 t=1872280351 W DAT 0x0D
t_wall=1785583145.491 t=1872284185 W DAT 0x1D
t_wall=1785583145.494 t=1872288000 W DAT 0x1F
t_wall=1785583145.498 t=1872291846 W DAT 0x1D
t_wall=1785583145.502 t=1872295696 W DAT 0x1D
t_wall=1785583145.506 t=1872299528 W DAT 0x1F
t_wall=1785583145.516 t=1872309202 W CMD 0x0C [DISP_CTRL disp=1 cur=0 blink=0]
t_wall=1785583145.575 t=1872367699 W CMD 0x78 [SET_CGRAM 0x38]
t_wall=1785583145.576 t=1872367757 W DAT 0x05 (CGRAM ref #5)
t_wall=1785583145.577 t=1872367795 W DAT 0x03 (CGRAM ref #3)
t_wall=1785583145.577 t=1872367833 W DAT 0x0C
t_wall=1785583145.578 t=1872371651 W DAT 0x1D
t_wall=1785583145.582 t=1872375529 W DAT 0x1E
t_wall=1785583145.586 t=1872379361 W DAT 0x1D
t_wall=1785583145.590 t=1872383177 W DAT 0x1D
t_wall=1785583145.598 t=1872387024 W DAT 0x1F
t_wall=1785583145.608 t=1872393246 W CMD 0x0C [DISP_CTRL disp=1 cur=0 blink=0]
t_wall=1785583145.655 t=1872443411 W CMD 0x78 [SET_CGRAM 0x38]
t_wall=1785583145.660 t=1872443511 W DAT 0x05 (CGRAM ref #5)
t_wall=1785583145.664 t=1872443549 W DAT 0x03 (CGRAM ref #3)
t_wall=1785583145.667 t=1872443587 W DAT 0x0D
t_wall=1785583145.669 t=1872447361 W DAT 0x1C
t_wall=1785583145.671 t=1872451208 W DAT 0x1F
t_wall=1785583145.675 t=1872455055 W DAT 0x1D
t_wall=1785583145.678 t=1872458889 W DAT 0x1D
t_wall=1785583145.680 t=1872462735 W DAT 0x1F
t_wall=1785583145.685 t=1872467797 W CMD 0x0C [DISP_CTRL disp=1 cur=0 blink=0]
t_wall=1785583146.357 # ALIVE us=1873150407 ring_depth=0 drops=0
t_wall=1785583146.531 t=1873323770 W CMD 0x60 [SET_CGRAM 0x20]
t_wall=1785583146.532 t=1873323828 W DAT 0x0B
t_wall=1785583146.532 t=1873323881 W DAT 0x1B
t_wall=1785583146.533 t=1873323934 W DAT 0x00 (CGRAM ref #0)
t_wall=1785583146.533 t=1873323987 W DAT 0x0F
t_wall=1785583146.534 t=1873324039 W DAT 0x10
t_wall=1785583146.534 t=1873324092 W DAT 0x0B
t_wall=1785583146.534 t=1873324145 W DAT 0x0B
t_wall=1785583146.535 t=1873324198 W DAT 0x00 (CGRAM ref #0)
t_wall=1785583146.536 t=1873325661 W CMD 0x0C [DISP_CTRL disp=1 cur=0 blink=0]
t_wall=1785583146.536 t=1873328199 W CMD 0x78 [SET_CGRAM 0x38]
t_wall=1785583146.537 t=1873328257 W DAT 0x04 (CGRAM ref #4)
t_wall=1785583146.537 t=1873328296 W DAT 0x02 (CGRAM ref #2)
t_wall=1785583146.538 t=1873328334 W DAT 0x0C
t_wall=1785583146.539 t=1873332181 W DAT 0x1D
t_wall=1785583146.542 t=1873335997 W DAT 0x1E
t_wall=1785583146.547 t=1873339845 W DAT 0x1C
t_wall=1785583146.550 t=1873343707 W DAT 0x1C
t_wall=1785583146.554 t=1873347522 W DAT 0x1F
t_wall=1785583146.557 t=1873349835 W CMD 0x40 [SET_CGRAM 0x00]
t_wall=1785583146.558 t=1873349935 W DAT 0x00 (CGRAM ref #0)
t_wall=1785583146.558 t=1873349988 W DAT 0x1B
t_wall=1785583146.559 t=1873350040 W DAT 0x1B
t_wall=1785583146.559 t=1873350093 W DAT 0x1B
t_wall=1785583146.560 t=1873350160 W DAT 0x1B
t_wall=1785583146.561 t=1873350213 W DAT 0x1B
t_wall=1785583146.561 t=1873350266 W DAT 0x04 (CGRAM ref #4)
t_wall=1785583146.562 t=1873350304 W DAT 0x05 (CGRAM ref #5)
t_wall=1785583146.564 t=1873350485 W CMD 0x0C [DISP_CTRL disp=1 cur=0 blink=0]
t_wall=1785583146.566 t=1873358509 W CMD 0x60 [SET_CGRAM 0x20]
t_wall=1785583146.566 t=1873358568 W DAT 0x0B
t_wall=1785583146.567 t=1873358620 W DAT 0x1B
t_wall=1785583146.568 t=1873358673 W DAT 0x00 (CGRAM ref #0)
t_wall=1785583146.568 t=1873358726 W DAT 0x0B
t_wall=1785583146.569 t=1873358779 W DAT 0x10
t_wall=1785583146.569 t=1873358832 W DAT 0x0B
t_wall=1785583146.570 t=1873358885 W DAT 0x0B
t_wall=1785583146.570 t=1873358938 W DAT 0x00 (CGRAM ref #0)
t_wall=1785583146.572 t=1873360367 W CMD 0x0C [DISP_CTRL disp=1 cur=0 blink=0]
t_wall=1785583146.574 t=1873364209 W CMD 0x78 [SET_CGRAM 0x38]
t_wall=1785583146.578 t=1873364268 W DAT 0x05 (CGRAM ref #5)
t_wall=1785583146.584 t=1873364306 W DAT 0x03 (CGRAM ref #3)
t_wall=1785583146.587 t=1873364344 W DAT 0x0D
t_wall=1785583146.590 t=1873368161 W DAT 0x1C
t_wall=1785583146.594 t=1873372011 W DAT 0x1F
t_wall=1785583146.597 t=1873375871 W DAT 0x1D
t_wall=1785583146.600 t=1873379687 W DAT 0x1D
t_wall=1785583146.603 t=1873383534 W DAT 0x1F
t_wall=1785583146.608 t=1873385962 W CMD 0x40 [SET_CGRAM 0x00]
t_wall=1785583146.614 t=1873386020 W DAT 0x00 (CGRAM ref #0)
t_wall=1785583146.619 t=1873386073 W DAT 0x1B
t_wall=1785583146.623 t=1873386126 W DAT 0x1B
t_wall=1785583146.628 t=1873386179 W DAT 0x1B
t_wall=1785583146.632 t=1873386247 W DAT 0x1B
t_wall=1785583146.635 t=1873386299 W DAT 0x1B
t_wall=1785583146.640 t=1873386352 W DAT 0x00 (CGRAM ref #0)
t_wall=1785583146.647 t=1873386405 W DAT 0x05 (CGRAM ref #5)
t_wall=1785583146.656 t=1873386586 W CMD 0x0C [DISP_CTRL disp=1 cur=0 blink=0]
t_wall=1785583148.357 # ALIVE us=1875150453 ring_depth=0 drops=0
t_wall=1785583150.357 # ALIVE us=1877150500 ring_depth=0 drops=0
t_wall=1785583152.357 # ALIVE us=1879150546 ring_depth=0 drops=0
t_wall=1785583153.271 t=1880064409 W CMD 0x78 [SET_CGRAM 0x38]
t_wall=1785583153.271 t=1880064467 W DAT 0x07 (CGRAM ref #7)
t_wall=1785583153.272 t=1880064506 W DAT 0x03 (CGRAM ref #3)
t_wall=1785583153.272 t=1880064544 W DAT 0x0F
t_wall=1785583153.275 t=1880068391 W DAT 0x1C
t_wall=1785583153.278 t=1880072252 W DAT 0x1F
t_wall=1785583153.282 t=1880076070 W DAT 0x1F
t_wall=1785583153.286 t=1880079886 W DAT 0x1F
t_wall=1785583153.290 t=1880083762 W DAT 0x1F
t_wall=1785583153.295 t=1880088576 W CMD 0x0C [DISP_CTRL disp=1 cur=0 blink=0]
t_wall=1785583153.664 t=1880457494 W CMD 0x60 [SET_CGRAM 0x20]
t_wall=1785583153.664 t=1880457567 W DAT 0x09
t_wall=1785583153.665 t=1880457620 W DAT 0x1B
t_wall=1785583153.665 t=1880457672 W DAT 0x00 (CGRAM ref #0)
t_wall=1785583153.665 t=1880457725 W DAT 0x09
t_wall=1785583153.666 t=1880457792 W DAT 0x12
t_wall=1785583153.666 t=1880457830 W DAT 0x09
t_wall=1785583153.666 t=1880457883 W DAT 0x09
t_wall=1785583153.667 t=1880457936 W DAT 0x00 (CGRAM ref #0)
t_wall=1785583153.667 t=1880459467 W CMD 0x0C [DISP_CTRL disp=1 cur=0 blink=0]
t_wall=1785583153.669 t=1880462807 W CMD 0x78 [SET_CGRAM 0x38]
t_wall=1785583153.670 t=1880462865 W DAT 0x07 (CGRAM ref #7)
t_wall=1785583153.670 t=1880462976 W DAT 0x01 (CGRAM ref #1)
t_wall=1785583153.670 t=1880463014 W DAT 0x0F
t_wall=1785583153.673 t=1880466818 W DAT 0x1E
t_wall=1785583153.677 t=1880470653 W DAT 0x1F
t_wall=1785583153.681 t=1880474469 W DAT 0x1F
t_wall=1785583153.684 t=1880478313 W DAT 0x1F
t_wall=1785583153.688 t=1880482163 W DAT 0x1F
t_wall=1785583153.697 t=1880490913 W CMD 0x0C [DISP_CTRL disp=1 cur=0 blink=0]
t_wall=1785583153.745 t=1880538758 W CMD 0x78 [SET_CGRAM 0x38]
t_wall=1785583153.746 t=1880538817 W DAT 0x07 (CGRAM ref #7)
t_wall=1785583153.747 t=1880538855 W DAT 0x03 (CGRAM ref #3)
t_wall=1785583153.747 t=1880538894 W DAT 0x0D
t_wall=1785583153.749 t=1880542741 W DAT 0x1E
t_wall=1785583153.753 t=1880546574 W DAT 0x1D
t_wall=1785583153.756 t=1880550420 W DAT 0x1F
t_wall=1785583153.760 t=1880554235 W DAT 0x1F
t_wall=1785583153.764 t=1880558085 W DAT 0x1F
t_wall=1785583153.767 t=1880560463 W CMD 0x40 [SET_CGRAM 0x00]
t_wall=1785583153.767 t=1880560521 W DAT 0x00 (CGRAM ref #0)
t_wall=1785583153.767 t=1880560574 W DAT 0x19
t_wall=1785583153.767 t=1880560627 W DAT 0x1B
t_wall=1785583153.768 t=1880560680 W DAT 0x1B
t_wall=1785583153.768 t=1880560732 W DAT 0x1B
t_wall=1785583153.768 t=1880560785 W DAT 0x1B
t_wall=1785583153.768 t=1880560838 W DAT 0x00 (CGRAM ref #0)
t_wall=1785583153.768 t=1880560890 W DAT 0x05 (CGRAM ref #5)
t_wall=1785583153.769 t=1880561070 W CMD 0x0C [DISP_CTRL disp=1 cur=0 blink=0]
t_wall=1785583153.829 t=1880622159 W CMD 0x60 [SET_CGRAM 0x20]
t_wall=1785583153.829 t=1880622217 W DAT 0x0B
t_wall=1785583153.829 t=1880622270 W DAT 0x1B
t_wall=1785583153.829 t=1880622323 W DAT 0x02 (CGRAM ref #2)
t_wall=1785583153.830 t=1880622361 W DAT 0x09
t_wall=1785583153.830 t=1880622428 W DAT 0x12
t_wall=1785583153.830 t=1880622466 W DAT 0x0B
t_wall=1785583153.830 t=1880622519 W DAT 0x0B
t_wall=1785583153.831 t=1880622572 W DAT 0x00 (CGRAM ref #0)
t_wall=1785583153.831 t=1880624035 W CMD 0x0C [DISP_CTRL disp=1 cur=0 blink=0]
t_wall=1785583153.833 t=1880626573 W CMD 0x78 [SET_CGRAM 0x38]
t_wall=1785583153.833 t=1880626661 W DAT 0x07 (CGRAM ref #7)
t_wall=1785583153.834 t=1880626699 W DAT 0x03 (CGRAM ref #3)
t_wall=1785583153.834 t=1880626737 W DAT 0x0F
t_wall=1785583153.837 t=1880630555 W DAT 0x1E
t_wall=1785583153.841 t=1880634399 W DAT 0x1F
t_wall=1785583153.844 t=1880638249 W DAT 0x1F
t_wall=1785583153.848 t=1880642103 W DAT 0x1F
t_wall=1785583153.852 t=1880645948 W DAT 0x1F
t_wall=1785583153.860 t=1880653044 W CMD 0x0C [DISP_CTRL disp=1 cur=0 blink=0]
t_wall=1785583153.909 t=1880703227 W CMD 0x78 [SET_CGRAM 0x38]
t_wall=1785583153.910 t=1880703286 W DAT 0x05 (CGRAM ref #5)
t_wall=1785583153.910 t=1880703324 W DAT 0x03 (CGRAM ref #3)
t_wall=1785583153.910 t=1880703363 W DAT 0x0F
t_wall=1785583153.913 t=1880707195 W DAT 0x1E
t_wall=1785583153.917 t=1880711040 W DAT 0x1F
t_wall=1785583153.921 t=1880714858 W DAT 0x1D
t_wall=1785583153.925 t=1880718705 W DAT 0x1D
t_wall=1785583153.929 t=1880722567 W DAT 0x1F
t_wall=1785583153.937 t=1880730050 W CMD 0x0C [DISP_CTRL disp=1 cur=0 blink=0]
t_wall=1785583153.996 t=1880789772 W CMD 0x78 [SET_CGRAM 0x38]
t_wall=1785583153.997 t=1880789852 W DAT 0x07 (CGRAM ref #7)
t_wall=1785583153.997 t=1880789890 W DAT 0x03 (CGRAM ref #3)
t_wall=1785583153.997 t=1880789928 W DAT 0x0F
t_wall=1785583154.000 t=1880793775 W DAT 0x1C
t_wall=1785583154.004 t=1880797621 W DAT 0x1F
t_wall=1785583154.008 t=1880801455 W DAT 0x1F
t_wall=1785583154.011 t=1880805301 W DAT 0x1F
t_wall=1785583154.015 t=1880809117 W DAT 0x1F
t_wall=1785583154.023 t=1880816201 W CMD 0x0C [DISP_CTRL disp=1 cur=0 blink=0]
t_wall=1785583154.078 t=1880871490 W CMD 0x58 [SET_CGRAM 0x18]
t_wall=1785583154.079 t=1880871548 W DAT 0x0E
t_wall=1785583154.079 t=1880871601 W DAT 0x1F
t_wall=1785583154.081 t=1880875450 W DAT 0x0C
t_wall=1785583154.085 t=1880879313 W DAT 0x02 (CGRAM ref #2)
t_wall=1785583154.086 t=1880879351 W DAT 0x1D
t_wall=1785583154.090 t=1880883166 W DAT 0x0A
t_wall=1785583154.094 t=1880886984 W DAT 0x04 (CGRAM ref #4)
t_wall=1785583154.094 t=1880887022 W DAT 0x0A
t_wall=1785583154.097 t=1880889431 W CMD 0x60 [SET_CGRAM 0x20]
t_wall=1785583154.097 t=1880889489 W DAT 0x0B
t_wall=1785583154.098 t=1880889542 W DAT 0x1B
t_wall=1785583154.100 t=1880889595 W DAT 0x02 (CGRAM ref #2)
t_wall=1785583154.101 t=1880889633 W DAT 0x0B
t_wall=1785583154.101 t=1880889700 W DAT 0x12
t_wall=1785583154.102 t=1880889738 W DAT 0x09
t_wall=1785583154.103 t=1880889791 W DAT 0x0B
t_wall=1785583154.104 t=1880889844 W DAT 0x00 (CGRAM ref #0)
t_wall=1785583154.106 t=1880891348 W CMD 0x0C [DISP_CTRL disp=1 cur=0 blink=0]
t_wall=1785583154.107 t=1880893866 W CMD 0x78 [SET_CGRAM 0x38]
t_wall=1785583154.109 t=1880893924 W DAT 0x07 (CGRAM ref #7)
t_wall=1785583154.110 t=1880893963 W DAT 0x01 (CGRAM ref #1)
t_wall=1785583154.110 t=1880894001 W DAT 0x0F
t_wall=1785583154.111 t=1880897836 W DAT 0x1E
t_wall=1785583154.112 t=1880901680 W DAT 0x1F
t_wall=1785583154.112 t=1880905498 W DAT 0x1F
t_wall=1785583154.116 t=1880909347 W DAT 0x1F
t_wall=1785583154.120 t=1880913208 W DAT 0x1F
t_wall=1785583154.129 t=1880921448 W CMD 0x0C [DISP_CTRL disp=1 cur=0 blink=0]
t_wall=1785583154.166 t=1880959653 W CMD 0x78 [SET_CGRAM 0x38]
t_wall=1785583154.167 t=1880959712 W DAT 0x07 (CGRAM ref #7)
t_wall=1785583154.167 t=1880959750 W DAT 0x03 (CGRAM ref #3)
t_wall=1785583154.167 t=1880959788 W DAT 0x0D
t_wall=1785583154.170 t=1880963636 W DAT 0x1E
t_wall=1785583154.174 t=1880967451 W DAT 0x1D
t_wall=1785583154.177 t=1880971298 W DAT 0x1F
t_wall=1785583154.181 t=1880975160 W DAT 0x1F
t_wall=1785583154.185 t=1880978975 W DAT 0x1F
t_wall=1785583154.205 t=1880998768 W CMD 0x0C [DISP_CTRL disp=1 cur=0 blink=0]
t_wall=1785583154.253 t=1881046568 W CMD 0x78 [SET_CGRAM 0x38]
t_wall=1785583154.253 t=1881046626 W DAT 0x07 (CGRAM ref #7)
t_wall=1785583154.253 t=1881046665 W DAT 0x03 (CGRAM ref #3)
t_wall=1785583154.254 t=1881046703 W DAT 0x0F
t_wall=1785583154.257 t=1881050602 W DAT 0x1E
t_wall=1785583154.260 t=1881054434 W DAT 0x1F
t_wall=1785583154.264 t=1881058251 W DAT 0x1F
t_wall=1785583154.268 t=1881062096 W DAT 0x1F
t_wall=1785583154.272 t=1881065943 W DAT 0x1F
t_wall=1785583154.275 t=1881068332 W CMD 0x40 [SET_CGRAM 0x00]
t_wall=1785583154.276 t=1881068391 W DAT 0x00 (CGRAM ref #0)
t_wall=1785583154.276 t=1881068443 W DAT 0x19
t_wall=1785583154.277 t=1881068496 W DAT 0x19
t_wall=1785583154.277 t=1881068607 W DAT 0x1B
t_wall=1785583154.278 t=1881068674 W DAT 0x1B
t_wall=1785583154.278 t=1881068727 W DAT 0x1B
t_wall=1785583154.279 t=1881068780 W DAT 0x00 (CGRAM ref #0)
t_wall=1785583154.279 t=1881068832 W DAT 0x05 (CGRAM ref #5)
t_wall=1785583154.280 t=1881069037 W CMD 0x0C [DISP_CTRL disp=1 cur=0 blink=0]
t_wall=1785583154.281 t=1881074884 W CMD 0x60 [SET_CGRAM 0x20]
t_wall=1785583154.282 t=1881074972 W DAT 0x0B
t_wall=1785583154.282 t=1881075025 W DAT 0x1B
t_wall=1785583154.283 t=1881075078 W DAT 0x02 (CGRAM ref #2)
t_wall=1785583154.283 t=1881075139 W DAT 0x0B
t_wall=1785583154.284 t=1881075192 W DAT 0x12
t_wall=1785583154.284 t=1881075230 W DAT 0x0B
t_wall=1785583154.285 t=1881075283 W DAT 0x0B
t_wall=1785583154.285 t=1881075336 W DAT 0x00 (CGRAM ref #0)
t_wall=1785583154.286 t=1881076794 W CMD 0x0C [DISP_CTRL disp=1 cur=0 blink=0]
t_wall=1785583154.331 t=1881124653 W CMD 0x78 [SET_CGRAM 0x38]
t_wall=1785583154.331 t=1881124712 W DAT 0x05 (CGRAM ref #5)
t_wall=1785583154.332 t=1881124750 W DAT 0x03 (CGRAM ref #3)
t_wall=1785583154.332 t=1881124788 W DAT 0x0F
t_wall=1785583154.335 t=1881128635 W DAT 0x1E
t_wall=1785583154.339 t=1881132468 W DAT 0x1F
t_wall=1785583154.343 t=1881136315 W DAT 0x1D
t_wall=1785583154.346 t=1881140130 W DAT 0x1D
t_wall=1785583154.350 t=1881144007 W DAT 0x1F
t_wall=1785583154.357 t=1881150170 W CMD 0x0C [DISP_CTRL disp=1 cur=0 blink=0]
t_wall=1785583154.357 # ALIVE us=1881150592 ring_depth=0 drops=0
t_wall=1785583154.418 t=1881211301 W CMD 0x78 [SET_CGRAM 0x38]
t_wall=1785583154.419 t=1881211360 W DAT 0x07 (CGRAM ref #7)
t_wall=1785583154.419 t=1881211398 W DAT 0x03 (CGRAM ref #3)
t_wall=1785583154.420 t=1881211436 W DAT 0x0F
t_wall=1785583154.421 t=1881215254 W DAT 0x1C
t_wall=1785583154.425 t=1881219098 W DAT 0x1F
t_wall=1785583154.429 t=1881222873 W DAT 0x1F
t_wall=1785583154.433 t=1881226744 W DAT 0x1F
t_wall=1785583154.437 t=1881230605 W DAT 0x1F
t_wall=1785583154.448 t=1881241459 W CMD 0x0C [DISP_CTRL disp=1 cur=0 blink=0]
t_wall=1785583154.494 t=1881288034 W CMD 0x78 [SET_CGRAM 0x38]
t_wall=1785583154.495 t=1881288093 W DAT 0x07 (CGRAM ref #7)
t_wall=1785583154.495 t=1881288131 W DAT 0x01 (CGRAM ref #1)
t_wall=1785583154.498 t=1881291962 W DAT 0x0F
t_wall=1785583154.502 t=1881295807 W DAT 0x1E
t_wall=1785583154.506 t=1881299625 W DAT 0x1F
t_wall=1785583154.509 t=1881303500 W DAT 0x1F
t_wall=1785583154.513 t=1881307334 W DAT 0x1F
t_wall=1785583154.517 t=1881311173 W DAT 0x1F
t_wall=1785583154.524 t=1881318262 W CMD 0x0C [DISP_CTRL disp=1 cur=0 blink=0]
t_wall=1785583154.526 t=1881319541 W CMD 0x60 [SET_CGRAM 0x20]
t_wall=1785583154.526 t=1881319599 W DAT 0x0B
t_wall=1785583154.526 t=1881319652 W DAT 0x1B
t_wall=1785583154.526 t=1881319705 W DAT 0x02 (CGRAM ref #2)
t_wall=1785583154.526 t=1881319743 W DAT 0x09
t_wall=1785583154.526 t=1881319811 W DAT 0x12
t_wall=1785583154.526 t=1881319849 W DAT 0x09
t_wall=1785583154.527 t=1881319902 W DAT 0x09
t_wall=1785583154.527 t=1881319955 W DAT 0x00 (CGRAM ref #0)
t_wall=1785583154.530 t=1881322742 W CMD 0x0C [DISP_CTRL disp=1 cur=0 blink=0]
t_wall=1785583154.586 t=1881380031 W CMD 0x78 [SET_CGRAM 0x38]
t_wall=1785583154.587 t=1881380090 W DAT 0x07 (CGRAM ref #7)
t_wall=1785583154.587 t=1881380128 W DAT 0x03 (CGRAM ref #3)
t_wall=1785583154.587 t=1881380166 W DAT 0x0D
t_wall=1785583154.590 t=1881384016 W DAT 0x1E
t_wall=1785583154.594 t=1881387879 W DAT 0x1D
t_wall=1785583154.598 t=1881391694 W DAT 0x1F
t_wall=1785583154.602 t=1881395511 W DAT 0x1F
t_wall=1785583154.605 t=1881399389 W DAT 0x1F
t_wall=1785583154.612 t=1881405602 W CMD 0x0C [DISP_CTRL disp=1 cur=0 blink=0]
t_wall=1785583154.658 t=1881452142 W CMD 0x60 [SET_CGRAM 0x20]
t_wall=1785583154.659 t=1881452201 W DAT 0x0B
t_wall=1785583154.659 t=1881452254 W DAT 0x19
t_wall=1785583154.659 t=1881452307 W DAT 0x02 (CGRAM ref #2)
t_wall=1785583154.659 t=1881452345 W DAT 0x0B
t_wall=1785583154.659 t=1881452412 W DAT 0x12
t_wall=1785583154.660 t=1881452450 W DAT 0x0B
t_wall=1785583154.660 t=1881452545 W DAT 0x0B
t_wall=1785583154.660 t=1881452598 W DAT 0x00 (CGRAM ref #0)
t_wall=1785583154.660 t=1881454071 W CMD 0x0C [DISP_CTRL disp=1 cur=0 blink=0]
t_wall=1785583154.663 t=1881456647 W CMD 0x78 [SET_CGRAM 0x38]
t_wall=1785583154.663 t=1881456706 W DAT 0x07 (CGRAM ref #7)
t_wall=1785583154.663 t=1881456744 W DAT 0x03 (CGRAM ref #3)
t_wall=1785583154.664 t=1881456782 W DAT 0x0F
t_wall=1785583154.667 t=1881460631 W DAT 0x1E
t_wall=1785583154.670 t=1881464495 W DAT 0x1F
t_wall=1785583154.674 t=1881468269 W DAT 0x1F
t_wall=1785583154.678 t=1881472087 W DAT 0x1F
t_wall=1785583154.682 t=1881475934 W DAT 0x1F
t_wall=1785583154.685 t=1881478446 W CMD 0x40 [SET_CGRAM 0x00]
t_wall=1785583154.685 t=1881478504 W DAT 0x00 (CGRAM ref #0)
t_wall=1785583154.685 t=1881478557 W DAT 0x19
t_wall=1785583154.685 t=1881478609 W DAT 0x19
t_wall=1785583154.685 t=1881478662 W DAT 0x19
t_wall=1785583154.686 t=1881478730 W DAT 0x1B
t_wall=1785583154.686 t=1881478783 W DAT 0x1B
t_wall=1785583154.686 t=1881478835 W DAT 0x00 (CGRAM ref #0)
t_wall=1785583154.686 t=1881478888 W DAT 0x05 (CGRAM ref #5)
t_wall=1785583154.687 t=1881479068 W CMD 0x0C [DISP_CTRL disp=1 cur=0 blink=0]
t_wall=1785583154.750 t=1881543900 W CMD 0x78 [SET_CGRAM 0x38]
t_wall=1785583154.751 t=1881544017 W DAT 0x05 (CGRAM ref #5)
t_wall=1785583154.751 t=1881544055 W DAT 0x03 (CGRAM ref #3)
t_wall=1785583154.751 t=1881544093 W DAT 0x0F
t_wall=1785583154.754 t=1881547937 W DAT 0x1E
t_wall=1785583154.758 t=1881551755 W DAT 0x1F
t_wall=1785583154.762 t=1881555604 W DAT 0x1D
t_wall=1785583154.766 t=1881559464 W DAT 0x1D
t_wall=1785583154.769 t=1881563239 W DAT 0x1F
t_wall=1785583154.777 t=1881570288 W CMD 0x0C [DISP_CTRL disp=1 cur=0 blink=0]
t_wall=1785583154.827 t=1881620584 W CMD 0x78 [SET_CGRAM 0x38]
t_wall=1785583154.827 t=1881620643 W DAT 0x07 (CGRAM ref #7)
t_wall=1785583154.828 t=1881620681 W DAT 0x03 (CGRAM ref #3)
t_wall=1785583154.828 t=1881620719 W DAT 0x0F
t_wall=1785583154.831 t=1881624579 W DAT 0x1C
t_wall=1785583154.834 t=1881628395 W DAT 0x1F
t_wall=1785583154.838 t=1881632242 W DAT 0x1F
t_wall=1785583154.842 t=1881636089 W DAT 0x1F
t_wall=1785583154.846 t=1881639923 W DAT 0x1F
t_wall=1785583154.854 t=1881647434 W CMD 0x0C [DISP_CTRL disp=1 cur=0 blink=0]
t_wall=1785583154.910 t=1881703483 W CMD 0x60 [SET_CGRAM 0x20]
t_wall=1785583154.910 t=1881703542 W DAT 0x0B
t_wall=1785583154.911 t=1881703594 W DAT 0x19
t_wall=1785583154.911 t=1881703647 W DAT 0x02 (CGRAM ref #2)
t_wall=1785583154.911 t=1881703686 W DAT 0x0B
t_wall=1785583154.911 t=1881703753 W DAT 0x12
t_wall=1785583154.911 t=1881703791 W DAT 0x09
t_wall=1785583154.912 t=1881703844 W DAT 0x0B
t_wall=1785583154.912 t=1881703897 W DAT 0x00 (CGRAM ref #0)
t_wall=1785583154.912 t=1881705333 W CMD 0x0C [DISP_CTRL disp=1 cur=0 blink=0]
t_wall=1785583154.914 t=1881707880 W CMD 0x78 [SET_CGRAM 0x38]
t_wall=1785583154.914 t=1881707939 W DAT 0x07 (CGRAM ref #7)
t_wall=1785583154.915 t=1881707977 W DAT 0x01 (CGRAM ref #1)
t_wall=1785583154.918 t=1881711795 W DAT 0x0F
t_wall=1785583154.922 t=1881715642 W DAT 0x1E
t_wall=1785583154.925 t=1881719504 W DAT 0x1F
t_wall=1785583154.929 t=1881723322 W DAT 0x1F
t_wall=1785583154.933 t=1881727138 W DAT 0x1F
t_wall=1785583154.937 t=1881731014 W DAT 0x1F
t_wall=1785583154.943 t=1881736707 W CMD 0x0C [DISP_CTRL disp=1 cur=0 blink=0]
t_wall=1785583155.000 t=1881788252 W CMD 0x78 [SET_CGRAM 0x38]
t_wall=1785583155.005 t=1881788310 W DAT 0x07 (CGRAM ref #7)
t_wall=1785583155.009 t=1881788348 W DAT 0x03 (CGRAM ref #3)
t_wall=1785583155.012 t=1881788387 W DAT 0x0D
t_wall=1785583155.015 t=1881792232 W DAT 0x1E
t_wall=1785583155.019 t=1881796080 W DAT 0x1D
t_wall=1785583155.022 t=1881799914 W DAT 0x1F
t_wall=1785583155.026 t=1881803780 W DAT 0x1F
t_wall=1785583155.030 t=1881807598 W DAT 0x1F
t_wall=1785583155.036 t=1881819766 W CMD 0x0C [DISP_CTRL disp=1 cur=0 blink=0]
t_wall=1785583155.083 t=1881871276 W CMD 0x60 [SET_CGRAM 0x20]
t_wall=1785583155.086 t=1881871334 W DAT 0x09
t_wall=1785583155.090 t=1881871387 W DAT 0x1B
t_wall=1785583155.095 t=1881871440 W DAT 0x02 (CGRAM ref #2)
t_wall=1785583155.098 t=1881871500 W DAT 0x0B
t_wall=1785583155.101 t=1881871552 W DAT 0x12
t_wall=1785583155.103 t=1881871591 W DAT 0x09
t_wall=1785583155.105 t=1881871644 W DAT 0x09
t_wall=1785583155.108 t=1881871697 W DAT 0x00 (CGRAM ref #0)
t_wall=1785583155.113 t=1881873235 W CMD 0x0C [DISP_CTRL disp=1 cur=0 blink=0]
t_wall=1785583155.117 t=1881876685 W CMD 0x78 [SET_CGRAM 0x38]
t_wall=1785583155.121 t=1881876773 W DAT 0x07 (CGRAM ref #7)
t_wall=1785583155.124 t=1881876812 W DAT 0x03 (CGRAM ref #3)
t_wall=1785583155.127 t=1881876850 W DAT 0x0F
t_wall=1785583155.130 t=1881880667 W DAT 0x1E
t_wall=1785583155.133 t=1881884485 W DAT 0x1F
t_wall=1785583155.136 t=1881888360 W DAT 0x1F
t_wall=1785583155.139 t=1881892193 W DAT 0x1F
t_wall=1785583155.141 t=1881896011 W DAT 0x1F
t_wall=1785583155.147 t=1881902162 W CMD 0x0C [DISP_CTRL disp=1 cur=0 blink=0]
t_wall=1785583155.166 t=1881952496 W CMD 0x78 [SET_CGRAM 0x38]
t_wall=1785583155.174 t=1881952554 W DAT 0x05 (CGRAM ref #5)
t_wall=1785583155.179 t=1881952592 W DAT 0x03 (CGRAM ref #3)
t_wall=1785583155.183 t=1881952630 W DAT 0x0F
t_wall=1785583155.186 t=1881956463 W DAT 0x1E
t_wall=1785583155.189 t=1881960281 W DAT 0x1F
t_wall=1785583155.192 t=1881964125 W DAT 0x1D
t_wall=1785583155.195 t=1881967996 W DAT 0x1D
t_wall=1785583155.199 t=1881971856 W DAT 0x1F
t_wall=1785583155.203 t=1881974279 W CMD 0x40 [SET_CGRAM 0x00]
t_wall=1785583155.207 t=1881974338 W DAT 0x00 (CGRAM ref #0)
t_wall=1785583155.210 t=1881974391 W DAT 0x19
t_wall=1785583155.213 t=1881974444 W DAT 0x19
t_wall=1785583155.216 t=1881974497 W DAT 0x19
t_wall=1785583155.219 t=1881974564 W DAT 0x19
t_wall=1785583155.222 t=1881974617 W DAT 0x1B
t_wall=1785583155.225 t=1881974670 W DAT 0x00 (CGRAM ref #0)
t_wall=1785583155.230 t=1881974723 W DAT 0x05 (CGRAM ref #5)
t_wall=1785583155.234 t=1881974903 W CMD 0x0C [DISP_CTRL disp=1 cur=0 blink=0]
t_wall=1785583155.241 t=1882029675 W CMD 0x78 [SET_CGRAM 0x38]
t_wall=1785583155.244 t=1882029763 W DAT 0x07 (CGRAM ref #7)
t_wall=1785583155.249 t=1882029801 W DAT 0x03 (CGRAM ref #3)
t_wall=1785583155.252 t=1882029839 W DAT 0x0F
t_wall=1785583155.255 t=1882033708 W DAT 0x1C
t_wall=1785583155.260 t=1882037571 W DAT 0x1F
t_wall=1785583155.264 t=1882041387 W DAT 0x1F
t_wall=1785583155.267 t=1882045205 W DAT 0x1F
t_wall=1785583155.270 t=1882049082 W DAT 0x1F
t_wall=1785583155.277 t=1882058687 W CMD 0x0C [DISP_CTRL disp=1 cur=0 blink=0]
t_wall=1785583155.326 t=1882112689 W CMD 0x60 [SET_CGRAM 0x20]
t_wall=1785583155.328 t=1882112732 W DAT 0x0B
t_wall=1785583155.331 t=1882112786 W DAT 0x1B
t_wall=1785583155.336 t=1882112838 W DAT 0x00 (CGRAM ref #0)
t_wall=1785583155.338 t=1882112891 W DAT 0x0B
t_wall=1785583155.341 t=1882112944 W DAT 0x12
t_wall=1785583155.344 t=1882112982 W DAT 0x09
t_wall=1785583155.348 t=1882113034 W DAT 0x0B
t_wall=1785583155.353 t=1882113087 W DAT 0x00 (CGRAM ref #0)
t_wall=1785583155.360 t=1882114576 W CMD 0x0C [DISP_CTRL disp=1 cur=0 blink=0]
t_wall=1785583155.364 t=1882118007 W CMD 0x78 [SET_CGRAM 0x38]
t_wall=1785583155.368 t=1882118065 W DAT 0x07 (CGRAM ref #7)
t_wall=1785583155.371 t=1882118104 W DAT 0x01 (CGRAM ref #1)
t_wall=1785583155.374 t=1882121950 W DAT 0x0F
t_wall=1785583155.377 t=1882125799 W DAT 0x1E
t_wall=1785583155.380 t=1882129631 W DAT 0x1F
t_wall=1785583155.383 t=1882133476 W DAT 0x1F
t_wall=1785583155.386 t=1882137295 W DAT 0x1F
t_wall=1785583155.387 t=1882141069 W DAT 0x1F
t_wall=1785583155.391 t=1882148578 W CMD 0x0C [DISP_CTRL disp=1 cur=0 blink=0]
t_wall=1785583155.409 t=1882197643 W CMD 0x78 [SET_CGRAM 0x38]
t_wall=1785583155.412 t=1882197701 W DAT 0x07 (CGRAM ref #7)
t_wall=1785583155.416 t=1882197739 W DAT 0x03 (CGRAM ref #3)
t_wall=1785583155.419 t=1882197777 W DAT 0x0D
t_wall=1785583155.422 t=1882201618 W DAT 0x1E
t_wall=1785583155.425 t=1882205494 W DAT 0x1D
t_wall=1785583155.428 t=1882209327 W DAT 0x1F
t_wall=1785583155.431 t=1882213146 W DAT 0x1F
t_wall=1785583155.434 t=1882216990 W DAT 0x1F
t_wall=1785583155.440 t=1882225271 W CMD 0x0C [DISP_CTRL disp=1 cur=0 blink=0]
t_wall=1785583155.489 t=1882280538 W CMD 0x60 [SET_CGRAM 0x20]
t_wall=1785583155.491 t=1882280596 W DAT 0x0B
t_wall=1785583155.492 t=1882280649 W DAT 0x1B
t_wall=1785583155.494 t=1882280702 W DAT 0x00 (CGRAM ref #0)
t_wall=1785583155.495 t=1882280755 W DAT 0x0B
t_wall=1785583155.497 t=1882280822 W DAT 0x10
t_wall=1785583155.500 t=1882280875 W DAT 0x0B
t_wall=1785583155.502 t=1882280928 W DAT 0x0B
t_wall=1785583155.506 t=1882280981 W DAT 0x00 (CGRAM ref #0)
t_wall=1785583155.512 t=1882281161 W CMD 0x0C [DISP_CTRL disp=1 cur=0 blink=0]
t_wall=1785583155.518 t=1882285840 W CMD 0x78 [SET_CGRAM 0x38]
t_wall=1785583155.522 t=1882285898 W DAT 0x07 (CGRAM ref #7)
t_wall=1785583155.526 t=1882285936 W DAT 0x03 (CGRAM ref #3)
t_wall=1785583155.528 t=1882285975 W DAT 0x0F
t_wall=1785583155.531 t=1882289809 W DAT 0x1E
t_wall=1785583155.533 t=1882293655 W DAT 0x1F
t_wall=1785583155.534 t=1882297470 W DAT 0x1F
t_wall=1785583155.536 t=1882301347 W DAT 0x1F
t_wall=1785583155.537 t=1882305182 W DAT 0x1F
t_wall=1785583155.540 t=1882311333 W CMD 0x0C [DISP_CTRL disp=1 cur=0 blink=0]
t_wall=1785583155.571 t=1882362568 W CMD 0x78 [SET_CGRAM 0x38]
t_wall=1785583155.572 t=1882362627 W DAT 0x05 (CGRAM ref #5)
t_wall=1785583155.574 t=1882362665 W DAT 0x03 (CGRAM ref #3)
t_wall=1785583155.575 t=1882362703 W DAT 0x0F
t_wall=1785583155.575 t=1882366888 W DAT 0x1E
t_wall=1785583155.577 t=1882370664 W DAT 0x1F
t_wall=1785583155.581 t=1882374480 W DAT 0x1D
t_wall=1785583155.585 t=1882378326 W DAT 0x1D
t_wall=1785583155.589 t=1882382721 W DAT 0x1F
t_wall=1785583155.598 t=1882389716 W CMD 0x0C [DISP_CTRL disp=1 cur=0 blink=0]
t_wall=1785583155.647 t=1882440824 W CMD 0x78 [SET_CGRAM 0x38]
t_wall=1785583155.648 t=1882440882 W DAT 0x07 (CGRAM ref #7)
t_wall=1785583155.649 t=1882440920 W DAT 0x03 (CGRAM ref #3)
t_wall=1785583155.649 t=1882440959 W DAT 0x0F
t_wall=1785583155.651 t=1882444809 W DAT 0x1C
t_wall=1785583155.655 t=1882448641 W DAT 0x1F
t_wall=1785583155.659 t=1882452485 W DAT 0x1F
t_wall=1785583155.663 t=1882456303 W DAT 0x1F
t_wall=1785583155.666 t=1882460179 W DAT 0x1F
t_wall=1785583155.669 t=1882462588 W CMD 0x40 [SET_CGRAM 0x00]
t_wall=1785583155.670 t=1882462647 W DAT 0x00 (CGRAM ref #0)
t_wall=1785583155.670 t=1882462700 W DAT 0x19
t_wall=1785583155.670 t=1882462753 W DAT 0x19
t_wall=1785583155.671 t=1882462805 W DAT 0x19
t_wall=1785583155.671 t=1882462873 W DAT 0x19
t_wall=1785583155.671 t=1882462925 W DAT 0x19
t_wall=1785583155.672 t=1882462978 W DAT 0x00 (CGRAM ref #0)
t_wall=1785583155.673 t=1882463031 W DAT 0x05 (CGRAM ref #5)
t_wall=1785583155.673 t=1882463211 W CMD 0x0C [DISP_CTRL disp=1 cur=0 blink=0]
t_wall=1785583155.736 t=1882524393 W CMD 0x60 [SET_CGRAM 0x20]
t_wall=1785583155.738 t=1882524481 W DAT 0x09
t_wall=1785583155.740 t=1882524534 W DAT 0x1B
t_wall=1785583155.744 t=1882524587 W DAT 0x00 (CGRAM ref #0)
t_wall=1785583155.746 t=1882524639 W DAT 0x09
t_wall=1785583155.748 t=1882524692 W DAT 0x12
t_wall=1785583155.751 t=1882524730 W DAT 0x09
t_wall=1785583155.754 t=1882524783 W DAT 0x09
t_wall=1785583155.757 t=1882524836 W DAT 0x00 (CGRAM ref #0)
t_wall=1785583155.762 t=1882526329 W CMD 0x0C [DISP_CTRL disp=1 cur=0 blink=0]
t_wall=1785583155.766 t=1882528866 W CMD 0x78 [SET_CGRAM 0x38]
t_wall=1785583155.769 t=1882528925 W DAT 0x07 (CGRAM ref #7)
t_wall=1785583155.772 t=1882528963 W DAT 0x01 (CGRAM ref #1)
t_wall=1785583155.774 t=1882532780 W DAT 0x0F
t_wall=1785583155.776 t=1882536625 W DAT 0x1E
t_wall=1785583155.777 t=1882540473 W DAT 0x1F
t_wall=1785583155.779 t=1882544308 W DAT 0x1F
t_wall=1785583155.780 t=1882548151 W DAT 0x1F
t_wall=1785583155.782 t=1882551968 W DAT 0x1F
t_wall=1785583155.785 t=1882560285 W CMD 0x0C [DISP_CTRL disp=1 cur=0 blink=0]
t_wall=1785583155.816 t=1882609278 W CMD 0x78 [SET_CGRAM 0x38]
t_wall=1785583155.817 t=1882609337 W DAT 0x07 (CGRAM ref #7)
t_wall=1785583155.818 t=1882609375 W DAT 0x03 (CGRAM ref #3)
t_wall=1785583155.818 t=1882609413 W DAT 0x0D
t_wall=1785583155.820 t=1882613230 W DAT 0x1E
t_wall=1785583155.823 t=1882617078 W DAT 0x1D
t_wall=1785583155.827 t=1882620940 W DAT 0x1F
t_wall=1785583155.831 t=1882624779 W DAT 0x1F
t_wall=1785583155.835 t=1882628598 W DAT 0x1F
t_wall=1785583155.849 t=1882642065 W CMD 0x0C [DISP_CTRL disp=1 cur=0 blink=0]
t_wall=1785583155.899 t=1882692244 W CMD 0x60 [SET_CGRAM 0x20]
t_wall=1785583155.899 t=1882692302 W DAT 0x09
t_wall=1785583155.900 t=1882692355 W DAT 0x19
t_wall=1785583155.900 t=1882692407 W DAT 0x00 (CGRAM ref #0)
t_wall=1785583155.900 t=1882692482 W DAT 0x09
t_wall=1785583155.901 t=1882692535 W DAT 0x10
t_wall=1785583155.901 t=1882692588 W DAT 0x09
t_wall=1785583155.902 t=1882692640 W DAT 0x09
t_wall=1785583155.902 t=1882692693 W DAT 0x00 (CGRAM ref #0)
t_wall=1785583155.903 t=1882692873 W CMD 0x0C [DISP_CTRL disp=1 cur=0 blink=0]
t_wall=1785583155.904 t=1882697568 W CMD 0x78 [SET_CGRAM 0x38]
t_wall=1785583155.904 t=1882697655 W DAT 0x07 (CGRAM ref #7)
t_wall=1785583155.905 t=1882697693 W DAT 0x03 (CGRAM ref #3)
t_wall=1785583155.905 t=1882697731 W DAT 0x0F
t_wall=1785583155.908 t=1882701565 W DAT 0x1E
t_wall=1785583155.911 t=1882705411 W DAT 0x1F
t_wall=1785583155.915 t=1882709245 W DAT 0x1F
t_wall=1785583155.919 t=1882713094 W DAT 0x1F
t_wall=1785583155.923 t=1882716958 W DAT 0x1F
t_wall=1785583155.928 t=1882721858 W CMD 0x0C [DISP_CTRL disp=1 cur=0 blink=0]
t_wall=1785583155.980 t=1882773291 W CMD 0x78 [SET_CGRAM 0x38]
t_wall=1785583155.980 t=1882773350 W DAT 0x05 (CGRAM ref #5)
t_wall=1785583155.981 t=1882773388 W DAT 0x03 (CGRAM ref #3)
t_wall=1785583155.981 t=1882773426 W DAT 0x0F
t_wall=1785583155.983 t=1882777273 W DAT 0x1E
t_wall=1785583155.987 t=1882781135 W DAT 0x1F
t_wall=1785583155.991 t=1882784950 W DAT 0x1D
t_wall=1785583155.995 t=1882788767 W DAT 0x1D
t_wall=1785583155.999 t=1882792646 W DAT 0x1F
t_wall=1785583156.004 t=1882797626 W CMD 0x0C [DISP_CTRL disp=1 cur=0 blink=0]
t_wall=1785583156.066 t=1882859879 W CMD 0x78 [SET_CGRAM 0x38]
t_wall=1785583156.067 t=1882859937 W DAT 0x07 (CGRAM ref #7)
t_wall=1785583156.067 t=1882859975 W DAT 0x03 (CGRAM ref #3)
t_wall=1785583156.067 t=1882860013 W DAT 0x0F
t_wall=1785583156.070 t=1882863857 W DAT 0x1C
t_wall=1785583156.074 t=1882867675 W DAT 0x1F
t_wall=1785583156.077 t=1882871524 W DAT 0x1F
t_wall=1785583156.081 t=1882875384 W DAT 0x1F
t_wall=1785583156.085 t=1882879201 W DAT 0x1F
t_wall=1785583156.098 t=1882891328 W CMD 0x0C [DISP_CTRL disp=1 cur=0 blink=0]
t_wall=1785583156.357 # ALIVE us=1883150634 ring_depth=0 drops=0
t_wall=1785583157.672 t=1884465047 W CMD 0x78 [SET_CGRAM 0x38]
t_wall=1785583157.672 t=1884465105 W DAT 0x05 (CGRAM ref #5)
t_wall=1785583157.673 t=1884465144 W DAT 0x03 (CGRAM ref #3)
t_wall=1785583157.674 t=1884465182 W DAT 0x0D
t_wall=1785583157.675 t=1884469058 W DAT 0x1C
t_wall=1785583157.679 t=1884472893 W DAT 0x1F
t_wall=1785583157.683 t=1884476708 W DAT 0x1D
t_wall=1785583157.686 t=1884480512 W DAT 0x1D
t_wall=1785583157.690 t=1884484331 W DAT 0x1F
t_wall=1785583157.697 t=1884490645 W CMD 0x0C [DISP_CTRL disp=1 cur=0 blink=0]
t_wall=1785583158.079 t=1884872767 W CMD 0x78 [SET_CGRAM 0x38]
t_wall=1785583158.080 t=1884872826 W DAT 0x07 (CGRAM ref #7)
t_wall=1785583158.080 t=1884872864 W DAT 0x01 (CGRAM ref #1)
t_wall=1785583158.083 t=1884876679 W DAT 0x0F
t_wall=1785583158.086 t=1884880556 W DAT 0x1E
t_wall=1785583158.090 t=1884884390 W DAT 0x1F
t_wall=1785583158.094 t=1884888164 W DAT 0x1D
t_wall=1785583158.098 t=1884892009 W DAT 0x1F
t_wall=1785583158.102 t=1884895828 W DAT 0x1F
t_wall=1785583158.109 t=1884902946 W CMD 0x0C [DISP_CTRL disp=1 cur=0 blink=0]
t_wall=1785583158.159 t=1884953115 W CMD 0x78 [SET_CGRAM 0x38]
t_wall=1785583158.160 t=1884953173 W DAT 0x07 (CGRAM ref #7)
t_wall=1785583158.160 t=1884953212 W DAT 0x03 (CGRAM ref #3)
t_wall=1785583158.160 t=1884953250 W DAT 0x0F
t_wall=1785583158.164 t=1884957096 W DAT 0x1E
t_wall=1785583158.167 t=1884960946 W DAT 0x1F
t_wall=1785583158.171 t=1884964778 W DAT 0x1D
t_wall=1785583158.175 t=1884968646 W DAT 0x1F
t_wall=1785583158.179 t=1884972480 W DAT 0x1F
t_wall=1785583158.185 t=1884978248 W CMD 0x0C [DISP_CTRL disp=1 cur=0 blink=0]
t_wall=1785583158.236 t=1885029701 W CMD 0x78 [SET_CGRAM 0x38]
t_wall=1785583158.236 t=1885029759 W DAT 0x07 (CGRAM ref #7)
t_wall=1785583158.237 t=1885029797 W DAT 0x03 (CGRAM ref #3)
t_wall=1785583158.237 t=1885029835 W DAT 0x0D
t_wall=1785583158.240 t=1885033653 W DAT 0x1E
t_wall=1785583158.243 t=1885037468 W DAT 0x1F
t_wall=1785583158.247 t=1885041345 W DAT 0x1D
t_wall=1785583158.251 t=1885045179 W DAT 0x1F
t_wall=1785583158.255 t=1885048995 W DAT 0x1F
t_wall=1785583158.262 t=1885055323 W CMD 0x0C [DISP_CTRL disp=1 cur=0 blink=0]
t_wall=1785583158.263 t=1885056608 W CMD 0x60 [SET_CGRAM 0x20]
t_wall=1785583158.263 t=1885056666 W DAT 0x09
t_wall=1785583158.263 t=1885056719 W DAT 0x1B
t_wall=1785583158.264 t=1885056772 W DAT 0x00 (CGRAM ref #0)
t_wall=1785583158.264 t=1885056825 W DAT 0x09
t_wall=1785583158.264 t=1885056900 W DAT 0x12
t_wall=1785583158.264 t=1885056938 W DAT 0x09
t_wall=1785583158.265 t=1885056991 W DAT 0x09
t_wall=1785583158.265 t=1885057044 W DAT 0x00 (CGRAM ref #0)
t_wall=1785583158.266 t=1885057224 W CMD 0x0C [DISP_CTRL disp=1 cur=0 blink=0]
t_wall=1785583158.323 t=1885116966 W CMD 0x78 [SET_CGRAM 0x38]
t_wall=1785583158.323 t=1885117054 W DAT 0x07 (CGRAM ref #7)
t_wall=1785583158.324 t=1885117093 W DAT 0x03 (CGRAM ref #3)
t_wall=1785583158.324 t=1885117131 W DAT 0x0F
t_wall=1785583158.327 t=1885120978 W DAT 0x1C
t_wall=1785583158.331 t=1885124841 W DAT 0x1F
t_wall=1785583158.335 t=1885128656 W DAT 0x1D
t_wall=1785583158.338 t=1885132497 W DAT 0x1D
t_wall=1785583158.342 t=1885136372 W DAT 0x1F
t_wall=1785583158.350 t=1885143417 W CMD 0x0C [DISP_CTRL disp=1 cur=0 blink=0]
t_wall=1785583158.357 # ALIVE us=1885150681 ring_depth=0 drops=0
t_wall=1785583158.400 t=1885193711 W CMD 0x78 [SET_CGRAM 0x38]
t_wall=1785583158.400 t=1885193769 W DAT 0x05 (CGRAM ref #5)
t_wall=1785583158.401 t=1885193807 W DAT 0x03 (CGRAM ref #3)
t_wall=1785583158.401 t=1885193846 W DAT 0x0D
t_wall=1785583158.404 t=1885197696 W DAT 0x1C
t_wall=1785583158.408 t=1885201556 W DAT 0x1F
t_wall=1785583158.411 t=1885205372 W DAT 0x1D
t_wall=1785583158.415 t=1885209190 W DAT 0x1D
t_wall=1785583158.419 t=1885213065 W DAT 0x1F
t_wall=1785583158.427 t=1885220559 W CMD 0x60 [SET_CGRAM 0x20]
t_wall=1785583158.427 t=1885220618 W DAT 0x0B
t_wall=1785583158.428 t=1885220671 W DAT 0x1B
t_wall=1785583158.428 t=1885220724 W DAT 0x00 (CGRAM ref #0)
t_wall=1785583158.429 t=1885220804 W DAT 0x0B
t_wall=1785583158.429 t=1885220857 W DAT 0x10
t_wall=1785583158.429 t=1885220910 W DAT 0x0B
t_wall=1785583158.429 t=1885220962 W DAT 0x0B
t_wall=1785583158.430 t=1885221015 W DAT 0x00 (CGRAM ref #0)
t_wall=1785583158.430 t=1885222486 W CMD 0x0C [DISP_CTRL disp=1 cur=0 blink=0]
t_wall=1785583158.487 t=1885281091 W CMD 0x78 [SET_CGRAM 0x38]
t_wall=1785583158.487 t=1885281179 W DAT 0x07 (CGRAM ref #7)
t_wall=1785583158.488 t=1885281217 W DAT 0x01 (CGRAM ref #1)
t_wall=1785583158.488 t=1885281256 W DAT 0x0F
t_wall=1785583158.492 t=1885285100 W DAT 0x1E
t_wall=1785583158.498 t=1885288919 W DAT 0x1F
t_wall=1785583158.501 t=1885292765 W DAT 0x1D
t_wall=1785583158.505 t=1885296627 W DAT 0x1F
t_wall=1785583158.509 t=1885300445 W DAT 0x1F
t_wall=1785583158.512 t=1885302811 W CMD 0x40 [SET_CGRAM 0x00]
t_wall=1785583158.516 t=1885302869 W DAT 0x00 (CGRAM ref #0)
t_wall=1785583158.517 t=1885302922 W DAT 0x19
t_wall=1785583158.519 t=1885302975 W DAT 0x19
t_wall=1785583158.520 t=1885303027 W DAT 0x19
t_wall=1785583158.521 t=1885303080 W DAT 0x19
t_wall=1785583158.523 t=1885303133 W DAT 0x1B
t_wall=1785583158.525 t=1885303208 W DAT 0x00 (CGRAM ref #0)
t_wall=1785583158.527 t=1885303261 W DAT 0x05 (CGRAM ref #5)
t_wall=1785583158.530 t=1885303441 W CMD 0x0C [DISP_CTRL disp=1 cur=0 blink=0]
t_wall=1785583158.576 t=1885369114 W CMD 0x78 [SET_CGRAM 0x38]
t_wall=1785583158.576 t=1885369173 W DAT 0x07 (CGRAM ref #7)
t_wall=1785583158.577 t=1885369211 W DAT 0x03 (CGRAM ref #3)
t_wall=1785583158.577 t=1885369249 W DAT 0x0F
t_wall=1785583158.579 t=1885373098 W DAT 0x1E
t_wall=1785583158.583 t=1885376932 W DAT 0x1F
t_wall=1785583158.587 t=1885380776 W DAT 0x1D
t_wall=1785583158.591 t=1885384592 W DAT 0x1F
t_wall=1785583158.594 t=1885388442 W DAT 0x1F
t_wall=1785583158.605 t=1885398413 W CMD 0x0C [DISP_CTRL disp=1 cur=0 blink=0]
t_wall=1785583158.652 t=1885444990 W CMD 0x78 [SET_CGRAM 0x38]
t_wall=1785583158.653 t=1885445049 W DAT 0x07 (CGRAM ref #7)
t_wall=1785583158.655 t=1885445087 W DAT 0x03 (CGRAM ref #3)
t_wall=1785583158.655 t=1885445125 W DAT 0x0D
t_wall=1785583158.656 t=1885448942 W DAT 0x1E
t_wall=1785583158.659 t=1885452792 W DAT 0x1F
t_wall=1785583158.663 t=1885456652 W DAT 0x1D
t_wall=1785583158.667 t=1885460470 W DAT 0x1F
t_wall=1785583158.671 t=1885464289 W DAT 0x1F
t_wall=1785583158.679 t=1885470626 W CMD 0x0C [DISP_CTRL disp=1 cur=0 blink=0]
t_wall=1785583158.680 t=1885472667 W CMD 0x60 [SET_CGRAM 0x20]
t_wall=1785583158.681 t=1885472726 W DAT 0x0B
t_wall=1785583158.682 t=1885472778 W DAT 0x1B
t_wall=1785583158.683 t=1885472831 W DAT 0x00 (CGRAM ref #0)
t_wall=1785583158.683 t=1885472884 W DAT 0x0B
t_wall=1785583158.684 t=1885472951 W DAT 0x12
t_wall=1785583158.684 t=1885472989 W DAT 0x09
t_wall=1785583158.685 t=1885473042 W DAT 0x0B
t_wall=1785583158.686 t=1885473095 W DAT 0x00 (CGRAM ref #0)
t_wall=1785583158.687 t=1885474571 W CMD 0x0C [DISP_CTRL disp=1 cur=0 blink=0]
t_wall=1785583158.739 t=1885533166 W CMD 0x78 [SET_CGRAM 0x38]
t_wall=1785583158.740 t=1885533225 W DAT 0x07 (CGRAM ref #7)
t_wall=1785583158.740 t=1885533263 W DAT 0x03 (CGRAM ref #3)
t_wall=1785583158.741 t=1885533301 W DAT 0x0F
t_wall=1785583158.743 t=1885537158 W DAT 0x1C
t_wall=1785583158.747 t=1885541002 W DAT 0x1F
t_wall=1785583158.751 t=1885544819 W DAT 0x1D
t_wall=1785583158.755 t=1885548668 W DAT 0x1D
t_wall=1785583158.758 t=1885552529 W DAT 0x1F
t_wall=1785583158.765 t=1885558715 W CMD 0x0C [DISP_CTRL disp=1 cur=0 blink=0]
t_wall=1785583158.812 t=1885605358 W CMD 0x60 [SET_CGRAM 0x20]
t_wall=1785583158.812 t=1885605416 W DAT 0x09
t_wall=1785583158.813 t=1885605469 W DAT 0x1B
t_wall=1785583158.813 t=1885605522 W DAT 0x02 (CGRAM ref #2)
t_wall=1785583158.814 t=1885605560 W DAT 0x0B
t_wall=1785583158.814 t=1885605642 W DAT 0x12
t_wall=1785583158.814 t=1885605680 W DAT 0x09
t_wall=1785583158.815 t=1885605733 W DAT 0x09
t_wall=1785583158.816 t=1885605786 W DAT 0x00 (CGRAM ref #0)
t_wall=1785583158.816 t=1885607223 W CMD 0x0C [DISP_CTRL disp=1 cur=0 blink=0]
t_wall=1785583158.817 t=1885609773 W CMD 0x78 [SET_CGRAM 0x38]
t_wall=1785583158.817 t=1885609832 W DAT 0x05 (CGRAM ref #5)
t_wall=1785583158.818 t=1885609870 W DAT 0x03 (CGRAM ref #3)
t_wall=1785583158.818 t=1885609908 W DAT 0x0D
t_wall=1785583158.820 t=1885613771 W DAT 0x1C
t_wall=1785583158.823 t=1885617586 W DAT 0x1F
t_wall=1785583158.827 t=1885621404 W DAT 0x1D
t_wall=1785583158.831 t=1885625283 W DAT 0x1D
t_wall=1785583158.835 t=1885629113 W DAT 0x1F
t_wall=1785583158.841 t=1885634849 W CMD 0x0C [DISP_CTRL disp=1 cur=0 blink=0]
t_wall=1785583158.892 t=1885686333 W CMD 0x78 [SET_CGRAM 0x38]
t_wall=1785583158.893 t=1885686392 W DAT 0x07 (CGRAM ref #7)
t_wall=1785583158.893 t=1885686430 W DAT 0x01 (CGRAM ref #1)
t_wall=1785583158.896 t=1885690307 W DAT 0x0F
t_wall=1785583158.900 t=1885694140 W DAT 0x1E
t_wall=1785583158.904 t=1885697985 W DAT 0x1F
t_wall=1785583158.908 t=1885701803 W DAT 0x1D
t_wall=1785583158.911 t=1885705650 W DAT 0x1F
t_wall=1785583158.915 t=1885709512 W DAT 0x1F
t_wall=1785583158.921 t=1885714444 W CMD 0x0C [DISP_CTRL disp=1 cur=0 blink=0]
t_wall=1785583158.983 t=1885776740 W CMD 0x78 [SET_CGRAM 0x38]
t_wall=1785583158.983 t=1885776799 W DAT 0x07 (CGRAM ref #7)
t_wall=1785583158.984 t=1885776837 W DAT 0x03 (CGRAM ref #3)
t_wall=1785583158.984 t=1885776875 W DAT 0x0F
t_wall=1785583158.987 t=1885780694 W DAT 0x1E
t_wall=1785583158.990 t=1885784569 W DAT 0x1F
t_wall=1785583158.994 t=1885788403 W DAT 0x1D
t_wall=1785583158.998 t=1885792221 W DAT 0x1F
t_wall=1785583159.002 t=1885796065 W DAT 0x1F
t_wall=1785583159.005 t=1885798466 W CMD 0x40 [SET_CGRAM 0x00]
t_wall=1785583159.005 t=1885798525 W DAT 0x00 (CGRAM ref #0)
t_wall=1785583159.006 t=1885798578 W DAT 0x19
t_wall=1785583159.006 t=1885798631 W DAT 0x19
t_wall=1785583159.006 t=1885798757 W DAT 0x19
t_wall=1785583159.007 t=1885798809 W DAT 0x1B
t_wall=1785583159.007 t=1885798862 W DAT 0x1B
t_wall=1785583159.007 t=1885798915 W DAT 0x00 (CGRAM ref #0)
t_wall=1785583159.008 t=1885798967 W DAT 0x05 (CGRAM ref #5)
t_wall=1785583159.009 t=1885799148 W CMD 0x0C [DISP_CTRL disp=1 cur=0 blink=0]
t_wall=1785583159.066 t=1885860153 W CMD 0x60 [SET_CGRAM 0x20]
t_wall=1785583159.067 t=1885860211 W DAT 0x0B
t_wall=1785583159.067 t=1885860264 W DAT 0x19
t_wall=1785583159.067 t=1885860317 W DAT 0x02 (CGRAM ref #2)
t_wall=1785583159.068 t=1885860355 W DAT 0x0B
t_wall=1785583159.068 t=1885860422 W DAT 0x12
t_wall=1785583159.068 t=1885860460 W DAT 0x09
t_wall=1785583159.068 t=1885860513 W DAT 0x0B
t_wall=1785583159.069 t=1885860566 W DAT 0x00 (CGRAM ref #0)
t_wall=1785583159.069 t=1885862128 W CMD 0x0C [DISP_CTRL disp=1 cur=0 blink=0]
t_wall=1785583159.072 t=1885865467 W CMD 0x78 [SET_CGRAM 0x38]
t_wall=1785583159.072 t=1885865548 W DAT 0x07 (CGRAM ref #7)
t_wall=1785583159.072 t=1885865587 W DAT 0x03 (CGRAM ref #3)
t_wall=1785583159.073 t=1885865640 W DAT 0x0D
t_wall=1785583159.075 t=1885869503 W DAT 0x1E
t_wall=1785583159.079 t=1885873319 W DAT 0x1F
t_wall=1785583159.083 t=1885877136 W DAT 0x1D
t_wall=1785583159.087 t=1885881014 W DAT 0x1F
t_wall=1785583159.091 t=1885884845 W DAT 0x1F
t_wall=1785583159.099 t=1885892308 W CMD 0x0C [DISP_CTRL disp=1 cur=0 blink=0]
t_wall=1785583159.148 t=1885941388 W CMD 0x78 [SET_CGRAM 0x38]
t_wall=1785583159.148 t=1885941468 W DAT 0x07 (CGRAM ref #7)
t_wall=1785583159.149 t=1885941507 W DAT 0x03 (CGRAM ref #3)
t_wall=1785583159.149 t=1885941545 W DAT 0x0F
t_wall=1785583159.151 t=1885945407 W DAT 0x1C
t_wall=1785583159.155 t=1885949223 W DAT 0x1F
t_wall=1785583159.159 t=1885953070 W DAT 0x1D
t_wall=1785583159.163 t=1885956846 W DAT 0x1D
t_wall=1785583159.167 t=1885960694 W DAT 0x1F
t_wall=1785583159.173 t=1885966489 W CMD 0x0C [DISP_CTRL disp=1 cur=0 blink=0]
t_wall=1785583159.230 t=1886024172 W CMD 0x60 [SET_CGRAM 0x20]
t_wall=1785583159.230 t=1886024231 W DAT 0x0B
t_wall=1785583159.231 t=1886024341 W DAT 0x19
t_wall=1785583159.231 t=1886024394 W DAT 0x02 (CGRAM ref #2)
t_wall=1785583159.231 t=1886024432 W DAT 0x0B
t_wall=1785583159.231 t=1886024499 W DAT 0x12
t_wall=1785583159.231 t=1886024537 W DAT 0x0B
t_wall=1785583159.232 t=1886024590 W DAT 0x0B
t_wall=1785583159.232 t=1886024643 W DAT 0x00 (CGRAM ref #0)
t_wall=1785583159.232 t=1886026137 W CMD 0x0C [DISP_CTRL disp=1 cur=0 blink=0]
t_wall=1785583159.236 t=1886029523 W CMD 0x78 [SET_CGRAM 0x38]
t_wall=1785583159.236 t=1886029582 W DAT 0x05 (CGRAM ref #5)
t_wall=1785583159.236 t=1886029620 W DAT 0x03 (CGRAM ref #3)
t_wall=1785583159.236 t=1886029658 W DAT 0x0D
t_wall=1785583159.239 t=1886033476 W DAT 0x1C
t_wall=1785583159.243 t=1886037325 W DAT 0x1F
t_wall=1785583159.247 t=1886041185 W DAT 0x1D
t_wall=1785583159.251 t=1886045002 W DAT 0x1D
t_wall=1785583159.255 t=1886048849 W DAT 0x1F
t_wall=1785583159.260 t=1886053782 W CMD 0x0C [DISP_CTRL disp=1 cur=0 blink=0]
t_wall=1785583159.311 t=1886105283 W CMD 0x78 [SET_CGRAM 0x38]
t_wall=1785583159.312 t=1886105341 W DAT 0x07 (CGRAM ref #7)
t_wall=1785583159.312 t=1886105379 W DAT 0x01 (CGRAM ref #1)
t_wall=1785583159.316 t=1886109194 W DAT 0x0F
t_wall=1785583159.322 t=1886113039 W DAT 0x1E
t_wall=1785583159.325 t=1886116888 W DAT 0x1F
t_wall=1785583159.329 t=1886120719 W DAT 0x1D
t_wall=1785583159.332 t=1886124566 W DAT 0x1F
t_wall=1785583159.336 t=1886128384 W DAT 0x1F
t_wall=1785583159.344 t=1886134635 W CMD 0x0C [DISP_CTRL disp=1 cur=0 blink=0]
t_wall=1785583159.402 t=1886195640 W CMD 0x78 [SET_CGRAM 0x38]
t_wall=1785583159.403 t=1886195727 W DAT 0x07 (CGRAM ref #7)
t_wall=1785583159.403 t=1886195765 W DAT 0x03 (CGRAM ref #3)
t_wall=1785583159.404 t=1886195804 W DAT 0x0F
t_wall=1785583159.406 t=1886199666 W DAT 0x1E
t_wall=1785583159.409 t=1886203481 W DAT 0x1F
t_wall=1785583159.413 t=1886207298 W DAT 0x1D
t_wall=1785583159.417 t=1886211177 W DAT 0x1F
t_wall=1785583159.421 t=1886215027 W DAT 0x1F
t_wall=1785583159.424 t=1886217405 W CMD 0x40 [SET_CGRAM 0x00]
t_wall=1785583159.424 t=1886217464 W DAT 0x00 (CGRAM ref #0)
t_wall=1785583159.425 t=1886217516 W DAT 0x19
t_wall=1785583159.425 t=1886217569 W DAT 0x19
t_wall=1785583159.425 t=1886217622 W DAT 0x1B
t_wall=1785583159.426 t=1886217689 W DAT 0x1B
t_wall=1785583159.426 t=1886217742 W DAT 0x1B
t_wall=1785583159.427 t=1886217795 W DAT 0x00 (CGRAM ref #0)
t_wall=1785583159.427 t=1886217848 W DAT 0x05 (CGRAM ref #5)
t_wall=1785583159.428 t=1886218028 W CMD 0x0C [DISP_CTRL disp=1 cur=0 blink=0]
t_wall=1785583159.479 t=1886272905 W CMD 0x78 [SET_CGRAM 0x38]
t_wall=1785583159.479 t=1886272992 W DAT 0x07 (CGRAM ref #7)
t_wall=1785583159.480 t=1886273030 W DAT 0x03 (CGRAM ref #3)
t_wall=1785583159.480 t=1886273068 W DAT 0x0D
t_wall=1785583159.483 t=1886276918 W DAT 0x1E
t_wall=1785583159.487 t=1886280750 W DAT 0x1F
t_wall=1785583159.491 t=1886284595 W DAT 0x1D
t_wall=1785583159.495 t=1886288413 W DAT 0x1F
t_wall=1785583159.499 t=1886292260 W DAT 0x1F
t_wall=1785583159.509 t=1886298466 W CMD 0x0C [DISP_CTRL disp=1 cur=0 blink=0]
t_wall=1785583159.512 t=1886299760 W CMD 0x60 [SET_CGRAM 0x20]
t_wall=1785583159.513 t=1886299819 W DAT 0x0B
t_wall=1785583159.514 t=1886299872 W DAT 0x1B
t_wall=1785583159.517 t=1886299925 W DAT 0x02 (CGRAM ref #2)
t_wall=1785583159.519 t=1886299963 W DAT 0x09
t_wall=1785583159.520 t=1886300031 W DAT 0x12
t_wall=1785583159.522 t=1886300069 W DAT 0x09
t_wall=1785583159.523 t=1886300122 W DAT 0x09
t_wall=1785583159.524 t=1886300174 W DAT 0x00 (CGRAM ref #0)
t_wall=1785583159.527 t=1886301728 W CMD 0x0C [DISP_CTRL disp=1 cur=0 blink=0]
t_wall=1785583159.567 t=1886360221 W CMD 0x78 [SET_CGRAM 0x38]
t_wall=1785583159.567 t=1886360309 W DAT 0x07 (CGRAM ref #7)
t_wall=1785583159.568 t=1886360347 W DAT 0x03 (CGRAM ref #3)
t_wall=1785583159.568 t=1886360385 W DAT 0x0F
t_wall=1785583159.570 t=1886364204 W DAT 0x1C
t_wall=1785583159.574 t=1886368047 W DAT 0x1F
t_wall=1785583159.578 t=1886371897 W DAT 0x1D
t_wall=1785583159.582 t=1886375731 W DAT 0x1D
t_wall=1785583159.585 t=1886379574 W DAT 0x1F
t_wall=1785583159.593 t=1886386645 W CMD 0x0C [DISP_CTRL disp=1 cur=0 blink=0]
t_wall=1785583159.651 t=1886443186 W CMD 0x60 [SET_CGRAM 0x20]
t_wall=1785583159.652 t=1886443244 W DAT 0x0B
t_wall=1785583159.654 t=1886443297 W DAT 0x1B
t_wall=1785583159.656 t=1886443349 W DAT 0x02 (CGRAM ref #2)
t_wall=1785583159.658 t=1886443387 W DAT 0x0B
t_wall=1785583159.659 t=1886443455 W DAT 0x12
t_wall=1785583159.660 t=1886443493 W DAT 0x0B
t_wall=1785583159.661 t=1886443547 W DAT 0x0B
t_wall=1785583159.662 t=1886443599 W DAT 0x00 (CGRAM ref #0)
t_wall=1785583159.664 t=1886445112 W CMD 0x0C [DISP_CTRL disp=1 cur=0 blink=0]
t_wall=1785583159.666 t=1886448551 W CMD 0x78 [SET_CGRAM 0x38]
t_wall=1785583159.667 t=1886448638 W DAT 0x05 (CGRAM ref #5)
t_wall=1785583159.668 t=1886448676 W DAT 0x03 (CGRAM ref #3)
t_wall=1785583159.669 t=1886448715 W DAT 0x0D
t_wall=1785583159.670 t=1886452597 W DAT 0x1C
t_wall=1785583159.671 t=1886456415 W DAT 0x1F
t_wall=1785583159.671 t=1886460234 W DAT 0x1D
t_wall=1785583159.672 t=1886464110 W DAT 0x1D
t_wall=1785583159.674 t=1886467943 W DAT 0x1F
t_wall=1785583159.684 t=1886477488 W CMD 0x0C [DISP_CTRL disp=1 cur=0 blink=0]
t_wall=1785583159.731 t=1886524461 W CMD 0x78 [SET_CGRAM 0x38]
t_wall=1785583159.731 t=1886524519 W DAT 0x07 (CGRAM ref #7)
t_wall=1785583159.732 t=1886524558 W DAT 0x01 (CGRAM ref #1)
t_wall=1785583159.734 t=1886528433 W DAT 0x0F
t_wall=1785583159.738 t=1886532291 W DAT 0x1E
t_wall=1785583159.742 t=1886536106 W DAT 0x1F
t_wall=1785583159.746 t=1886539951 W DAT 0x1D
t_wall=1785583159.750 t=1886543801 W DAT 0x1F
t_wall=1785583159.754 t=1886547662 W DAT 0x1F
t_wall=1785583159.760 t=1886553405 W CMD 0x0C [DISP_CTRL disp=1 cur=0 blink=0]
t_wall=1785583159.811 t=1886604928 W CMD 0x78 [SET_CGRAM 0x38]
t_wall=1785583159.812 t=1886604986 W DAT 0x07 (CGRAM ref #7)
t_wall=1785583159.812 t=1886605024 W DAT 0x03 (CGRAM ref #3)
t_wall=1785583159.812 t=1886605062 W DAT 0x0F
t_wall=1785583159.815 t=1886608912 W DAT 0x1E
t_wall=1785583159.819 t=1886612772 W DAT 0x1F
t_wall=1785583159.822 t=1886616590 W DAT 0x1D
t_wall=1785583159.826 t=1886620409 W DAT 0x1F
t_wall=1785583159.830 t=1886624284 W DAT 0x1F
t_wall=1785583159.836 t=1886630065 W CMD 0x0C [DISP_CTRL disp=1 cur=0 blink=0]
t_wall=1785583159.888 t=1886681579 W CMD 0x78 [SET_CGRAM 0x38]
t_wall=1785583159.888 t=1886681638 W DAT 0x07 (CGRAM ref #7)
t_wall=1785583159.889 t=1886681676 W DAT 0x03 (CGRAM ref #3)
t_wall=1785583159.889 t=1886681714 W DAT 0x0D
t_wall=1785583159.891 t=1886685592 W DAT 0x1E
t_wall=1785583159.895 t=1886689424 W DAT 0x1F
t_wall=1785583159.899 t=1886693198 W DAT 0x1D
t_wall=1785583159.903 t=1886697044 W DAT 0x1F
t_wall=1785583159.907 t=1886700882 W DAT 0x1F
t_wall=1785583159.909 t=1886703331 W CMD 0x40 [SET_CGRAM 0x00]
t_wall=1785583159.909 t=1886703389 W DAT 0x00 (CGRAM ref #0)
t_wall=1785583159.909 t=1886703442 W DAT 0x19
t_wall=1785583159.910 t=1886703495 W DAT 0x1B
t_wall=1785583159.910 t=1886703548 W DAT 0x1B
t_wall=1785583159.910 t=1886703615 W DAT 0x1B
t_wall=1785583159.910 t=1886703668 W DAT 0x1B
t_wall=1785583159.910 t=1886703721 W DAT 0x00 (CGRAM ref #0)
t_wall=1785583159.910 t=1886703773 W DAT 0x05 (CGRAM ref #5)
t_wall=1785583159.911 t=1886703953 W CMD 0x0C [DISP_CTRL disp=1 cur=0 blink=0]
t_wall=1785583159.915 t=1886709126 W CMD 0x60 [SET_CGRAM 0x20]
t_wall=1785583159.915 t=1886709184 W DAT 0x0B
t_wall=1785583159.916 t=1886709238 W DAT 0x1B
t_wall=1785583159.916 t=1886709290 W DAT 0x02 (CGRAM ref #2)
t_wall=1785583159.916 t=1886709328 W DAT 0x0B
t_wall=1785583159.917 t=1886709396 W DAT 0x12
t_wall=1785583159.917 t=1886709434 W DAT 0x09
t_wall=1785583159.917 t=1886709487 W DAT 0x0B
t_wall=1785583159.918 t=1886709540 W DAT 0x00 (CGRAM ref #0)
t_wall=1785583159.918 t=1886711746 W CMD 0x0C [DISP_CTRL disp=1 cur=0 blink=0]
t_wall=1785583159.979 t=1886772968 W CMD 0x78 [SET_CGRAM 0x38]
t_wall=1785583159.980 t=1886773056 W DAT 0x07 (CGRAM ref #7)
t_wall=1785583159.980 t=1886773094 W DAT 0x03 (CGRAM ref #3)
t_wall=1785583159.980 t=1886773132 W DAT 0x0F
t_wall=1785583159.983 t=1886776950 W DAT 0x1C
t_wall=1785583159.987 t=1886780828 W DAT 0x1F
t_wall=1785583159.990 t=1886784660 W DAT 0x1D
t_wall=1785583159.994 t=1886788476 W DAT 0x1D
t_wall=1785583159.998 t=1886792324 W DAT 0x1F
t_wall=1785583160.007 t=1886801026 W CMD 0x0C [DISP_CTRL disp=1 cur=0 blink=0]
t_wall=1785583160.055 t=1886848873 W CMD 0x78 [SET_CGRAM 0x38]
t_wall=1785583160.055 t=1886848931 W DAT 0x05 (CGRAM ref #5)
t_wall=1785583160.056 t=1886848969 W DAT 0x03 (CGRAM ref #3)
t_wall=1785583160.056 t=1886849008 W DAT 0x0D
t_wall=1785583160.059 t=1886852825 W DAT 0x1C
t_wall=1785583160.063 t=1886856671 W DAT 0x1F
t_wall=1785583160.066 t=1886860518 W DAT 0x1D
t_wall=1785583160.070 t=1886864351 W DAT 0x1D
t_wall=1785583160.074 t=1886868197 W DAT 0x1F
t_wall=1785583160.081 t=1886874412 W CMD 0x58 [SET_CGRAM 0x18]
t_wall=1785583160.081 t=1886874470 W DAT 0x0E
t_wall=1785583160.082 t=1886874523 W DAT 0x1F
t_wall=1785583160.084 t=1886878399 W DAT 0x0C
t_wall=1785583160.088 t=1886882232 W DAT 0x02 (CGRAM ref #2)
t_wall=1785583160.088 t=1886882270 W DAT 0x1D
t_wall=1785583160.092 t=1886886087 W DAT 0x0A
t_wall=1785583160.096 t=1886889932 W DAT 0x06 (CGRAM ref #6)
t_wall=1785583160.096 t=1886889970 W DAT 0x0A
t_wall=1785583160.098 t=1886892288 W CMD 0x60 [SET_CGRAM 0x20]
t_wall=1785583160.098 t=1886892346 W DAT 0x0B
t_wall=1785583160.098 t=1886892399 W DAT 0x1B
t_wall=1785583160.099 t=1886892452 W DAT 0x02 (CGRAM ref #2)
t_wall=1785583160.099 t=1886892490 W DAT 0x09
t_wall=1785583160.099 t=1886892557 W DAT 0x12
t_wall=1785583160.099 t=1886892595 W DAT 0x0B
t_wall=1785583160.099 t=1886892648 W DAT 0x0B
t_wall=1785583160.100 t=1886892701 W DAT 0x00 (CGRAM ref #0)
t_wall=1785583160.100 t=1886894172 W CMD 0x0C [DISP_CTRL disp=1 cur=0 blink=0]
t_wall=1785583160.148 t=1886941977 W CMD 0x78 [SET_CGRAM 0x38]
t_wall=1785583160.148 t=1886942035 W DAT 0x07 (CGRAM ref #7)
t_wall=1785583160.149 t=1886942073 W DAT 0x01 (CGRAM ref #1)
t_wall=1785583160.149 t=1886942126 W DAT 0x0F
t_wall=1785583160.152 t=1886945961 W DAT 0x1E
t_wall=1785583160.156 t=1886949775 W DAT 0x1F
t_wall=1785583160.159 t=1886953621 W DAT 0x1D
t_wall=1785583160.163 t=1886957492 W DAT 0x1F
t_wall=1785583160.167 t=1886961353 W DAT 0x1F
t_wall=1785583160.174 t=1886968363 W CMD 0x0C [DISP_CTRL disp=1 cur=0 blink=0]
t_wall=1785583160.225 t=1887018642 W CMD 0x78 [SET_CGRAM 0x38]
t_wall=1785583160.225 t=1887018700 W DAT 0x07 (CGRAM ref #7)
t_wall=1785583160.226 t=1887018738 W DAT 0x03 (CGRAM ref #3)
t_wall=1785583160.226 t=1887018776 W DAT 0x0F
t_wall=1785583160.228 t=1887022609 W DAT 0x1E
t_wall=1785583160.232 t=1887026454 W DAT 0x1F
t_wall=1785583160.236 t=1887030271 W DAT 0x1D
t_wall=1785583160.240 t=1887034118 W DAT 0x1F
t_wall=1785583160.244 t=1887037980 W DAT 0x1F
t_wall=1785583160.253 t=1887046772 W CMD 0x0C [DISP_CTRL disp=1 cur=0 blink=0]
t_wall=1785583160.308 t=1887101575 W CMD 0x60 [SET_CGRAM 0x20]
t_wall=1785583160.308 t=1887101619 W DAT 0x09
t_wall=1785583160.308 t=1887101672 W DAT 0x1B
t_wall=1785583160.308 t=1887101724 W DAT 0x00 (CGRAM ref #0)
t_wall=1785583160.308 t=1887101777 W DAT 0x09
t_wall=1785583160.309 t=1887101830 W DAT 0x12
t_wall=1785583160.309 t=1887101883 W DAT 0x09
t_wall=1785583160.309 t=1887101936 W DAT 0x09
t_wall=1785583160.310 t=1887101988 W DAT 0x00 (CGRAM ref #0)
t_wall=1785583160.310 t=1887103425 W CMD 0x0C [DISP_CTRL disp=1 cur=0 blink=0]
t_wall=1785583160.312 t=1887105973 W CMD 0x78 [SET_CGRAM 0x38]
t_wall=1785583160.312 t=1887106032 W DAT 0x07 (CGRAM ref #7)
t_wall=1785583160.312 t=1887106070 W DAT 0x03 (CGRAM ref #3)
t_wall=1785583160.313 t=1887106108 W DAT 0x0D
t_wall=1785583160.316 t=1887109955 W DAT 0x1E
t_wall=1785583160.320 t=1887113803 W DAT 0x1F
t_wall=1785583160.323 t=1887117636 W DAT 0x1D
t_wall=1785583160.327 t=1887121482 W DAT 0x1F
t_wall=1785583160.331 t=1887125297 W DAT 0x1F
t_wall=1785583160.339 t=1887132350 W CMD 0x0C [DISP_CTRL disp=1 cur=0 blink=0]
t_wall=1785583160.357 # ALIVE us=1887150728 ring_depth=0 drops=0
t_wall=1785583160.389 t=1887182622 W CMD 0x78 [SET_CGRAM 0x38]
t_wall=1785583160.390 t=1887182681 W DAT 0x07 (CGRAM ref #7)
t_wall=1785583160.390 t=1887182719 W DAT 0x03 (CGRAM ref #3)
t_wall=1785583160.391 t=1887182757 W DAT 0x0F
t_wall=1785583160.393 t=1887186603 W DAT 0x1C
t_wall=1785583160.396 t=1887190419 W DAT 0x1F
t_wall=1785583160.400 t=1887194267 W DAT 0x1D
t_wall=1785583160.404 t=1887198129 W DAT 0x1D
t_wall=1785583160.408 t=1887201945 W DAT 0x1F
t_wall=1785583160.411 t=1887204331 W CMD 0x40 [SET_CGRAM 0x00]
t_wall=1785583160.412 t=1887204375 W DAT 0x00 (CGRAM ref #0)
t_wall=1785583160.412 t=1887204428 W DAT 0x1B
t_wall=1785583160.413 t=1887204481 W DAT 0x1B
t_wall=1785583160.413 t=1887204534 W DAT 0x1B
t_wall=1785583160.414 t=1887204586 W DAT 0x1B
t_wall=1785583160.414 t=1887204639 W DAT 0x1B
t_wall=1785583160.414 t=1887204692 W DAT 0x00 (CGRAM ref #0)
t_wall=1785583160.415 t=1887204745 W DAT 0x05 (CGRAM ref #5)
t_wall=1785583160.416 t=1887204925 W CMD 0x0C [DISP_CTRL disp=1 cur=0 blink=0]
t_wall=1785583160.476 t=1887269830 W CMD 0x78 [SET_CGRAM 0x38]
t_wall=1785583160.476 t=1887269888 W DAT 0x05 (CGRAM ref #5)
t_wall=1785583160.476 t=1887269927 W DAT 0x03 (CGRAM ref #3)
t_wall=1785583160.477 t=1887269965 W DAT 0x0D
t_wall=1785583160.480 t=1887273813 W DAT 0x1C
t_wall=1785583160.483 t=1887277668 W DAT 0x1F
t_wall=1785583160.487 t=1887281514 W DAT 0x1D
t_wall=1785583160.491 t=1887285332 W DAT 0x1D
t_wall=1785583160.495 t=1887289180 W DAT 0x1F
t_wall=1785583160.503 t=1887296225 W CMD 0x0C [DISP_CTRL disp=1 cur=0 blink=0]
t_wall=1785583160.504 t=1887297542 W CMD 0x60 [SET_CGRAM 0x20]
t_wall=1785583160.504 t=1887297600 W DAT 0x0B
t_wall=1785583160.505 t=1887297653 W DAT 0x1B
t_wall=1785583160.505 t=1887297706 W DAT 0x00 (CGRAM ref #0)
t_wall=1785583160.506 t=1887297759 W DAT 0x0B
t_wall=1785583160.506 t=1887297812 W DAT 0x10
t_wall=1785583160.506 t=1887297865 W DAT 0x0B
t_wall=1785583160.507 t=1887297918 W DAT 0x0B
t_wall=1785583160.507 t=1887297970 W DAT 0x00 (CGRAM ref #0)
t_wall=1785583160.508 t=1887299453 W CMD 0x0C [DISP_CTRL disp=1 cur=0 blink=0]
t_wall=1785583160.554 t=1887347188 W CMD 0x78 [SET_CGRAM 0x38]
t_wall=1785583160.555 t=1887347276 W DAT 0x07 (CGRAM ref #7)
t_wall=1785583160.557 t=1887347314 W DAT 0x01 (CGRAM ref #1)
t_wall=1785583160.558 t=1887347389 W DAT 0x0F
t_wall=1785583160.558 t=1887351235 W DAT 0x1E
t_wall=1785583160.564 t=1887355096 W DAT 0x1F
t_wall=1785583160.571 t=1887358914 W DAT 0x1D
t_wall=1785583160.576 t=1887362730 W DAT 0x1F
t_wall=1785583160.582 t=1887366606 W DAT 0x1F
t_wall=1785583160.592 t=1887371561 W CMD 0x0C [DISP_CTRL disp=1 cur=0 blink=0]
t_wall=1785583160.645 t=1887433837 W CMD 0x78 [SET_CGRAM 0x38]
t_wall=1785583160.652 t=1887433895 W DAT 0x07 (CGRAM ref #7)
t_wall=1785583160.658 t=1887433934 W DAT 0x03 (CGRAM ref #3)
t_wall=1785583160.662 t=1887433972 W DAT 0x0F
t_wall=1785583160.665 t=1887437790 W DAT 0x1C
t_wall=1785583160.669 t=1887441634 W DAT 0x1F
t_wall=1785583160.674 t=1887445482 W DAT 0x1D
t_wall=1785583160.679 t=1887449316 W DAT 0x1D
t_wall=1785583160.684 t=1887453136 W DAT 0x1F
t_wall=1785583160.695 t=1887466585 W CMD 0x0C [DISP_CTRL disp=1 cur=0 blink=0]
t_wall=1785583162.357 # ALIVE us=1889150774 ring_depth=0 drops=0
t_wall=1785583162.433 t=1889226899 W CMD 0x78 [SET_CGRAM 0x38]
t_wall=1785583162.434 t=1889226958 W DAT 0x07 (CGRAM ref #7)
t_wall=1785583162.435 t=1889226996 W DAT 0x03 (CGRAM ref #3)
t_wall=1785583162.435 t=1889227035 W DAT 0x0F
t_wall=1785583162.437 t=1889230850 W DAT 0x1C
t_wall=1785583162.441 t=1889234729 W DAT 0x1F
t_wall=1785583162.444 t=1889238562 W DAT 0x19
t_wall=1785583162.448 t=1889242337 W DAT 0x1D
t_wall=1785583162.452 t=1889246184 W DAT 0x1F
t_wall=1785583162.457 t=1889251055 W CMD 0x0C [DISP_CTRL disp=1 cur=0 blink=0]
t_wall=1785583162.830 t=1889624529 W CMD 0x78 [SET_CGRAM 0x38]
t_wall=1785583162.831 t=1889624587 W DAT 0x03 (CGRAM ref #3)
t_wall=1785583162.831 t=1889624625 W DAT 0x07 (CGRAM ref #7)
t_wall=1785583162.832 t=1889624664 W DAT 0x0B
t_wall=1785583162.834 t=1889628509 W DAT 0x18
t_wall=1785583162.838 t=1889632358 W DAT 0x1F
t_wall=1785583162.842 t=1889636191 W DAT 0x19
t_wall=1785583162.846 t=1889640035 W DAT 0x19
t_wall=1785583162.850 t=1889643854 W DAT 0x1F
t_wall=1785583162.855 t=1889648815 W CMD 0x0C [DISP_CTRL disp=1 cur=0 blink=0]
t_wall=1785583162.903 t=1889696608 W CMD 0x60 [SET_CGRAM 0x20]
t_wall=1785583162.903 t=1889696667 W DAT 0x0A
t_wall=1785583162.904 t=1889696720 W DAT 0x1B
t_wall=1785583162.904 t=1889696772 W DAT 0x00 (CGRAM ref #0)
t_wall=1785583162.904 t=1889696825 W DAT 0x0A
t_wall=1785583162.905 t=1889696893 W DAT 0x11
t_wall=1785583162.905 t=1889696946 W DAT 0x0A
t_wall=1785583162.905 t=1889696998 W DAT 0x0A
t_wall=1785583162.905 t=1889697051 W DAT 0x00 (CGRAM ref #0)
t_wall=1785583162.905 t=1889697231 W CMD 0x0C [DISP_CTRL disp=1 cur=0 blink=0]
t_wall=1785583162.907 t=1889701061 W CMD 0x78 [SET_CGRAM 0x38]
t_wall=1785583162.907 t=1889701119 W DAT 0x07 (CGRAM ref #7)
t_wall=1785583162.907 t=1889701158 W DAT 0x07 (CGRAM ref #7)
t_wall=1785583162.907 t=1889701196 W DAT 0x0F
t_wall=1785583162.911 t=1889705012 W DAT 0x18
t_wall=1785583162.914 t=1889708831 W DAT 0x1F
t_wall=1785583162.918 t=1889712705 W DAT 0x19
t_wall=1785583162.922 t=1889716539 W DAT 0x19
t_wall=1785583162.926 t=1889720357 W DAT 0x1F
t_wall=1785583162.936 t=1889729974 W CMD 0x0C [DISP_CTRL disp=1 cur=0 blink=0]
t_wall=1785583162.994 t=1889787744 W CMD 0x78 [SET_CGRAM 0x38]
t_wall=1785583162.994 t=1889787817 W DAT 0x07 (CGRAM ref #7)
t_wall=1785583162.994 t=1889787855 W DAT 0x07 (CGRAM ref #7)
t_wall=1785583162.995 t=1889787894 W DAT 0x0B
t_wall=1785583162.997 t=1889791741 W DAT 0x1C
t_wall=1785583163.001 t=1889795575 W DAT 0x1F
t_wall=1785583163.005 t=1889799422 W DAT 0x19
t_wall=1785583163.009 t=1889803237 W DAT 0x1D
t_wall=1785583163.013 t=1889807113 W DAT 0x1F
t_wall=1785583163.016 t=1889810351 W CMD 0x40 [SET_CGRAM 0x00]
t_wall=1785583163.017 t=1889810424 W DAT 0x00 (CGRAM ref #0)
t_wall=1785583163.017 t=1889810477 W DAT 0x1A
t_wall=1785583163.017 t=1889810530 W DAT 0x1B
t_wall=1785583163.017 t=1889810583 W DAT 0x1B
t_wall=1785583163.018 t=1889810650 W DAT 0x1B
t_wall=1785583163.018 t=1889810703 W DAT 0x1B
t_wall=1785583163.018 t=1889810755 W DAT 0x00 (CGRAM ref #0)
t_wall=1785583163.019 t=1889810808 W DAT 0x05 (CGRAM ref #5)
t_wall=1785583163.019 t=1889810989 W CMD 0x0C [DISP_CTRL disp=1 cur=0 blink=0]
t_wall=1785583163.071 t=1889864974 W CMD 0x78 [SET_CGRAM 0x38]
t_wall=1785583163.071 t=1889865062 W DAT 0x07 (CGRAM ref #7)
t_wall=1785583163.072 t=1889865100 W DAT 0x07 (CGRAM ref #7)
t_wall=1785583163.072 t=1889865139 W DAT 0x0F
t_wall=1785583163.075 t=1889868985 W DAT 0x1C
t_wall=1785583163.079 t=1889872847 W DAT 0x1F
t_wall=1785583163.082 t=1889876665 W DAT 0x19
t_wall=1785583163.086 t=1889880481 W DAT 0x1D
t_wall=1785583163.090 t=1889884358 W DAT 0x1F
t_wall=1785583163.098 t=1889891871 W CMD 0x60 [SET_CGRAM 0x20]
t_wall=1785583163.098 t=1889891930 W DAT 0x0B
t_wall=1785583163.099 t=1889891983 W DAT 0x1B
t_wall=1785583163.099 t=1889892036 W DAT 0x01 (CGRAM ref #1)
t_wall=1785583163.099 t=1889892089 W DAT 0x0A
t_wall=1785583163.100 t=1889892156 W DAT 0x11
t_wall=1785583163.100 t=1889892209 W DAT 0x0B
t_wall=1785583163.100 t=1889892262 W DAT 0x0B
t_wall=1785583163.101 t=1889892315 W DAT 0x00 (CGRAM ref #0)
t_wall=1785583163.102 t=1889892519 W CMD 0x0C [DISP_CTRL disp=1 cur=0 blink=0]
t_wall=1785583163.159 t=1889952210 W CMD 0x78 [SET_CGRAM 0x38]
t_wall=1785583163.159 t=1889952297 W DAT 0x07 (CGRAM ref #7)
t_wall=1785583163.160 t=1889952335 W DAT 0x03 (CGRAM ref #3)
t_wall=1785583163.160 t=1889952373 W DAT 0x0F
t_wall=1785583163.162 t=1889956220 W DAT 0x1C
t_wall=1785583163.166 t=1889960035 W DAT 0x1F
t_wall=1785583163.169 t=1889963884 W DAT 0x19
t_wall=1785583163.173 t=1889967746 W DAT 0x1D
t_wall=1785583163.177 t=1889971561 W DAT 0x1F
t_wall=1785583163.184 t=1889977323 W CMD 0x0C [DISP_CTRL disp=1 cur=0 blink=0]
t_wall=1785583163.235 t=1890028847 W CMD 0x78 [SET_CGRAM 0x38]
t_wall=1785583163.235 t=1890028905 W DAT 0x03 (CGRAM ref #3)
t_wall=1785583163.235 t=1890028943 W DAT 0x07 (CGRAM ref #7)
t_wall=1785583163.235 t=1890028982 W DAT 0x0B
t_wall=1785583163.238 t=1890032844 W DAT 0x18
t_wall=1785583163.242 t=1890036659 W DAT 0x1F
t_wall=1785583163.246 t=1890040504 W DAT 0x19
t_wall=1785583163.250 t=1890044374 W DAT 0x19
t_wall=1785583163.254 t=1890048207 W DAT 0x1F
t_wall=1785583163.259 t=1890053149 W CMD 0x0C [DISP_CTRL disp=1 cur=0 blink=0]
t_wall=1785583163.317 t=1890110568 W CMD 0x58 [SET_CGRAM 0x18]
t_wall=1785583163.317 t=1890110626 W DAT 0x0E
t_wall=1785583163.318 t=1890110679 W DAT 0x1F
t_wall=1785583163.320 t=1890114523 W DAT 0x0C
t_wall=1785583163.324 t=1890118339 W DAT 0x02 (CGRAM ref #2)
t_wall=1785583163.325 t=1890118377 W DAT 0x1D
t_wall=1785583163.328 t=1890122227 W DAT 0x0A
t_wall=1785583163.332 t=1890126088 W DAT 0x02 (CGRAM ref #2)
t_wall=1785583163.332 t=1890126126 W DAT 0x0A
t_wall=1785583163.334 t=1890128480 W CMD 0x60 [SET_CGRAM 0x20]
t_wall=1785583163.335 t=1890128539 W DAT 0x0B
t_wall=1785583163.335 t=1890128592 W DAT 0x1B
t_wall=1785583163.335 t=1890128645 W DAT 0x01 (CGRAM ref #1)
t_wall=1785583163.336 t=1890128698 W DAT 0x0B
t_wall=1785583163.336 t=1890128750 W DAT 0x11
t_wall=1785583163.336 t=1890128803 W DAT 0x0A
t_wall=1785583163.337 t=1890128856 W DAT 0x0B
t_wall=1785583163.337 t=1890128909 W DAT 0x00 (CGRAM ref #0)
t_wall=1785583163.338 t=1890130429 W CMD 0x0C [DISP_CTRL disp=1 cur=0 blink=0]
t_wall=1785583163.339 t=1890132926 W CMD 0x78 [SET_CGRAM 0x38]
t_wall=1785583163.339 t=1890133027 W DAT 0x07 (CGRAM ref #7)
t_wall=1785583163.340 t=1890133065 W DAT 0x07 (CGRAM ref #7)
t_wall=1785583163.340 t=1890133103 W DAT 0x0F
t_wall=1785583163.343 t=1890136909 W DAT 0x18
t_wall=1785583163.346 t=1890140756 W DAT 0x1F
t_wall=1785583163.350 t=1890144590 W DAT 0x19
t_wall=1785583163.354 t=1890148437 W DAT 0x19
t_wall=1785583163.358 t=1890152252 W DAT 0x1F
t_wall=1785583163.373 t=1890166988 W CMD 0x0C [DISP_CTRL disp=1 cur=0 blink=0]
t_wall=1785583163.405 t=1890198920 W CMD 0x78 [SET_CGRAM 0x38]
t_wall=1785583163.405 t=1890198979 W DAT 0x07 (CGRAM ref #7)
t_wall=1785583163.406 t=1890199017 W DAT 0x07 (CGRAM ref #7)
t_wall=1785583163.406 t=1890199055 W DAT 0x0B
t_wall=1785583163.409 t=1890202930 W DAT 0x1C
t_wall=1785583163.412 t=1890206763 W DAT 0x1F
t_wall=1785583163.416 t=1890210610 W DAT 0x19
t_wall=1785583163.420 t=1890214424 W DAT 0x1D
t_wall=1785583163.424 t=1890218273 W DAT 0x1F
t_wall=1785583163.434 t=1890227856 W CMD 0x0C [DISP_CTRL disp=1 cur=0 blink=0]
t_wall=1785583163.488 t=1890281881 W CMD 0x60 [SET_CGRAM 0x20]
t_wall=1785583163.489 t=1890281940 W DAT 0x0B
t_wall=1785583163.489 t=1890281993 W DAT 0x1B
t_wall=1785583163.490 t=1890282045 W DAT 0x01 (CGRAM ref #1)
t_wall=1785583163.491 t=1890282098 W DAT 0x0B
t_wall=1785583163.491 t=1890282166 W DAT 0x11
t_wall=1785583163.492 t=1890282219 W DAT 0x0B
t_wall=1785583163.492 t=1890282271 W DAT 0x0B
t_wall=1785583163.493 t=1890282324 W DAT 0x00 (CGRAM ref #0)
t_wall=1785583163.493 t=1890283812 W CMD 0x0C [DISP_CTRL disp=1 cur=0 blink=0]
t_wall=1785583163.494 t=1890286408 W CMD 0x78 [SET_CGRAM 0x38]
t_wall=1785583163.494 t=1890286490 W DAT 0x07 (CGRAM ref #7)
t_wall=1785583163.494 t=1890286528 W DAT 0x07 (CGRAM ref #7)
t_wall=1785583163.494 t=1890286566 W DAT 0x0F
t_wall=1785583163.496 t=1890290381 W DAT 0x1C
t_wall=1785583163.500 t=1890294199 W DAT 0x1F
t_wall=1785583163.504 t=1890298077 W DAT 0x19
t_wall=1785583163.508 t=1890301909 W DAT 0x1D
t_wall=1785583163.512 t=1890305753 W DAT 0x1F
t_wall=1785583163.514 t=1890308195 W CMD 0x40 [SET_CGRAM 0x00]
t_wall=1785583163.515 t=1890308239 W DAT 0x00 (CGRAM ref #0)
t_wall=1785583163.516 t=1890308292 W DAT 0x1A
t_wall=1785583163.516 t=1890308344 W DAT 0x1A
t_wall=1785583163.516 t=1890308397 W DAT 0x1B
t_wall=1785583163.517 t=1890308450 W DAT 0x1B
t_wall=1785583163.517 t=1890308503 W DAT 0x1B
t_wall=1785583163.518 t=1890308556 W DAT 0x00 (CGRAM ref #0)
t_wall=1785583163.519 t=1890308609 W DAT 0x05 (CGRAM ref #5)
t_wall=1785583163.519 t=1890308789 W CMD 0x0C [DISP_CTRL disp=1 cur=0 blink=0]
t_wall=1785583163.570 t=1890363607 W CMD 0x78 [SET_CGRAM 0x38]
t_wall=1785583163.570 t=1890363665 W DAT 0x07 (CGRAM ref #7)
t_wall=1785583163.571 t=1890363703 W DAT 0x03 (CGRAM ref #3)
t_wall=1785583163.571 t=1890363741 W DAT 0x0F
t_wall=1785583163.573 t=1890367557 W DAT 0x1C
t_wall=1785583163.577 t=1890371402 W DAT 0x1F
t_wall=1785583163.581 t=1890375252 W DAT 0x19
t_wall=1785583163.585 t=1890379083 W DAT 0x1D
t_wall=1785583163.589 t=1890382952 W DAT 0x1F
t_wall=1785583163.595 t=1890389158 W CMD 0x0C [DISP_CTRL disp=1 cur=0 blink=0]
t_wall=1785583163.656 t=1890450247 W CMD 0x78 [SET_CGRAM 0x38]
t_wall=1785583163.657 t=1890450305 W DAT 0x03 (CGRAM ref #3)
t_wall=1785583163.658 t=1890450343 W DAT 0x07 (CGRAM ref #7)
t_wall=1785583163.658 t=1890450381 W DAT 0x0B
t_wall=1785583163.660 t=1890454259 W DAT 0x18
t_wall=1785583163.664 t=1890458091 W DAT 0x1F
t_wall=1785583163.668 t=1890461908 W DAT 0x19
t_wall=1785583163.672 t=1890465756 W DAT 0x19
t_wall=1785583163.675 t=1890469602 W DAT 0x1F
t_wall=1785583163.684 t=1890477886 W CMD 0x0C [DISP_CTRL disp=1 cur=0 blink=0]
t_wall=1785583163.739 t=1890533149 W CMD 0x60 [SET_CGRAM 0x20]
t_wall=1785583163.740 t=1890533208 W DAT 0x0B
t_wall=1785583163.740 t=1890533260 W DAT 0x1B
t_wall=1785583163.741 t=1890533313 W DAT 0x01 (CGRAM ref #1)
t_wall=1785583163.741 t=1890533366 W DAT 0x0A
t_wall=1785583163.742 t=1890533418 W DAT 0x11
t_wall=1785583163.742 t=1890533471 W DAT 0x0A
t_wall=1785583163.743 t=1890533524 W DAT 0x0A
t_wall=1785583163.744 t=1890533577 W DAT 0x00 (CGRAM ref #0)
t_wall=1785583163.745 t=1890533757 W CMD 0x0C [DISP_CTRL disp=1 cur=0 blink=0]
t_wall=1785583163.746 t=1890538407 W CMD 0x78 [SET_CGRAM 0x38]
t_wall=1785583163.747 t=1890538495 W DAT 0x07 (CGRAM ref #7)
t_wall=1785583163.748 t=1890538533 W DAT 0x07 (CGRAM ref #7)
t_wall=1785583163.748 t=1890538571 W DAT 0x0F
t_wall=1785583163.749 t=1890542416 W DAT 0x18
t_wall=1785583163.752 t=1890546234 W DAT 0x1F
t_wall=1785583163.756 t=1890550110 W DAT 0x19
t_wall=1785583163.760 t=1890553942 W DAT 0x19
t_wall=1785583163.763 t=1890557761 W DAT 0x1F
t_wall=1785583163.769 t=1890562635 W CMD 0x0C [DISP_CTRL disp=1 cur=0 blink=0]
t_wall=1785583163.820 t=1890614196 W CMD 0x78 [SET_CGRAM 0x38]
t_wall=1785583163.821 t=1890614255 W DAT 0x07 (CGRAM ref #7)
t_wall=1785583163.821 t=1890614293 W DAT 0x07 (CGRAM ref #7)
t_wall=1785583163.821 t=1890614331 W DAT 0x0B
t_wall=1785583163.824 t=1890618164 W DAT 0x1C
t_wall=1785583163.828 t=1890621981 W DAT 0x1F
t_wall=1785583163.831 t=1890625828 W DAT 0x19
t_wall=1785583163.835 t=1890629693 W DAT 0x1D
t_wall=1785583163.839 t=1890633527 W DAT 0x1F
t_wall=1785583163.845 t=1890638435 W CMD 0x0C [DISP_CTRL disp=1 cur=0 blink=0]
t_wall=1785583163.903 t=1890697016 W CMD 0x60 [SET_CGRAM 0x20]
t_wall=1785583163.904 t=1890697074 W DAT 0x0B
t_wall=1785583163.904 t=1890697126 W DAT 0x1A
t_wall=1785583163.904 t=1890697179 W DAT 0x01 (CGRAM ref #1)
t_wall=1785583163.905 t=1890697232 W DAT 0x0B
t_wall=1785583163.905 t=1890697285 W DAT 0x11
t_wall=1785583163.905 t=1890697338 W DAT 0x0B
t_wall=1785583163.906 t=1890697391 W DAT 0x0B
t_wall=1785583163.906 t=1890697444 W DAT 0x00 (CGRAM ref #0)
t_wall=1785583163.907 t=1890697624 W CMD 0x0C [DISP_CTRL disp=1 cur=0 blink=0]
t_wall=1785583163.908 t=1890701436 W CMD 0x78 [SET_CGRAM 0x38]
t_wall=1785583163.908 t=1890701495 W DAT 0x07 (CGRAM ref #7)
t_wall=1785583163.909 t=1890701533 W DAT 0x07 (CGRAM ref #7)
t_wall=1785583163.909 t=1890701571 W DAT 0x0F
t_wall=1785583163.911 t=1890705390 W DAT 0x1C
t_wall=1785583163.915 t=1890709289 W DAT 0x1F
t_wall=1785583163.919 t=1890713123 W DAT 0x19
t_wall=1785583163.923 t=1890716939 W DAT 0x1D
t_wall=1785583163.926 t=1890720784 W DAT 0x1F
t_wall=1785583163.934 t=1890727876 W CMD 0x0C [DISP_CTRL disp=1 cur=0 blink=0]
t_wall=1785583163.984 t=1890778119 W CMD 0x78 [SET_CGRAM 0x38]
t_wall=1785583163.985 t=1890778219 W DAT 0x07 (CGRAM ref #7)
t_wall=1785583163.985 t=1890778257 W DAT 0x03 (CGRAM ref #3)
t_wall=1785583163.985 t=1890778295 W DAT 0x0F
t_wall=1785583163.988 t=1890782069 W DAT 0x1C
t_wall=1785583163.992 t=1890785915 W DAT 0x1F
t_wall=1785583163.995 t=1890789765 W DAT 0x19
t_wall=1785583163.999 t=1890793597 W DAT 0x1D
t_wall=1785583164.003 t=1890797443 W DAT 0x1F
t_wall=1785583164.006 t=1890799913 W CMD 0x40 [SET_CGRAM 0x00]
t_wall=1785583164.006 t=1890799971 W DAT 0x00 (CGRAM ref #0)
t_wall=1785583164.007 t=1890800024 W DAT 0x1A
t_wall=1785583164.007 t=1890800077 W DAT 0x1A
t_wall=1785583164.007 t=1890800130 W DAT 0x1A
t_wall=1785583164.007 t=1890800197 W DAT 0x1B
t_wall=1785583164.008 t=1890800250 W DAT 0x1B
t_wall=1785583164.008 t=1890800303 W DAT 0x00 (CGRAM ref #0)
t_wall=1785583164.009 t=1890800356 W DAT 0x05 (CGRAM ref #5)
t_wall=1785583164.009 t=1890800536 W CMD 0x0C [DISP_CTRL disp=1 cur=0 blink=0]
t_wall=1785583164.072 t=1890865400 W CMD 0x78 [SET_CGRAM 0x38]
t_wall=1785583164.072 t=1890865459 W DAT 0x03 (CGRAM ref #3)
t_wall=1785583164.073 t=1890865497 W DAT 0x07 (CGRAM ref #7)
t_wall=1785583164.074 t=1890865535 W DAT 0x0B
t_wall=1785583164.075 t=1890869418 W DAT 0x18
t_wall=1785583164.079 t=1890873236 W DAT 0x1F
t_wall=1785583164.083 t=1890877010 W DAT 0x19
t_wall=1785583164.087 t=1890880855 W DAT 0x19
t_wall=1785583164.091 t=1890884705 W DAT 0x1F
t_wall=1785583164.098 t=1890891790 W CMD 0x0C [DISP_CTRL disp=1 cur=0 blink=0]
t_wall=1785583164.144 t=1890938315 W CMD 0x60 [SET_CGRAM 0x20]
t_wall=1785583164.144 t=1890938374 W DAT 0x0B
t_wall=1785583164.145 t=1890938426 W DAT 0x1A
t_wall=1785583164.145 t=1890938479 W DAT 0x01 (CGRAM ref #1)
t_wall=1785583164.145 t=1890938532 W DAT 0x0B
t_wall=1785583164.146 t=1890938600 W DAT 0x11
t_wall=1785583164.146 t=1890938652 W DAT 0x0A
t_wall=1785583164.146 t=1890938705 W DAT 0x0B
t_wall=1785583164.146 t=1890938758 W DAT 0x00 (CGRAM ref #0)
t_wall=1785583164.147 t=1890938938 W CMD 0x0C [DISP_CTRL disp=1 cur=0 blink=0]
t_wall=1785583164.148 t=1890942751 W CMD 0x78 [SET_CGRAM 0x38]
t_wall=1785583164.149 t=1890942868 W DAT 0x07 (CGRAM ref #7)
t_wall=1785583164.149 t=1890942906 W DAT 0x07 (CGRAM ref #7)
t_wall=1785583164.149 t=1890942945 W DAT 0x0F
t_wall=1785583164.152 t=1890946793 W DAT 0x18
t_wall=1785583164.156 t=1890950628 W DAT 0x1F
t_wall=1785583164.160 t=1890954471 W DAT 0x19
t_wall=1785583164.164 t=1890958288 W DAT 0x19
t_wall=1785583164.168 t=1890962137 W DAT 0x1F
t_wall=1785583164.179 t=1890972976 W CMD 0x0C [DISP_CTRL disp=1 cur=0 blink=0]
t_wall=1785583164.235 t=1891029531 W CMD 0x78 [SET_CGRAM 0x38]
t_wall=1785583164.235 t=1891029590 W DAT 0x07 (CGRAM ref #7)
t_wall=1785583164.236 t=1891029628 W DAT 0x07 (CGRAM ref #7)
t_wall=1785583164.236 t=1891029666 W DAT 0x0B
t_wall=1785583164.239 t=1891033483 W DAT 0x1C
t_wall=1785583164.243 t=1891037300 W DAT 0x1F
t_wall=1785583164.247 t=1891041179 W DAT 0x19
t_wall=1785583164.250 t=1891045010 W DAT 0x1D
t_wall=1785583164.254 t=1891048855 W DAT 0x1F
t_wall=1785583164.268 t=1891062268 W CMD 0x0C [DISP_CTRL disp=1 cur=0 blink=0]
t_wall=1785583164.312 t=1891106311 W CMD 0x78 [SET_CGRAM 0x38]
t_wall=1785583164.313 t=1891106370 W DAT 0x07 (CGRAM ref #7)
t_wall=1785583164.313 t=1891106408 W DAT 0x07 (CGRAM ref #7)
t_wall=1785583164.314 t=1891106446 W DAT 0x0F
t_wall=1785583164.316 t=1891110277 W DAT 0x1C
t_wall=1785583164.320 t=1891114123 W DAT 0x1F
t_wall=1785583164.324 t=1891117942 W DAT 0x19
t_wall=1785583164.327 t=1891121789 W DAT 0x1D
t_wall=1785583164.331 t=1891125675 W DAT 0x1F
t_wall=1785583164.337 t=1891130663 W CMD 0x0C [DISP_CTRL disp=1 cur=0 blink=0]
t_wall=1785583164.340 t=1891133942 W CMD 0x60 [SET_CGRAM 0x20]
t_wall=1785583164.340 t=1891134029 W DAT 0x0A
t_wall=1785583164.341 t=1891134082 W DAT 0x1B
t_wall=1785583164.341 t=1891134158 W DAT 0x01 (CGRAM ref #1)
t_wall=1785583164.342 t=1891134240 W DAT 0x0B
t_wall=1785583164.342 t=1891134293 W DAT 0x11
t_wall=1785583164.342 t=1891134345 W DAT 0x0A
t_wall=1785583164.343 t=1891134398 W DAT 0x0A
t_wall=1785583164.343 t=1891134524 W DAT 0x00 (CGRAM ref #0)
t_wall=1785583164.344 t=1891134703 W CMD 0x0C [DISP_CTRL disp=1 cur=0 blink=0]
t_wall=1785583164.357 # ALIVE us=1891150820 ring_depth=0 drops=0
t_wall=1785583164.391 t=1891184876 W CMD 0x40 [SET_CGRAM 0x00]
t_wall=1785583164.391 t=1891184934 W DAT 0x00 (CGRAM ref #0)
t_wall=1785583164.392 t=1891184987 W DAT 0x1A
t_wall=1785583164.392 t=1891185040 W DAT 0x1A
t_wall=1785583164.392 t=1891185093 W DAT 0x1A
t_wall=1785583164.392 t=1891185146 W DAT 0x1A
t_wall=1785583164.393 t=1891185198 W DAT 0x1B
t_wall=1785583164.393 t=1891185252 W DAT 0x00 (CGRAM ref #0)
t_wall=1785583164.394 t=1891185304 W DAT 0x05 (CGRAM ref #5)
t_wall=1785583164.394 t=1891185508 W CMD 0x0C [DISP_CTRL disp=1 cur=0 blink=0]
t_wall=1785583164.401 t=1891195158 W CMD 0x78 [SET_CGRAM 0x38]
t_wall=1785583164.401 t=1891195246 W DAT 0x07 (CGRAM ref #7)
t_wall=1785583164.402 t=1891195284 W DAT 0x03 (CGRAM ref #3)
t_wall=1785583164.402 t=1891195323 W DAT 0x0F
t_wall=1785583164.405 t=1891199200 W DAT 0x1C
t_wall=1785583164.409 t=1891203035 W DAT 0x1F
t_wall=1785583164.412 t=1891206850 W DAT 0x19
t_wall=1785583164.416 t=1891210695 W DAT 0x1D
t_wall=1785583164.420 t=1891214545 W DAT 0x1F
t_wall=1785583164.431 t=1891224518 W CMD 0x0C [DISP_CTRL disp=1 cur=0 blink=0]
t_wall=1785583164.477 t=1891271096 W CMD 0x78 [SET_CGRAM 0x38]
t_wall=1785583164.477 t=1891271155 W DAT 0x03 (CGRAM ref #3)
t_wall=1785583164.477 t=1891271193 W DAT 0x07 (CGRAM ref #7)
t_wall=1785583164.478 t=1891271231 W DAT 0x0B
t_wall=1785583164.481 t=1891275075 W DAT 0x18
t_wall=1785583164.484 t=1891278923 W DAT 0x1F
t_wall=1785583164.488 t=1891282785 W DAT 0x19
t_wall=1785583164.492 t=1891286600 W DAT 0x19
t_wall=1785583164.496 t=1891290417 W DAT 0x1F
t_wall=1785583164.507 t=1891301284 W CMD 0x0C [DISP_CTRL disp=1 cur=0 blink=0]
t_wall=1785583164.560 t=1891354055 W CMD 0x60 [SET_CGRAM 0x20]
t_wall=1785583164.561 t=1891354113 W DAT 0x0B
t_wall=1785583164.561 t=1891354167 W DAT 0x1B
t_wall=1785583164.562 t=1891354219 W DAT 0x00 (CGRAM ref #0)
t_wall=1785583164.562 t=1891354272 W DAT 0x0B
t_wall=1785583164.562 t=1891354339 W DAT 0x11
t_wall=1785583164.563 t=1891354392 W DAT 0x0A
t_wall=1785583164.563 t=1891354445 W DAT 0x0B
t_wall=1785583164.564 t=1891354498 W DAT 0x00 (CGRAM ref #0)
t_wall=1785583164.565 t=1891354677 W CMD 0x0C [DISP_CTRL disp=1 cur=0 blink=0]
t_wall=1785583164.566 t=1891358486 W CMD 0x78 [SET_CGRAM 0x38]
t_wall=1785583164.566 t=1891358545 W DAT 0x07 (CGRAM ref #7)
t_wall=1785583164.567 t=1891358583 W DAT 0x07 (CGRAM ref #7)
t_wall=1785583164.567 t=1891358621 W DAT 0x0F
t_wall=1785583164.568 t=1891362456 W DAT 0x18
t_wall=1785583164.572 t=1891366272 W DAT 0x1F
t_wall=1785583164.576 t=1891370118 W DAT 0x19
t_wall=1785583164.580 t=1891373968 W DAT 0x19
t_wall=1785583164.584 t=1891377828 W DAT 0x1F
t_wall=1785583164.604 t=1891391224 W CMD 0x0C [DISP_CTRL disp=1 cur=0 blink=0]
t_wall=1785583164.644 t=1891435313 W CMD 0x78 [SET_CGRAM 0x38]
t_wall=1785583164.648 t=1891435386 W DAT 0x07 (CGRAM ref #7)
t_wall=1785583164.652 t=1891435424 W DAT 0x07 (CGRAM ref #7)
t_wall=1785583164.655 t=1891435462 W DAT 0x0B
t_wall=1785583164.658 t=1891439297 W DAT 0x1C
t_wall=1785583164.661 t=1891443098 W DAT 0x1F
t_wall=1785583164.665 t=1891446915 W DAT 0x19
t_wall=1785583164.667 t=1891450734 W DAT 0x1D
t_wall=1785583164.669 t=1891454609 W DAT 0x1F
t_wall=1785583164.673 t=1891460839 W CMD 0x0C [DISP_CTRL disp=1 cur=0 blink=0]
t_wall=1785583164.728 t=1891521854 W CMD 0x78 [SET_CGRAM 0x38]
t_wall=1785583164.729 t=1891521913 W DAT 0x07 (CGRAM ref #7)
t_wall=1785583164.730 t=1891521951 W DAT 0x07 (CGRAM ref #7)
t_wall=1785583164.730 t=1891521989 W DAT 0x0F
t_wall=1785583164.732 t=1891525805 W DAT 0x1C
t_wall=1785583164.735 t=1891529650 W DAT 0x1F
t_wall=1785583164.739 t=1891533499 W DAT 0x19
t_wall=1785583164.743 t=1891537359 W DAT 0x1D
t_wall=1785583164.747 t=1891541176 W DAT 0x1F
t_wall=1785583164.753 t=1891546288 W CMD 0x0C [DISP_CTRL disp=1 cur=0 blink=0]
t_wall=1785583164.755 t=1891548993 W CMD 0x60 [SET_CGRAM 0x20]
t_wall=1785583164.755 t=1891549051 W DAT 0x0B
t_wall=1785583164.756 t=1891549104 W DAT 0x1B
t_wall=1785583164.756 t=1891549157 W DAT 0x00 (CGRAM ref #0)
t_wall=1785583164.757 t=1891549210 W DAT 0x0B
t_wall=1785583164.757 t=1891549277 W DAT 0x10
t_wall=1785583164.757 t=1891549330 W DAT 0x0B
t_wall=1785583164.758 t=1891549382 W DAT 0x0B
t_wall=1785583164.758 t=1891549435 W DAT 0x00 (CGRAM ref #0)
t_wall=1785583164.759 t=1891549615 W CMD 0x0C [DISP_CTRL disp=1 cur=0 blink=0]
t_wall=1785583164.818 t=1891612608 W CMD 0x78 [SET_CGRAM 0x38]
t_wall=1785583164.819 t=1891612754 W DAT 0x07 (CGRAM ref #7)
t_wall=1785583164.819 t=1891612792 W DAT 0x03 (CGRAM ref #3)
t_wall=1785583164.819 t=1891612830 W DAT 0x0F
t_wall=1785583164.822 t=1891616663 W DAT 0x1C
t_wall=1785583164.826 t=1891620482 W DAT 0x1F
t_wall=1785583164.830 t=1891624326 W DAT 0x19
t_wall=1785583164.834 t=1891628174 W DAT 0x1D
t_wall=1785583164.838 t=1891632009 W DAT 0x1F
t_wall=1785583164.846 t=1891639462 W CMD 0x0C [DISP_CTRL disp=1 cur=0 blink=0]
t_wall=1785583164.894 t=1891688503 W CMD 0x78 [SET_CGRAM 0x38]
t_wall=1785583164.895 t=1891688562 W DAT 0x03 (CGRAM ref #3)
t_wall=1785583164.895 t=1891688673 W DAT 0x07 (CGRAM ref #7)
t_wall=1785583164.896 t=1891688711 W DAT 0x0B
t_wall=1785583164.898 t=1891692486 W DAT 0x18
t_wall=1785583164.902 t=1891696349 W DAT 0x1F
t_wall=1785583164.906 t=1891700164 W DAT 0x19
t_wall=1785583164.910 t=1891703982 W DAT 0x19
t_wall=1785583164.914 t=1891707860 W DAT 0x1F
t_wall=1785583164.916 t=1891710295 W CMD 0x40 [SET_CGRAM 0x00]
t_wall=1785583164.917 t=1891710354 W DAT 0x00 (CGRAM ref #0)
t_wall=1785583164.917 t=1891710407 W DAT 0x1A
t_wall=1785583164.917 t=1891710460 W DAT 0x1A
t_wall=1785583164.918 t=1891710512 W DAT 0x1A
t_wall=1785583164.918 t=1891710580 W DAT 0x1A
t_wall=1785583164.918 t=1891710633 W DAT 0x1A
t_wall=1785583164.919 t=1891710686 W DAT 0x00 (CGRAM ref #0)
t_wall=1785583164.919 t=1891710738 W DAT 0x05 (CGRAM ref #5)
t_wall=1785583164.920 t=1891710940 W CMD 0x0C [DISP_CTRL disp=1 cur=0 blink=0]
t_wall=1785583164.978 t=1891772045 W CMD 0x60 [SET_CGRAM 0x20]
t_wall=1785583164.978 t=1891772133 W DAT 0x0A
t_wall=1785583164.978 t=1891772186 W DAT 0x1B
t_wall=1785583164.979 t=1891772239 W DAT 0x00 (CGRAM ref #0)
t_wall=1785583164.979 t=1891772291 W DAT 0x0A
t_wall=1785583164.979 t=1891772344 W DAT 0x11
t_wall=1785583164.979 t=1891772397 W DAT 0x0A
t_wall=1785583164.980 t=1891772472 W DAT 0x0A
t_wall=1785583164.980 t=1891772525 W DAT 0x00 (CGRAM ref #0)
t_wall=1785583164.981 t=1891772705 W CMD 0x0C [DISP_CTRL disp=1 cur=0 blink=0]
t_wall=1785583164.983 t=1891777337 W CMD 0x78 [SET_CGRAM 0x38]
t_wall=1785583164.984 t=1891777396 W DAT 0x07 (CGRAM ref #7)
t_wall=1785583164.984 t=1891777434 W DAT 0x07 (CGRAM ref #7)
t_wall=1785583164.984 t=1891777472 W DAT 0x0F
t_wall=1785583164.987 t=1891781318 W DAT 0x18
t_wall=1785583164.991 t=1891785167 W DAT 0x1F
t_wall=1785583164.995 t=1891788999 W DAT 0x19
t_wall=1785583164.998 t=1891792844 W DAT 0x19
t_wall=1785583165.002 t=1891796662 W DAT 0x1F
t_wall=1785583165.008 t=1891801578 W CMD 0x0C [DISP_CTRL disp=1 cur=0 blink=0]
t_wall=1785583165.059 t=1891853067 W CMD 0x78 [SET_CGRAM 0x38]
t_wall=1785583165.060 t=1891853125 W DAT 0x07 (CGRAM ref #7)
t_wall=1785583165.060 t=1891853164 W DAT 0x07 (CGRAM ref #7)
t_wall=1785583165.061 t=1891853202 W DAT 0x0B
t_wall=1785583165.063 t=1891857048 W DAT 0x1C
t_wall=1785583165.066 t=1891860865 W DAT 0x1F
t_wall=1785583165.070 t=1891864731 W DAT 0x19
t_wall=1785583165.074 t=1891868593 W DAT 0x1D
t_wall=1785583165.078 t=1891872411 W DAT 0x1F
t_wall=1785583165.089 t=1891883354 W CMD 0x0C [DISP_CTRL disp=1 cur=0 blink=0]
t_wall=1785583165.142 t=1891936003 W CMD 0x60 [SET_CGRAM 0x20]
t_wall=1785583165.142 t=1891936061 W DAT 0x0A
t_wall=1785583165.142 t=1891936114 W DAT 0x1A
t_wall=1785583165.143 t=1891936167 W DAT 0x00 (CGRAM ref #0)
t_wall=1785583165.144 t=1891936220 W DAT 0x0A
t_wall=1785583165.144 t=1891936287 W DAT 0x10
t_wall=1785583165.144 t=1891936340 W DAT 0x0A
t_wall=1785583165.145 t=1891936393 W DAT 0x0A
t_wall=1785583165.145 t=1891936445 W DAT 0x00 (CGRAM ref #0)
t_wall=1785583165.146 t=1891937938 W CMD 0x0C [DISP_CTRL disp=1 cur=0 blink=0]
t_wall=1785583165.147 t=1891941348 W CMD 0x78 [SET_CGRAM 0x38]
t_wall=1785583165.148 t=1891941406 W DAT 0x07 (CGRAM ref #7)
t_wall=1785583165.149 t=1891941444 W DAT 0x07 (CGRAM ref #7)
t_wall=1785583165.149 t=1891941482 W DAT 0x0F
t_wall=1785583165.151 t=1891945332 W DAT 0x1C
t_wall=1785583165.155 t=1891949167 W DAT 0x1F
t_wall=1785583165.159 t=1891953010 W DAT 0x19
t_wall=1785583165.162 t=1891956827 W DAT 0x1D
t_wall=1785583165.166 t=1891960677 W DAT 0x1F
t_wall=1785583165.174 t=1891968149 W CMD 0x0C [DISP_CTRL disp=1 cur=0 blink=0]
t_wall=1785583165.223 t=1892017084 W CMD 0x78 [SET_CGRAM 0x38]
t_wall=1785583165.223 t=1892017184 W DAT 0x07 (CGRAM ref #7)
t_wall=1785583165.223 t=1892017222 W DAT 0x03 (CGRAM ref #3)
t_wall=1785583165.223 t=1892017260 W DAT 0x0F
t_wall=1785583165.227 t=1892021035 W DAT 0x1C
t_wall=1785583165.230 t=1892024907 W DAT 0x1F
t_wall=1785583165.234 t=1892028768 W DAT 0x19
t_wall=1785583165.238 t=1892032587 W DAT 0x1D
t_wall=1785583165.242 t=1892036431 W DAT 0x1F
t_wall=1785583165.257 t=1892051164 W CMD 0x0C [DISP_CTRL disp=1 cur=0 blink=0]
t_wall=1785583165.300 t=1892093960 W CMD 0x78 [SET_CGRAM 0x38]
t_wall=1785583165.301 t=1892094018 W DAT 0x03 (CGRAM ref #3)
t_wall=1785583165.302 t=1892094057 W DAT 0x07 (CGRAM ref #7)
t_wall=1785583165.302 t=1892094095 W DAT 0x0B
t_wall=1785583165.304 t=1892097914 W DAT 0x18
t_wall=1785583165.308 t=1892101790 W DAT 0x1F
t_wall=1785583165.312 t=1892105623 W DAT 0x19
t_wall=1785583165.315 t=1892109441 W DAT 0x19
t_wall=1785583165.319 t=1892113285 W DAT 0x1F
t_wall=1785583165.324 t=1892118240 W CMD 0x0C [DISP_CTRL disp=1 cur=0 blink=0]
t_wall=1785583165.386 t=1892180512 W CMD 0x78 [SET_CGRAM 0x38]
t_wall=1785583165.387 t=1892180571 W DAT 0x07 (CGRAM ref #7)
t_wall=1785583165.387 t=1892180609 W DAT 0x07 (CGRAM ref #7)
t_wall=1785583165.387 t=1892180647 W DAT 0x0F
t_wall=1785583165.390 t=1892184506 W DAT 0x18
t_wall=1785583165.394 t=1892188322 W DAT 0x1F
t_wall=1785583165.398 t=1892192141 W DAT 0x1D
t_wall=1785583165.402 t=1892196016 W DAT 0x1D
t_wall=1785583165.405 t=1892199849 W DAT 0x1F
t_wall=1785583165.418 t=1892211965 W CMD 0x0C [DISP_CTRL disp=1 cur=0 blink=0]
t_wall=1785583166.357 # ALIVE us=1893150867 ring_depth=0 drops=0
t_wall=1785583166.915 t=1893709694 W CMD 0x78 [SET_CGRAM 0x38]
t_wall=1785583166.916 t=1893709752 W DAT 0x03 (CGRAM ref #3)
t_wall=1785583166.916 t=1893709790 W DAT 0x07 (CGRAM ref #7)
t_wall=1785583166.917 t=1893709828 W DAT 0x0B
t_wall=1785583166.919 t=1893713676 W DAT 0x18
t_wall=1785583166.923 t=1893717523 W DAT 0x1F
t_wall=1785583166.927 t=1893721357 W DAT 0x19
t_wall=1785583166.931 t=1893725203 W DAT 0x19
t_wall=1785583166.935 t=1893729019 W DAT 0x1F
t_wall=1785583166.943 t=1893737317 W CMD 0x0C [DISP_CTRL disp=1 cur=0 blink=0]
t_wall=1785583167.302 t=1894096710 W CMD 0x78 [SET_CGRAM 0x38]
t_wall=1785583167.303 t=1894096769 W DAT 0x07 (CGRAM ref #7)
t_wall=1785583167.303 t=1894096807 W DAT 0x03 (CGRAM ref #3)
t_wall=1785583167.303 t=1894096846 W DAT 0x0F
t_wall=1785583167.306 t=1894100678 W DAT 0x1C
t_wall=1785583167.310 t=1894104494 W DAT 0x1F
t_wall=1785583167.314 t=1894108341 W DAT 0x19
t_wall=1785583167.318 t=1894112189 W DAT 0x1D
t_wall=1785583167.321 t=1894116045 W DAT 0x1F
t_wall=1785583167.327 t=1894121029 W CMD 0x0C [DISP_CTRL disp=1 cur=0 blink=0]
t_wall=1785583167.390 t=1894184092 W CMD 0x78 [SET_CGRAM 0x38]
t_wall=1785583167.391 t=1894184150 W DAT 0x07 (CGRAM ref #7)
t_wall=1785583167.391 t=1894184189 W DAT 0x07 (CGRAM ref #7)
t_wall=1785583167.392 t=1894184227 W DAT 0x0F
t_wall=1785583167.394 t=1894188044 W DAT 0x1C
t_wall=1785583167.398 t=1894191922 W DAT 0x1F
t_wall=1785583167.401 t=1894195754 W DAT 0x19
t_wall=1785583167.405 t=1894199570 W DAT 0x1D
t_wall=1785583167.409 t=1894203418 W DAT 0x1F
t_wall=1785583167.414 t=1894208354 W CMD 0x0C [DISP_CTRL disp=1 cur=0 blink=0]
t_wall=1785583167.466 t=1894259780 W CMD 0x78 [SET_CGRAM 0x38]
t_wall=1785583167.466 t=1894259839 W DAT 0x07 (CGRAM ref #7)
t_wall=1785583167.467 t=1894259877 W DAT 0x07 (CGRAM ref #7)
t_wall=1785583167.467 t=1894259915 W DAT 0x0B
t_wall=1785583167.469 t=1894263730 W DAT 0x1C
t_wall=1785583167.473 t=1894267575 W DAT 0x1F
t_wall=1785583167.477 t=1894271424 W DAT 0x19
t_wall=1785583167.481 t=1894275256 W DAT 0x1D
t_wall=1785583167.485 t=1894279102 W DAT 0x1F
t_wall=1785583167.492 t=1894286620 W CMD 0x60 [SET_CGRAM 0x20]
t_wall=1785583167.493 t=1894286702 W DAT 0x0A
t_wall=1785583167.493 t=1894286784 W DAT 0x1B
t_wall=1785583167.493 t=1894286837 W DAT 0x00 (CGRAM ref #0)
t_wall=1785583167.493 t=1894286890 W DAT 0x0A
t_wall=1785583167.494 t=1894286957 W DAT 0x11
t_wall=1785583167.494 t=1894287010 W DAT 0x0A
t_wall=1785583167.494 t=1894287062 W DAT 0x0A
t_wall=1785583167.494 t=1894287115 W DAT 0x00 (CGRAM ref #0)
t_wall=1785583167.495 t=1894287296 W CMD 0x0C [DISP_CTRL disp=1 cur=0 blink=0]
t_wall=1785583167.553 t=1894346996 W CMD 0x78 [SET_CGRAM 0x38]
t_wall=1785583167.553 t=1894347113 W DAT 0x07 (CGRAM ref #7)
t_wall=1785583167.553 t=1894347152 W DAT 0x07 (CGRAM ref #7)
t_wall=1785583167.553 t=1894347190 W DAT 0x0F
t_wall=1785583167.556 t=1894351068 W DAT 0x18
t_wall=1785583167.560 t=1894354901 W DAT 0x1F
t_wall=1785583167.564 t=1894358719 W DAT 0x19
t_wall=1785583167.568 t=1894362566 W DAT 0x19
t_wall=1785583167.572 t=1894366414 W DAT 0x1F
t_wall=1785583167.588 t=1894374755 W CMD 0x0C [DISP_CTRL disp=1 cur=0 blink=0]
t_wall=1785583167.632 t=1894423805 W CMD 0x78 [SET_CGRAM 0x38]
t_wall=1785583167.635 t=1894423864 W DAT 0x03 (CGRAM ref #3)
t_wall=1785583167.637 t=1894423902 W DAT 0x07 (CGRAM ref #7)
t_wall=1785583167.638 t=1894423940 W DAT 0x0B
t_wall=1785583167.639 t=1894427818 W DAT 0x18
t_wall=1785583167.641 t=1894431592 W DAT 0x1F
t_wall=1785583167.642 t=1894435453 W DAT 0x19
t_wall=1785583167.646 t=1894439271 W DAT 0x19
t_wall=1785583167.650 t=1894443086 W DAT 0x1F
t_wall=1785583167.657 t=1894450621 W CMD 0x60 [SET_CGRAM 0x20]
t_wall=1785583167.658 t=1894450679 W DAT 0x0B
t_wall=1785583167.659 t=1894450732 W DAT 0x1B
t_wall=1785583167.660 t=1894450785 W DAT 0x00 (CGRAM ref #0)
t_wall=1785583167.660 t=1894450838 W DAT 0x0B
t_wall=1785583167.661 t=1894450912 W DAT 0x10
t_wall=1785583167.662 t=1894450965 W DAT 0x0B
t_wall=1785583167.663 t=1894451018 W DAT 0x0B
t_wall=1785583167.664 t=1894451070 W DAT 0x00 (CGRAM ref #0)
t_wall=1785583167.665 t=1894451250 W CMD 0x0C [DISP_CTRL disp=1 cur=0 blink=0]
t_wall=1785583167.717 t=1894511123 W CMD 0x78 [SET_CGRAM 0x38]
t_wall=1785583167.718 t=1894511182 W DAT 0x07 (CGRAM ref #7)
t_wall=1785583167.718 t=1894511220 W DAT 0x03 (CGRAM ref #3)
t_wall=1785583167.718 t=1894511258 W DAT 0x0F
t_wall=1785583167.721 t=1894515075 W DAT 0x1C
t_wall=1785583167.724 t=1894518893 W DAT 0x1F
t_wall=1785583167.728 t=1894522791 W DAT 0x19
t_wall=1785583167.732 t=1894526567 W DAT 0x1D
t_wall=1785583167.736 t=1894530399 W DAT 0x1F
t_wall=1785583167.739 t=1894532896 W CMD 0x40 [SET_CGRAM 0x00]
t_wall=1785583167.739 t=1894532979 W DAT 0x00 (CGRAM ref #0)
t_wall=1785583167.740 t=1894533047 W DAT 0x1A
t_wall=1785583167.740 t=1894533114 W DAT 0x1A
t_wall=1785583167.740 t=1894533167 W DAT 0x1A
t_wall=1785583167.741 t=1894533220 W DAT 0x1A
t_wall=1785583167.741 t=1894533273 W DAT 0x1B
t_wall=1785583167.742 t=1894533325 W DAT 0x00 (CGRAM ref #0)
t_wall=1785583167.742 t=1894533378 W DAT 0x05 (CGRAM ref #5)
t_wall=1785583167.743 t=1894533558 W CMD 0x0C [DISP_CTRL disp=1 cur=0 blink=0]
t_wall=1785583167.794 t=1894588315 W CMD 0x78 [SET_CGRAM 0x38]
t_wall=1785583167.794 t=1894588396 W DAT 0x07 (CGRAM ref #7)
t_wall=1785583167.794 t=1894588434 W DAT 0x07 (CGRAM ref #7)
t_wall=1785583167.795 t=1894588473 W DAT 0x0F
t_wall=1785583167.798 t=1894592304 W DAT 0x1C
t_wall=1785583167.802 t=1894596149 W DAT 0x1F
t_wall=1785583167.805 t=1894599966 W DAT 0x19
t_wall=1785583167.809 t=1894603814 W DAT 0x1D
t_wall=1785583167.813 t=1894607676 W DAT 0x1F
t_wall=1785583167.819 t=1894612561 W CMD 0x0C [DISP_CTRL disp=1 cur=0 blink=0]
t_wall=1785583167.877 t=1894671164 W CMD 0x60 [SET_CGRAM 0x20]
t_wall=1785583167.878 t=1894671222 W DAT 0x0B
t_wall=1785583167.878 t=1894671275 W DAT 0x1B
t_wall=1785583167.879 t=1894671328 W DAT 0x00 (CGRAM ref #0)
t_wall=1785583167.879 t=1894671380 W DAT 0x0B
t_wall=1785583167.879 t=1894671433 W DAT 0x11
t_wall=1785583167.880 t=1894671486 W DAT 0x0A
t_wall=1785583167.880 t=1894671539 W DAT 0x0B
t_wall=1785583167.880 t=1894671592 W DAT 0x00 (CGRAM ref #0)
t_wall=1785583167.881 t=1894673028 W CMD 0x0C [DISP_CTRL disp=1 cur=0 blink=0]
t_wall=1785583167.881 t=1894675551 W CMD 0x78 [SET_CGRAM 0x38]
t_wall=1785583167.881 t=1894675609 W DAT 0x07 (CGRAM ref #7)
t_wall=1785583167.882 t=1894675648 W DAT 0x07 (CGRAM ref #7)
t_wall=1785583167.882 t=1894675686 W DAT 0x0B
t_wall=1785583167.885 t=1894679533 W DAT 0x1C
t_wall=1785583167.889 t=1894683380 W DAT 0x1F
t_wall=1785583167.893 t=1894687213 W DAT 0x19
t_wall=1785583167.897 t=1894691079 W DAT 0x1D
t_wall=1785583167.900 t=1894694896 W DAT 0x1F
t_wall=1785583167.911 t=1894704500 W CMD 0x0C [DISP_CTRL disp=1 cur=0 blink=0]
t_wall=1785583167.958 t=1894752340 W CMD 0x78 [SET_CGRAM 0x38]
t_wall=1785583167.959 t=1894752398 W DAT 0x07 (CGRAM ref #7)
t_wall=1785583167.959 t=1894752436 W DAT 0x07 (CGRAM ref #7)
t_wall=1785583167.960 t=1894752475 W DAT 0x0F
t_wall=1785583167.962 t=1894756319 W DAT 0x18
t_wall=1785583167.966 t=1894760094 W DAT 0x1F
t_wall=1785583167.969 t=1894763944 W DAT 0x19
t_wall=1785583167.973 t=1894767804 W DAT 0x19
t_wall=1785583167.977 t=1894771621 W DAT 0x1F
t_wall=1785583167.984 t=1894777851 W CMD 0x0C [DISP_CTRL disp=1 cur=0 blink=0]
t_wall=1785583168.041 t=1894835170 W CMD 0x60 [SET_CGRAM 0x20]
t_wall=1785583168.041 t=1894835229 W DAT 0x0A
t_wall=1785583168.041 t=1894835281 W DAT 0x1B
t_wall=1785583168.042 t=1894835335 W DAT 0x01 (CGRAM ref #1)
t_wall=1785583168.042 t=1894835429 W DAT 0x0B
t_wall=1785583168.043 t=1894835497 W DAT 0x11
t_wall=1785583168.043 t=1894835549 W DAT 0x0A
t_wall=1785583168.043 t=1894835602 W DAT 0x0A
t_wall=1785583168.044 t=1894835655 W DAT 0x00 (CGRAM ref #0)
t_wall=1785583168.045 t=1894835835 W CMD 0x0C [DISP_CTRL disp=1 cur=0 blink=0]
t_wall=1785583168.045 t=1894839641 W CMD 0x78 [SET_CGRAM 0x38]
t_wall=1785583168.046 t=1894839728 W DAT 0x03 (CGRAM ref #3)
t_wall=1785583168.046 t=1894839767 W DAT 0x07 (CGRAM ref #7)
t_wall=1785583168.047 t=1894839805 W DAT 0x0B
t_wall=1785583168.049 t=1894843640 W DAT 0x18
t_wall=1785583168.053 t=1894847455 W DAT 0x1F
t_wall=1785583168.057 t=1894851301 W DAT 0x19
t_wall=1785583168.061 t=1894855077 W DAT 0x19
t_wall=1785583168.064 t=1894858925 W DAT 0x1F
t_wall=1785583168.073 t=1894867329 W CMD 0x0C [DISP_CTRL disp=1 cur=0 blink=0]
t_wall=1785583168.122 t=1894916332 W CMD 0x78 [SET_CGRAM 0x38]
t_wall=1785583168.123 t=1894916390 W DAT 0x07 (CGRAM ref #7)
t_wall=1785583168.123 t=1894916428 W DAT 0x03 (CGRAM ref #3)
t_wall=1785583168.123 t=1894916466 W DAT 0x0F
t_wall=1785583168.126 t=1894920316 W DAT 0x1C
t_wall=1785583168.130 t=1894924176 W DAT 0x1F
t_wall=1785583168.133 t=1894927993 W DAT 0x19
t_wall=1785583168.137 t=1894931811 W DAT 0x1D
t_wall=1785583168.141 t=1894935686 W DAT 0x1F
t_wall=1785583168.148 t=1894941900 W CMD 0x0C [DISP_CTRL disp=1 cur=0 blink=0]
t_wall=1785583168.208 t=1895002928 W CMD 0x78 [SET_CGRAM 0x38]
t_wall=1785583168.209 t=1895003007 W DAT 0x07 (CGRAM ref #7)
t_wall=1785583168.209 t=1895003045 W DAT 0x07 (CGRAM ref #7)
t_wall=1785583168.209 t=1895003083 W DAT 0x0F
t_wall=1785583168.212 t=1895006899 W DAT 0x1C
t_wall=1785583168.216 t=1895010746 W DAT 0x1F
t_wall=1785583168.220 t=1895014593 W DAT 0x19
t_wall=1785583168.224 t=1895018426 W DAT 0x1D
t_wall=1785583168.232 t=1895022271 W DAT 0x1F
t_wall=1785583168.238 t=1895024662 W CMD 0x40 [SET_CGRAM 0x00]
t_wall=1785583168.243 t=1895024720 W DAT 0x00 (CGRAM ref #0)
t_wall=1785583168.247 t=1895024773 W DAT 0x1A
t_wall=1785583168.250 t=1895024826 W DAT 0x1A
t_wall=1785583168.254 t=1895024879 W DAT 0x1A
t_wall=1785583168.255 t=1895024946 W DAT 0x1B
t_wall=1785583168.259 t=1895024999 W DAT 0x1B
t_wall=1785583168.264 t=1895025052 W DAT 0x00 (CGRAM ref #0)
t_wall=1785583168.267 t=1895025105 W DAT 0x05 (CGRAM ref #5)
t_wall=1785583168.272 t=1895025284 W CMD 0x0C [DISP_CTRL disp=1 cur=0 blink=0]
t_wall=1785583168.294 t=1895086412 W CMD 0x60 [SET_CGRAM 0x20]
t_wall=1785583168.295 t=1895086471 W DAT 0x0B
t_wall=1785583168.297 t=1895086524 W DAT 0x1A
t_wall=1785583168.299 t=1895086576 W DAT 0x01 (CGRAM ref #1)
t_wall=1785583168.299 t=1895086629 W DAT 0x0B
t_wall=1785583168.300 t=1895086697 W DAT 0x11
t_wall=1785583168.301 t=1895086750 W DAT 0x0A
t_wall=1785583168.302 t=1895086803 W DAT 0x0B
t_wall=1785583168.303 t=1895086856 W DAT 0x00 (CGRAM ref #0)
t_wall=1785583168.305 t=1895087035 W CMD 0x0C [DISP_CTRL disp=1 cur=0 blink=0]
t_wall=1785583168.306 t=1895091692 W CMD 0x78 [SET_CGRAM 0x38]
t_wall=1785583168.307 t=1895091751 W DAT 0x07 (CGRAM ref #7)
t_wall=1785583168.308 t=1895091789 W DAT 0x07 (CGRAM ref #7)
t_wall=1785583168.309 t=1895091827 W DAT 0x0B
t_wall=1785583168.310 t=1895095704 W DAT 0x1C
t_wall=1785583168.310 t=1895099539 W DAT 0x1F
t_wall=1785583168.311 t=1895103354 W DAT 0x19
t_wall=1785583168.313 t=1895107199 W DAT 0x1D
t_wall=1785583168.317 t=1895111050 W DAT 0x1F
t_wall=1785583168.327 t=1895121030 W CMD 0x0C [DISP_CTRL disp=1 cur=0 blink=0]
t_wall=1785583168.357 # ALIVE us=1895150913 ring_depth=0 drops=0
t_wall=1785583168.373 t=1895167568 W CMD 0x78 [SET_CGRAM 0x38]
t_wall=1785583168.374 t=1895167627 W DAT 0x07 (CGRAM ref #7)
t_wall=1785583168.374 t=1895167665 W DAT 0x07 (CGRAM ref #7)
t_wall=1785583168.375 t=1895167703 W DAT 0x0F
t_wall=1785583168.377 t=1895171520 W DAT 0x18
t_wall=1785583168.381 t=1895175391 W DAT 0x1F
t_wall=1785583168.385 t=1895179252 W DAT 0x19
t_wall=1785583168.389 t=1895183070 W DAT 0x19
t_wall=1785583168.392 t=1895186886 W DAT 0x1F
t_wall=1785583168.401 t=1895195278 W CMD 0x0C [DISP_CTRL disp=1 cur=0 blink=0]
t_wall=1785583168.450 t=1895244296 W CMD 0x78 [SET_CGRAM 0x38]
t_wall=1785583168.451 t=1895244355 W DAT 0x03 (CGRAM ref #3)
t_wall=1785583168.451 t=1895244393 W DAT 0x07 (CGRAM ref #7)
t_wall=1785583168.451 t=1895244431 W DAT 0x0B
t_wall=1785583168.454 t=1895248249 W DAT 0x18
t_wall=1785583168.458 t=1895252097 W DAT 0x1F
t_wall=1785583168.461 t=1895255958 W DAT 0x19
t_wall=1785583168.465 t=1895259776 W DAT 0x19
t_wall=1785583168.469 t=1895263642 W DAT 0x1F
t_wall=1785583168.476 t=1895269809 W CMD 0x0C [DISP_CTRL disp=1 cur=0 blink=0]
t_wall=1785583168.477 t=1895271212 W CMD 0x60 [SET_CGRAM 0x20]
t_wall=1785583168.477 t=1895271271 W DAT 0x0B
t_wall=1785583168.478 t=1895271324 W DAT 0x1A
t_wall=1785583168.478 t=1895271376 W DAT 0x01 (CGRAM ref #1)
t_wall=1785583168.479 t=1895271429 W DAT 0x0B
t_wall=1785583168.479 t=1895271482 W DAT 0x11
t_wall=1785583168.480 t=1895271535 W DAT 0x0B
t_wall=1785583168.480 t=1895271588 W DAT 0x0B
t_wall=1785583168.481 t=1895271641 W DAT 0x00 (CGRAM ref #0)
t_wall=1785583168.482 t=1895273877 W CMD 0x0C [DISP_CTRL disp=1 cur=0 blink=0]
t_wall=1785583168.537 t=1895331633 W CMD 0x78 [SET_CGRAM 0x38]
t_wall=1785583168.537 t=1895331692 W DAT 0x07 (CGRAM ref #7)
t_wall=1785583168.538 t=1895331730 W DAT 0x03 (CGRAM ref #3)
t_wall=1785583168.538 t=1895331768 W DAT 0x0F
t_wall=1785583168.541 t=1895335603 W DAT 0x1C
t_wall=1785583168.545 t=1895339446 W DAT 0x1F
t_wall=1785583168.549 t=1895343263 W DAT 0x19
t_wall=1785583168.552 t=1895347113 W DAT 0x1D
t_wall=1785583168.556 t=1895350972 W DAT 0x1F
t_wall=1785583168.563 t=1895356708 W CMD 0x0C [DISP_CTRL disp=1 cur=0 blink=0]
t_wall=1785583168.614 t=1895408238 W CMD 0x78 [SET_CGRAM 0x38]
t_wall=1785583168.615 t=1895408296 W DAT 0x07 (CGRAM ref #7)
t_wall=1785583168.615 t=1895408335 W DAT 0x07 (CGRAM ref #7)
t_wall=1785583168.616 t=1895408373 W DAT 0x0F
t_wall=1785583168.618 t=1895412252 W DAT 0x1C
t_wall=1785583168.622 t=1895416083 W DAT 0x1F
t_wall=1785583168.625 t=1895419899 W DAT 0x19
t_wall=1785583168.629 t=1895423767 W DAT 0x1D
t_wall=1785583168.633 t=1895427616 W DAT 0x1F
t_wall=1785583168.636 t=1895430082 W CMD 0x40 [SET_CGRAM 0x00]
t_wall=1785583168.636 t=1895430140 W DAT 0x00 (CGRAM ref #0)
t_wall=1785583168.637 t=1895430193 W DAT 0x1A
t_wall=1785583168.637 t=1895430246 W DAT 0x1A
t_wall=1785583168.637 t=1895430299 W DAT 0x1B
t_wall=1785583168.638 t=1895430352 W DAT 0x1B
t_wall=1785583168.638 t=1895430405 W DAT 0x1B
t_wall=1785583168.638 t=1895430458 W DAT 0x00 (CGRAM ref #0)
t_wall=1785583168.639 t=1895430510 W DAT 0x05 (CGRAM ref #5)
t_wall=1785583168.640 t=1895430690 W CMD 0x0C [DISP_CTRL disp=1 cur=0 blink=0]
t_wall=1785583168.697 t=1895491725 W CMD 0x60 [SET_CGRAM 0x20]
t_wall=1785583168.698 t=1895491812 W DAT 0x0B
t_wall=1785583168.698 t=1895491865 W DAT 0x1B
t_wall=1785583168.698 t=1895491918 W DAT 0x01 (CGRAM ref #1)
t_wall=1785583168.698 t=1895491971 W DAT 0x0A
t_wall=1785583168.698 t=1895492024 W DAT 0x11
t_wall=1785583168.699 t=1895492077 W DAT 0x0A
t_wall=1785583168.699 t=1895492129 W DAT 0x0A
t_wall=1785583168.699 t=1895492182 W DAT 0x00 (CGRAM ref #0)
t_wall=1785583168.700 t=1895493672 W CMD 0x0C [DISP_CTRL disp=1 cur=0 blink=0]
t_wall=1785583168.702 t=1895496192 W CMD 0x78 [SET_CGRAM 0x38]
t_wall=1785583168.702 t=1895496279 W DAT 0x07 (CGRAM ref #7)
t_wall=1785583168.702 t=1895496317 W DAT 0x07 (CGRAM ref #7)
t_wall=1785583168.703 t=1895496355 W DAT 0x0B
t_wall=1785583168.706 t=1895500199 W DAT 0x1C
t_wall=1785583168.709 t=1895504017 W DAT 0x1F
t_wall=1785583168.713 t=1895507916 W DAT 0x19
t_wall=1785583168.717 t=1895511748 W DAT 0x1D
t_wall=1785583168.721 t=1895515567 W DAT 0x1F
t_wall=1785583168.732 t=1895526540 W CMD 0x0C [DISP_CTRL disp=1 cur=0 blink=0]
t_wall=1785583168.778 t=1895573036 W CMD 0x78 [SET_CGRAM 0x38]
t_wall=1785583168.779 t=1895573095 W DAT 0x07 (CGRAM ref #7)
t_wall=1785583168.779 t=1895573133 W DAT 0x07 (CGRAM ref #7)
t_wall=1785583168.779 t=1895573172 W DAT 0x0F
t_wall=1785583168.782 t=1895576988 W DAT 0x18
t_wall=1785583168.786 t=1895580807 W DAT 0x1F
t_wall=1785583168.790 t=1895584682 W DAT 0x19
t_wall=1785583168.794 t=1895588515 W DAT 0x19
t_wall=1785583168.798 t=1895592361 W DAT 0x1F
t_wall=1785583168.804 t=1895598548 W CMD 0x0C [DISP_CTRL disp=1 cur=0 blink=0]
t_wall=1785583168.861 t=1895655920 W CMD 0x60 [SET_CGRAM 0x20]
t_wall=1785583168.862 t=1895655979 W DAT 0x0B
t_wall=1785583168.862 t=1895656032 W DAT 0x1B
t_wall=1785583168.862 t=1895656085 W DAT 0x01 (CGRAM ref #1)
t_wall=1785583168.862 t=1895656137 W DAT 0x0B
t_wall=1785583168.862 t=1895656205 W DAT 0x11
t_wall=1785583168.862 t=1895656258 W DAT 0x0B
t_wall=1785583168.862 t=1895656311 W DAT 0x0B
t_wall=1785583168.863 t=1895656364 W DAT 0x00 (CGRAM ref #0)
t_wall=1785583168.863 t=1895656544 W CMD 0x0C [DISP_CTRL disp=1 cur=0 blink=0]
t_wall=1785583168.866 t=1895660325 W CMD 0x78 [SET_CGRAM 0x38]
t_wall=1785583168.866 t=1895660383 W DAT 0x03 (CGRAM ref #3)
t_wall=1785583168.866 t=1895660421 W DAT 0x07 (CGRAM ref #7)
t_wall=1785583168.866 t=1895660460 W DAT 0x0B
t_wall=1785583168.870 t=1895664306 W DAT 0x18
t_wall=1785583168.873 t=1895668168 W DAT 0x1F
t_wall=1785583168.877 t=1895671986 W DAT 0x19
t_wall=1785583168.881 t=1895675820 W DAT 0x19
t_wall=1785583168.885 t=1895679697 W DAT 0x1F
t_wall=1785583168.893 t=1895686747 W CMD 0x0C [DISP_CTRL disp=1 cur=0 blink=0]
t_wall=1785583168.943 t=1895737046 W CMD 0x78 [SET_CGRAM 0x38]
t_wall=1785583168.943 t=1895737104 W DAT 0x07 (CGRAM ref #7)
t_wall=1785583168.943 t=1895737142 W DAT 0x03 (CGRAM ref #3)
t_wall=1785583168.944 t=1895737180 W DAT 0x0F
t_wall=1785583168.946 t=1895741024 W DAT 0x1C
t_wall=1785583168.950 t=1895744872 W DAT 0x1F
t_wall=1785583168.954 t=1895748706 W DAT 0x19
t_wall=1785583168.958 t=1895752550 W DAT 0x1D
t_wall=1785583168.962 t=1895756367 W DAT 0x1F
t_wall=1785583168.967 t=1895761284 W CMD 0x0C [DISP_CTRL disp=1 cur=0 blink=0]
t_wall=1785583169.029 t=1895823538 W CMD 0x78 [SET_CGRAM 0x38]
t_wall=1785583169.030 t=1895823596 W DAT 0x07 (CGRAM ref #7)
t_wall=1785583169.030 t=1895823634 W DAT 0x07 (CGRAM ref #7)
t_wall=1785583169.030 t=1895823672 W DAT 0x0F
t_wall=1785583169.033 t=1895827534 W DAT 0x1C
t_wall=1785583169.037 t=1895831351 W DAT 0x1F
t_wall=1785583169.041 t=1895835167 W DAT 0x19
t_wall=1785583169.044 t=1895839044 W DAT 0x1D
t_wall=1785583169.048 t=1895842877 W DAT 0x1F
t_wall=1785583169.061 t=1895855037 W CMD 0x0C [DISP_CTRL disp=1 cur=0 blink=0]
t_wall=1785583169.112 t=1895906515 W CMD 0x60 [SET_CGRAM 0x20]
t_wall=1785583169.112 t=1895906574 W DAT 0x0B
t_wall=1785583169.113 t=1895906627 W DAT 0x1B
t_wall=1785583169.113 t=1895906680 W DAT 0x01 (CGRAM ref #1)
t_wall=1785583169.114 t=1895906732 W DAT 0x0B
t_wall=1785583169.114 t=1895906785 W DAT 0x11
t_wall=1785583169.114 t=1895906838 W DAT 0x0A
t_wall=1785583169.115 t=1895906891 W DAT 0x0B
t_wall=1785583169.115 t=1895906944 W DAT 0x00 (CGRAM ref #0)
t_wall=1785583169.116 t=1895908416 W CMD 0x0C [DISP_CTRL disp=1 cur=0 blink=0]
t_wall=1785583169.117 t=1895910982 W CMD 0x78 [SET_CGRAM 0x38]
t_wall=1785583169.117 t=1895911069 W DAT 0x07 (CGRAM ref #7)
t_wall=1785583169.118 t=1895911108 W DAT 0x07 (CGRAM ref #7)
t_wall=1785583169.118 t=1895911146 W DAT 0x0B
t_wall=1785583169.120 t=1895914961 W DAT 0x1C
t_wall=1785583169.124 t=1895918810 W DAT 0x1F
t_wall=1785583169.128 t=1895922674 W DAT 0x19
t_wall=1785583169.132 t=1895926490 W DAT 0x1D
t_wall=1785583169.136 t=1895930307 W DAT 0x1F
t_wall=1785583169.139 t=1895933579 W CMD 0x40 [SET_CGRAM 0x00]
t_wall=1785583169.140 t=1895933637 W DAT 0x00 (CGRAM ref #0)
t_wall=1785583169.140 t=1895933690 W DAT 0x1A
t_wall=1785583169.140 t=1895933743 W DAT 0x1B
t_wall=1785583169.141 t=1895933796 W DAT 0x1B
t_wall=1785583169.141 t=1895933848 W DAT 0x1B
t_wall=1785583169.142 t=1895933902 W DAT 0x1B
t_wall=1785583169.142 t=1895933954 W DAT 0x00 (CGRAM ref #0)
t_wall=1785583169.143 t=1895934007 W DAT 0x05 (CGRAM ref #5)
t_wall=1785583169.144 t=1895934187 W CMD 0x0C [DISP_CTRL disp=1 cur=0 blink=0]
t_wall=1785583169.194 t=1895988240 W CMD 0x78 [SET_CGRAM 0x38]
t_wall=1785583169.195 t=1895988328 W DAT 0x07 (CGRAM ref #7)
t_wall=1785583169.196 t=1895988366 W DAT 0x07 (CGRAM ref #7)
t_wall=1785583169.196 t=1895988404 W DAT 0x0F
t_wall=1785583169.198 t=1895992221 W DAT 0x18
t_wall=1785583169.202 t=1895996119 W DAT 0x1F
t_wall=1785583169.205 t=1895999954 W DAT 0x19
t_wall=1785583169.209 t=1896003771 W DAT 0x19
t_wall=1785583169.213 t=1896007616 W DAT 0x1F
t_wall=1785583169.219 t=1896013518 W CMD 0x0C [DISP_CTRL disp=1 cur=0 blink=0]
t_wall=1785583169.273 t=1896067530 W CMD 0x78 [SET_CGRAM 0x38]
t_wall=1785583169.273 t=1896067588 W DAT 0x03 (CGRAM ref #3)
t_wall=1785583169.274 t=1896067626 W DAT 0x07 (CGRAM ref #7)
t_wall=1785583169.274 t=1896067665 W DAT 0x0B
t_wall=1785583169.277 t=1896071508 W DAT 0x18
t_wall=1785583169.281 t=1896075357 W DAT 0x1F
t_wall=1785583169.285 t=1896079192 W DAT 0x19
t_wall=1785583169.288 t=1896083036 W DAT 0x19
t_wall=1785583169.292 t=1896086852 W DAT 0x1F
t_wall=1785583169.299 t=1896093052 W CMD 0x58 [SET_CGRAM 0x18]
t_wall=1785583169.299 t=1896093110 W DAT 0x0E
t_wall=1785583169.299 t=1896093163 W DAT 0x1F
t_wall=1785583169.302 t=1896096998 W DAT 0x0C
t_wall=1785583169.307 t=1896100815 W DAT 0x02 (CGRAM ref #2)
t_wall=1785583169.308 t=1896100853 W DAT 0x1D
t_wall=1785583169.310 t=1896104699 W DAT 0x0A
t_wall=1785583169.314 t=1896108548 W DAT 0x06 (CGRAM ref #6)
t_wall=1785583169.314 t=1896108587 W DAT 0x0A
t_wall=1785583169.317 t=1896110896 W CMD 0x60 [SET_CGRAM 0x20]
t_wall=1785583169.317 t=1896110954 W DAT 0x0B
t_wall=1785583169.317 t=1896111007 W DAT 0x1B
t_wall=1785583169.318 t=1896111060 W DAT 0x01 (CGRAM ref #1)
t_wall=1785583169.318 t=1896111112 W DAT 0x0A
t_wall=1785583169.318 t=1896111180 W DAT 0x11
t_wall=1785583169.318 t=1896111233 W DAT 0x0B
t_wall=1785583169.318 t=1896111307 W DAT 0x0B
t_wall=1785583169.319 t=1896111360 W DAT 0x00 (CGRAM ref #0)
t_wall=1785583169.319 t=1896112854 W CMD 0x0C [DISP_CTRL disp=1 cur=0 blink=0]
t_wall=1785583169.366 t=1896160604 W CMD 0x78 [SET_CGRAM 0x38]
t_wall=1785583169.367 t=1896160662 W DAT 0x07 (CGRAM ref #7)
t_wall=1785583169.368 t=1896160700 W DAT 0x03 (CGRAM ref #3)
t_wall=1785583169.368 t=1896160738 W DAT 0x0F
t_wall=1785583169.370 t=1896164556 W DAT 0x1C
t_wall=1785583169.374 t=1896168401 W DAT 0x1F
t_wall=1785583169.378 t=1896172251 W DAT 0x19
t_wall=1785583169.381 t=1896176114 W DAT 0x1D
t_wall=1785583169.385 t=1896179930 W DAT 0x1F
t_wall=1785583169.400 t=1896193416 W CMD 0x0C [DISP_CTRL disp=1 cur=0 blink=0]
t_wall=1785583169.443 t=1896237363 W CMD 0x78 [SET_CGRAM 0x38]
t_wall=1785583169.444 t=1896237422 W DAT 0x07 (CGRAM ref #7)
t_wall=1785583169.445 t=1896237460 W DAT 0x07 (CGRAM ref #7)
t_wall=1785583169.445 t=1896237498 W DAT 0x0F
t_wall=1785583169.447 t=1896241343 W DAT 0x1C
t_wall=1785583169.451 t=1896245159 W DAT 0x1F
t_wall=1785583169.454 t=1896249007 W DAT 0x19
t_wall=1785583169.458 t=1896252870 W DAT 0x1D
t_wall=1785583169.462 t=1896256709 W DAT 0x1F
t_wall=1785583169.473 t=1896267546 W CMD 0x0C [DISP_CTRL disp=1 cur=0 blink=0]
t_wall=1785583169.526 t=1896320389 W CMD 0x60 [SET_CGRAM 0x20]
t_wall=1785583169.526 t=1896320448 W DAT 0x0A
t_wall=1785583169.527 t=1896320500 W DAT 0x1B
t_wall=1785583169.527 t=1896320553 W DAT 0x00 (CGRAM ref #0)
t_wall=1785583169.527 t=1896320606 W DAT 0x0A
t_wall=1785583169.528 t=1896320679 W DAT 0x11
t_wall=1785583169.528 t=1896320732 W DAT 0x0A
t_wall=1785583169.529 t=1896320785 W DAT 0x0A
t_wall=1785583169.530 t=1896320838 W DAT 0x00 (CGRAM ref #0)
t_wall=1785583169.531 t=1896321019 W CMD 0x0C [DISP_CTRL disp=1 cur=0 blink=0]
t_wall=1785583169.532 t=1896324829 W CMD 0x78 [SET_CGRAM 0x38]
t_wall=1785583169.533 t=1896324887 W DAT 0x07 (CGRAM ref #7)
t_wall=1785583169.534 t=1896324925 W DAT 0x07 (CGRAM ref #7)
t_wall=1785583169.534 t=1896324963 W DAT 0x0B
t_wall=1785583169.535 t=1896328810 W DAT 0x1C
t_wall=1785583169.538 t=1896332666 W DAT 0x1F
t_wall=1785583169.542 t=1896336510 W DAT 0x19
t_wall=1785583169.546 t=1896340326 W DAT 0x1D
t_wall=1785583169.550 t=1896344177 W DAT 0x1F
t_wall=1785583169.556 t=1896349972 W CMD 0x0C [DISP_CTRL disp=1 cur=0 blink=0]
t_wall=1785583169.612 t=1896401468 W CMD 0x78 [SET_CGRAM 0x38]
t_wall=1785583169.618 t=1896401556 W DAT 0x07 (CGRAM ref #7)
t_wall=1785583169.623 t=1896401594 W DAT 0x07 (CGRAM ref #7)
t_wall=1785583169.627 t=1896401632 W DAT 0x0F
t_wall=1785583169.631 t=1896405448 W DAT 0x18
t_wall=1785583169.635 t=1896409298 W DAT 0x1F
t_wall=1785583169.638 t=1896413159 W DAT 0x19
t_wall=1785583169.641 t=1896416976 W DAT 0x19
t_wall=1785583169.646 t=1896420823 W DAT 0x1F
t_wall=1785583169.651 t=1896423286 W CMD 0x40 [SET_CGRAM 0x00]
t_wall=1785583169.658 t=1896423359 W DAT 0x00 (CGRAM ref #0)
t_wall=1785583169.661 t=1896423412 W DAT 0x1B
t_wall=1785583169.665 t=1896423465 W DAT 0x1B
t_wall=1785583169.668 t=1896423518 W DAT 0x1B
t_wall=1785583169.671 t=1896423586 W DAT 0x1B
t_wall=1785583169.675 t=1896423638 W DAT 0x1B
t_wall=1785583169.680 t=1896423691 W DAT 0x00 (CGRAM ref #0)
t_wall=1785583169.685 t=1896423744 W DAT 0x05 (CGRAM ref #5)
t_wall=1785583169.693 t=1896423924 W CMD 0x0C [DISP_CTRL disp=1 cur=0 blink=0]
t_wall=1785583169.699 t=1896484967 W CMD 0x60 [SET_CGRAM 0x20]
t_wall=1785583169.702 t=1896485055 W DAT 0x0B
t_wall=1785583169.704 t=1896485108 W DAT 0x1B
t_wall=1785583169.710 t=1896485161 W DAT 0x00 (CGRAM ref #0)
t_wall=1785583169.713 t=1896485213 W DAT 0x0B
t_wall=1785583169.716 t=1896485281 W DAT 0x10
t_wall=1785583169.719 t=1896485333 W DAT 0x0B
t_wall=1785583169.722 t=1896485386 W DAT 0x0B
t_wall=1785583169.728 t=1896485439 W DAT 0x00 (CGRAM ref #0)
t_wall=1785583169.736 t=1896485619 W CMD 0x0C [DISP_CTRL disp=1 cur=0 blink=0]
t_wall=1785583169.741 t=1896490324 W CMD 0x78 [SET_CGRAM 0x38]
t_wall=1785583169.745 t=1896490411 W DAT 0x03 (CGRAM ref #3)
t_wall=1785583169.749 t=1896490450 W DAT 0x07 (CGRAM ref #7)
t_wall=1785583169.752 t=1896490488 W DAT 0x0B
t_wall=1785583169.754 t=1896494305 W DAT 0x18
t_wall=1785583169.757 t=1896498151 W DAT 0x1F
t_wall=1785583169.759 t=1896501999 W DAT 0x19
t_wall=1785583169.762 t=1896505860 W DAT 0x19
t_wall=1785583169.765 t=1896509637 W DAT 0x1F
t_wall=1785583169.770 t=1896526912 W CMD 0x0C [DISP_CTRL disp=1 cur=0 blink=0]
t_wall=1785583169.775 t=1896566366 W CMD 0x78 [SET_CGRAM 0x38]
t_wall=1785583169.779 t=1896566425 W DAT 0x07 (CGRAM ref #7)
t_wall=1785583169.782 t=1896566463 W DAT 0x03 (CGRAM ref #3)
t_wall=1785583169.784 t=1896566501 W DAT 0x0F
t_wall=1785583169.786 t=1896570362 W DAT 0x1C
t_wall=1785583169.788 t=1896574179 W DAT 0x1F
t_wall=1785583169.790 t=1896577998 W DAT 0x19
t_wall=1785583169.792 t=1896581874 W DAT 0x1D
t_wall=1785583169.794 t=1896585707 W DAT 0x1F
t_wall=1785583169.801 t=1896590644 W CMD 0x0C [DISP_CTRL disp=1 cur=0 blink=0]
t_wall=1785583169.859 t=1896652893 W CMD 0x78 [SET_CGRAM 0x38]
t_wall=1785583169.859 t=1896652981 W DAT 0x07 (CGRAM ref #7)
t_wall=1785583169.860 t=1896653019 W DAT 0x07 (CGRAM ref #7)
t_wall=1785583169.860 t=1896653057 W DAT 0x0F
t_wall=1785583169.862 t=1896656901 W DAT 0x18
t_wall=1785583169.866 t=1896660751 W DAT 0x1F
t_wall=1785583169.870 t=1896664612 W DAT 0x19
t_wall=1785583169.874 t=1896668429 W DAT 0x19
t_wall=1785583169.878 t=1896672247 W DAT 0x1F
t_wall=1785583169.883 t=1896677249 W CMD 0x0C [DISP_CTRL disp=1 cur=0 blink=0]
t_wall=1785583170.357 # ALIVE us=1897150959 ring_depth=0 drops=0
t_wall=1785583172.111 t=1898905203 W CMD 0x58 [SET_CGRAM 0x18]
t_wall=1785583172.111 t=1898905261 W DAT 0x0E
t_wall=1785583172.112 t=1898905314 W DAT 0x1B
t_wall=1785583172.114 t=1898909164 W DAT 0x0C
t_wall=1785583172.118 t=1898912995 W DAT 0x06 (CGRAM ref #6)
t_wall=1785583172.118 t=1898913033 W DAT 0x1D
t_wall=1785583172.122 t=1898916880 W DAT 0x0E
t_wall=1785583172.126 t=1898920697 W DAT 0x06 (CGRAM ref #6)
t_wall=1785583172.126 t=1898920736 W DAT 0x0E
t_wall=1785583172.133 t=1898927759 W CMD 0x0C [DISP_CTRL disp=1 cur=0 blink=0]
t_wall=1785583172.357 # ALIVE us=1899151004 ring_depth=0 drops=0
t_wall=1785583172.483 t=1899277776 W CMD 0x58 [SET_CGRAM 0x18]
t_wall=1785583172.483 t=1899277834 W DAT 0x0E
t_wall=1785583172.483 t=1899277886 W DAT 0x1F
t_wall=1785583172.487 t=1899281702 W DAT 0x08
t_wall=1785583172.491 t=1899285519 W DAT 0x06 (CGRAM ref #6)
t_wall=1785583172.491 t=1899285557 W DAT 0x19
t_wall=1785583172.495 t=1899289435 W DAT 0x0E
t_wall=1785583172.499 t=1899293268 W DAT 0x06 (CGRAM ref #6)
t_wall=1785583172.499 t=1899293306 W DAT 0x0E
t_wall=1785583172.507 t=1899300837 W CMD 0x0C [DISP_CTRL disp=1 cur=0 blink=0]
t_wall=1785583172.566 t=1899360862 W CMD 0x58 [SET_CGRAM 0x18]
t_wall=1785583172.566 t=1899360934 W DAT 0x0C
t_wall=1785583172.567 t=1899360987 W DAT 0x1F
t_wall=1785583172.570 t=1899364803 W DAT 0x0C
t_wall=1785583172.574 t=1899368653 W DAT 0x04 (CGRAM ref #4)
t_wall=1785583172.574 t=1899368691 W DAT 0x1F
t_wall=1785583172.578 t=1899372552 W DAT 0x0C
t_wall=1785583172.582 t=1899376370 W DAT 0x06 (CGRAM ref #6)
t_wall=1785583172.582 t=1899376408 W DAT 0x0C
t_wall=1785583172.586 t=1899380059 W CMD 0x0C [DISP_CTRL disp=1 cur=0 blink=0]
t_wall=1785583172.643 t=1899437570 W CMD 0x70 [SET_CGRAM 0x30]
t_wall=1785583172.644 t=1899437629 W DAT 0x00 (CGRAM ref #0)
t_wall=1785583172.644 t=1899437681 W DAT 0x00 (CGRAM ref #0)
t_wall=1785583172.645 t=1899437734 W DAT 0x00 (CGRAM ref #0)
t_wall=1785583172.646 t=1899437787 W DAT 0x01 (CGRAM ref #1)
t_wall=1785583172.646 t=1899437839 W DAT 0x01 (CGRAM ref #1)
t_wall=1785583172.647 t=1899437893 W DAT 0x01 (CGRAM ref #1)
t_wall=1785583172.647 t=1899437945 W DAT 0x01 (CGRAM ref #1)
t_wall=1785583172.647 t=1899437999 W DAT 0x01 (CGRAM ref #1)
t_wall=1785583172.648 t=1899439509 W CMD 0x0C [DISP_CTRL disp=1 cur=0 blink=0]
t_wall=1785583172.650 t=1899444570 W CMD 0x58 [SET_CGRAM 0x18]
t_wall=1785583172.650 t=1899444628 W DAT 0x08
t_wall=1785583172.651 t=1899444681 W DAT 0x1F
t_wall=1785583172.654 t=1899448580 W DAT 0x0C
t_wall=1785583172.658 t=1899452414 W DAT 0x04 (CGRAM ref #4)
t_wall=1785583172.658 t=1899452452 W DAT 0x1F
t_wall=1785583172.662 t=1899456268 W DAT 0x08
t_wall=1785583172.666 t=1899460113 W DAT 0x06 (CGRAM ref #6)
t_wall=1785583172.666 t=1899460151 W DAT 0x08
t_wall=1785583172.670 t=1899464615 W CMD 0x0C [DISP_CTRL disp=1 cur=0 blink=0]
t_wall=1785583172.723 t=1899517621 W CMD 0x58 [SET_CGRAM 0x18]
t_wall=1785583172.723 t=1899517679 W DAT 0x0C
t_wall=1785583172.724 t=1899517732 W DAT 0x1F
t_wall=1785583172.727 t=1899521575 W DAT 0x0C
t_wall=1785583172.731 t=1899525391 W DAT 0x00 (CGRAM ref #0)
t_wall=1785583172.735 t=1899529241 W DAT 0x1F
t_wall=1785583172.738 t=1899533102 W DAT 0x0C
t_wall=1785583172.742 t=1899536919 W DAT 0x06 (CGRAM ref #6)
t_wall=1785583172.743 t=1899536957 W DAT 0x0C
t_wall=1785583172.746 t=1899540567 W CMD 0x0C [DISP_CTRL disp=1 cur=0 blink=0]
t_wall=1785583172.810 t=1899604307 W CMD 0x58 [SET_CGRAM 0x18]
t_wall=1785583172.810 t=1899604366 W DAT 0x0E
t_wall=1785583172.813 t=1899604419 W DAT 0x1B
t_wall=1785583172.813 t=1899608295 W DAT 0x0E
t_wall=1785583172.817 t=1899612130 W DAT 0x04 (CGRAM ref #4)
t_wall=1785583172.818 t=1899612168 W DAT 0x1F
t_wall=1785583172.821 t=1899616012 W DAT 0x0E
t_wall=1785583172.825 t=1899619829 W DAT 0x06 (CGRAM ref #6)
t_wall=1785583172.825 t=1899619867 W DAT 0x0E
t_wall=1785583172.829 t=1899623594 W CMD 0x0C [DISP_CTRL disp=1 cur=0 blink=0]
t_wall=1785583172.893 t=1899687248 W CMD 0x58 [SET_CGRAM 0x18]
t_wall=1785583172.893 t=1899687306 W DAT 0x0E
t_wall=1785583172.893 t=1899687359 W DAT 0x1F
t_wall=1785583172.896 t=1899691222 W DAT 0x0A
t_wall=1785583172.900 t=1899695037 W DAT 0x04 (CGRAM ref #4)
t_wall=1785583172.901 t=1899695075 W DAT 0x1B
t_wall=1785583172.904 t=1899698893 W DAT 0x0E
t_wall=1785583172.908 t=1899702771 W DAT 0x06 (CGRAM ref #6)
t_wall=1785583172.908 t=1899702810 W DAT 0x0E
t_wall=1785583172.913 t=1899707786 W CMD 0x0C [DISP_CTRL disp=1 cur=0 blink=0]
t_wall=1785583172.977 t=1899771174 W CMD 0x58 [SET_CGRAM 0x18]
t_wall=1785583172.977 t=1899771232 W DAT 0x0E
t_wall=1785583172.978 t=1899771285 W DAT 0x1E
t_wall=1785583172.980 t=1899775131 W DAT 0x0E
t_wall=1785583172.985 t=1899778948 W DAT 0x06 (CGRAM ref #6)
t_wall=1785583172.985 t=1899779007 W DAT 0x1E
t_wall=1785583172.988 t=1899782855 W DAT 0x0C
t_wall=1785583172.992 t=1899786719 W DAT 0x06 (CGRAM ref #6)
t_wall=1785583172.993 t=1899786757 W DAT 0x0E
t_wall=1785583172.996 t=1899790357 W CMD 0x0C [DISP_CTRL disp=1 cur=0 blink=0]
t_wall=1785583173.049 t=1899843408 W CMD 0x58 [SET_CGRAM 0x18]
t_wall=1785583173.049 t=1899843467 W DAT 0x0A
t_wall=1785583173.049 t=1899843520 W DAT 0x1E
t_wall=1785583173.053 t=1899847353 W DAT 0x0E
t_wall=1785583173.057 t=1899851199 W DAT 0x06 (CGRAM ref #6)
t_wall=1785583173.057 t=1899851237 W DAT 0x1E
t_wall=1785583173.060 t=1899855053 W DAT 0x08
t_wall=1785583173.064 t=1899858903 W DAT 0x06 (CGRAM ref #6)
t_wall=1785583173.065 t=1899858941 W DAT 0x0A
t_wall=1785583173.071 t=1899865156 W CMD 0x0C [DISP_CTRL disp=1 cur=0 blink=0]
t_wall=1785583173.126 t=1899920108 W CMD 0x70 [SET_CGRAM 0x30]
t_wall=1785583173.126 t=1899920167 W DAT 0x00 (CGRAM ref #0)
t_wall=1785583173.127 t=1899920220 W DAT 0x00 (CGRAM ref #0)
t_wall=1785583173.127 t=1899920273 W DAT 0x00 (CGRAM ref #0)
t_wall=1785583173.128 t=1899920326 W DAT 0x00 (CGRAM ref #0)
t_wall=1785583173.128 t=1899920393 W DAT 0x01 (CGRAM ref #1)
t_wall=1785583173.129 t=1899920446 W DAT 0x01 (CGRAM ref #1)
t_wall=1785583173.129 t=1899920499 W DAT 0x01 (CGRAM ref #1)
t_wall=1785583173.130 t=1899920552 W DAT 0x01 (CGRAM ref #1)
t_wall=1785583173.131 t=1899922100 W CMD 0x0C [DISP_CTRL disp=1 cur=0 blink=0]
t_wall=1785583173.133 t=1899927165 W CMD 0x58 [SET_CGRAM 0x18]
t_wall=1785583173.133 t=1899927253 W DAT 0x0E
t_wall=1785583173.133 t=1899927306 W DAT 0x1E
t_wall=1785583173.136 t=1899931122 W DAT 0x0E
t_wall=1785583173.140 t=1899934990 W DAT 0x02 (CGRAM ref #2)
t_wall=1785583173.140 t=1899935028 W DAT 0x1E
t_wall=1785583173.144 t=1899938876 W DAT 0x0C
t_wall=1785583173.148 t=1899942709 W DAT 0x06 (CGRAM ref #6)
t_wall=1785583173.148 t=1899942747 W DAT 0x0E
t_wall=1785583173.153 t=1899947227 W CMD 0x0C [DISP_CTRL disp=1 cur=0 blink=0]
t_wall=1785583173.205 t=1900000162 W CMD 0x58 [SET_CGRAM 0x18]
t_wall=1785583173.206 t=1900000221 W DAT 0x0E
t_wall=1785583173.206 t=1900000273 W DAT 0x1A
t_wall=1785583173.209 t=1900004120 W DAT 0x0E
t_wall=1785583173.213 t=1900007953 W DAT 0x06 (CGRAM ref #6)
t_wall=1785583173.213 t=1900007991 W DAT 0x1E
t_wall=1785583173.217 t=1900011838 W DAT 0x0E
t_wall=1785583173.221 t=1900015672 W DAT 0x06 (CGRAM ref #6)
t_wall=1785583173.221 t=1900015710 W DAT 0x0E
t_wall=1785583173.226 t=1900020703 W CMD 0x0C [DISP_CTRL disp=1 cur=0 blink=0]
t_wall=1785583173.289 t=1900083213 W CMD 0x58 [SET_CGRAM 0x18]
t_wall=1785583173.289 t=1900083301 W DAT 0x0E
t_wall=1785583173.290 t=1900083354 W DAT 0x1E
t_wall=1785583173.293 t=1900087185 W DAT 0x0A
t_wall=1785583173.297 t=1900091024 W DAT 0x06 (CGRAM ref #6)
t_wall=1785583173.297 t=1900091062 W DAT 0x1A
t_wall=1785583173.300 t=1900094908 W DAT 0x0E
t_wall=1785583173.304 t=1900098758 W DAT 0x06 (CGRAM ref #6)
t_wall=1785583173.305 t=1900098796 W DAT 0x0E
t_wall=1785583173.310 t=1900103775 W CMD 0x0C [DISP_CTRL disp=1 cur=0 blink=0]
t_wall=1785583173.373 t=1900167162 W CMD 0x58 [SET_CGRAM 0x18]
t_wall=1785583173.373 t=1900167262 W DAT 0x0E
t_wall=1785583173.373 t=1900167315 W DAT 0x1E
t_wall=1785583173.376 t=1900171119 W DAT 0x0E
t_wall=1785583173.380 t=1900174938 W DAT 0x04 (CGRAM ref #4)
t_wall=1785583173.381 t=1900174976 W DAT 0x1E
t_wall=1785583173.384 t=1900178852 W DAT 0x0C
t_wall=1785583173.388 t=1900182685 W DAT 0x06 (CGRAM ref #6)
t_wall=1785583173.388 t=1900182723 W DAT 0x0C
t_wall=1785583173.393 t=1900187584 W CMD 0x0C [DISP_CTRL disp=1 cur=0 blink=0]
t_wall=1785583173.445 t=1900239350 W CMD 0x58 [SET_CGRAM 0x18]
t_wall=1785583173.445 t=1900239408 W DAT 0x0A
t_wall=1785583173.446 t=1900239462 W DAT 0x1E
t_wall=1785583173.449 t=1900243321 W DAT 0x0E
t_wall=1785583173.453 t=1900247137 W DAT 0x04 (CGRAM ref #4)
t_wall=1785583173.453 t=1900247175 W DAT 0x1E
t_wall=1785583173.456 t=1900250993 W DAT 0x08
t_wall=1785583173.460 t=1900254869 W DAT 0x06 (CGRAM ref #6)
t_wall=1785583173.461 t=1900254907 W DAT 0x08
t_wall=1785583173.466 t=1900259917 W CMD 0x0C [DISP_CTRL disp=1 cur=0 blink=0]
t_wall=1785583173.528 t=1900322398 W CMD 0x58 [SET_CGRAM 0x18]
t_wall=1785583173.529 t=1900322456 W DAT 0x0E
t_wall=1785583173.529 t=1900322509 W DAT 0x1E
t_wall=1785583173.532 t=1900326325 W DAT 0x0E
t_wall=1785583173.536 t=1900330172 W DAT 0x00 (CGRAM ref #0)
t_wall=1785583173.539 t=1900334019 W DAT 0x1E
t_wall=1785583173.543 t=1900337881 W DAT 0x0C
t_wall=1785583173.547 t=1900341698 W DAT 0x06 (CGRAM ref #6)
t_wall=1785583173.547 t=1900341736 W DAT 0x0C
t_wall=1785583173.551 t=1900345362 W CMD 0x0C [DISP_CTRL disp=1 cur=0 blink=0]
t_wall=1785583173.615 t=1900402899 W CMD 0x70 [SET_CGRAM 0x30]
t_wall=1785583173.619 t=1900402981 W DAT 0x00 (CGRAM ref #0)
t_wall=1785583173.622 t=1900403019 W DAT 0x00 (CGRAM ref #0)
t_wall=1785583173.626 t=1900403072 W DAT 0x00 (CGRAM ref #0)
t_wall=1785583173.631 t=1900403125 W DAT 0x00 (CGRAM ref #0)
t_wall=1785583173.636 t=1900403178 W DAT 0x00 (CGRAM ref #0)
t_wall=1785583173.639 t=1900403231 W DAT 0x01 (CGRAM ref #1)
t_wall=1785583173.642 t=1900403283 W DAT 0x01 (CGRAM ref #1)
t_wall=1785583173.645 t=1900403336 W DAT 0x01 (CGRAM ref #1)
t_wall=1785583173.648 t=1900403516 W CMD 0x0C [DISP_CTRL disp=1 cur=0 blink=0]
t_wall=1785583173.650 t=1900409849 W CMD 0x58 [SET_CGRAM 0x18]
t_wall=1785583173.651 t=1900409907 W DAT 0x0E
t_wall=1785583173.653 t=1900409960 W DAT 0x18
t_wall=1785583173.654 t=1900412898 W DAT 0x0E
t_wall=1785583173.656 t=1900416733 W DAT 0x06 (CGRAM ref #6)
t_wall=1785583173.658 t=1900416771 W DAT 0x1E
t_wall=1785583173.659 t=1900420589 W DAT 0x0E
t_wall=1785583173.661 t=1900424391 W DAT 0x06 (CGRAM ref #6)
t_wall=1785583173.662 t=1900424430 W DAT 0x0E
t_wall=1785583173.664 t=1900430244 W CMD 0x0C [DISP_CTRL disp=1 cur=0 blink=0]
t_wall=1785583173.688 t=1900481972 W CMD 0x58 [SET_CGRAM 0x18]
t_wall=1785583173.688 t=1900482031 W DAT 0x0E
t_wall=1785583173.689 t=1900482084 W DAT 0x1C
t_wall=1785583173.691 t=1900485902 W DAT 0x0A
t_wall=1785583173.695 t=1900489746 W DAT 0x06 (CGRAM ref #6)
t_wall=1785583173.696 t=1900489784 W DAT 0x1A
t_wall=1785583173.699 t=1900493632 W DAT 0x0E
t_wall=1785583173.703 t=1900497495 W DAT 0x06 (CGRAM ref #6)
t_wall=1785583173.704 t=1900497533 W DAT 0x0E
t_wall=1785583173.707 t=1900501113 W CMD 0x0C [DISP_CTRL disp=1 cur=0 blink=0]
t_wall=1785583173.770 t=1900564843 W CMD 0x58 [SET_CGRAM 0x18]
t_wall=1785583173.771 t=1900564902 W DAT 0x0E
t_wall=1785583173.771 t=1900564955 W DAT 0x1C
t_wall=1785583173.774 t=1900568773 W DAT 0x0E
t_wall=1785583173.778 t=1900572649 W DAT 0x06 (CGRAM ref #6)
t_wall=1785583173.778 t=1900572687 W DAT 0x1E
t_wall=1785583173.782 t=1900576521 W DAT 0x0C
t_wall=1785583173.786 t=1900580338 W DAT 0x06 (CGRAM ref #6)
t_wall=1785583173.786 t=1900580376 W DAT 0x0E
t_wall=1785583173.791 t=1900585305 W CMD 0x0C [DISP_CTRL disp=1 cur=0 blink=0]
t_wall=1785583173.853 t=1900647863 W CMD 0x58 [SET_CGRAM 0x18]
t_wall=1785583173.853 t=1900647950 W DAT 0x0A
t_wall=1785583173.853 t=1900648003 W DAT 0x1C
t_wall=1785583173.857 t=1900651850 W DAT 0x0E
t_wall=1785583173.861 t=1900655683 W DAT 0x06 (CGRAM ref #6)
t_wall=1785583173.861 t=1900655721 W DAT 0x1E
t_wall=1785583173.865 t=1900659568 W DAT 0x08
t_wall=1785583173.868 t=1900663383 W DAT 0x06 (CGRAM ref #6)
t_wall=1785583173.869 t=1900663421 W DAT 0x0A
t_wall=1785583173.878 t=1900672247 W CMD 0x0C [DISP_CTRL disp=1 cur=0 blink=0]
t_wall=1785583173.937 t=1900730991 W CMD 0x58 [SET_CGRAM 0x18]
t_wall=1785583173.937 t=1900731050 W DAT 0x0E
t_wall=1785583173.937 t=1900731102 W DAT 0x1C
t_wall=1785583173.940 t=1900734935 W DAT 0x0E
t_wall=1785583173.944 t=1900738753 W DAT 0x02 (CGRAM ref #2)
t_wall=1785583173.944 t=1900738791 W DAT 0x1E
t_wall=1785583173.948 t=1900742635 W DAT 0x0C
t_wall=1785583173.952 t=1900746484 W DAT 0x06 (CGRAM ref #6)
t_wall=1785583173.952 t=1900746522 W DAT 0x0E
t_wall=1785583173.958 t=1900751421 W CMD 0x0C [DISP_CTRL disp=1 cur=0 blink=0]
t_wall=1785583174.020 t=1900813953 W CMD 0x58 [SET_CGRAM 0x18]
t_wall=1785583174.020 t=1900814012 W DAT 0x0C
t_wall=1785583174.020 t=1900814065 W DAT 0x1A
t_wall=1785583174.023 t=1900817911 W DAT 0x0E
t_wall=1785583174.027 t=1900821727 W DAT 0x06 (CGRAM ref #6)
t_wall=1785583174.027 t=1900821765 W DAT 0x1E
t_wall=1785583174.031 t=1900825614 W DAT 0x0C
t_wall=1785583174.035 t=1900829478 W DAT 0x06 (CGRAM ref #6)
t_wall=1785583174.035 t=1900829516 W DAT 0x0C
t_wall=1785583174.039 t=1900833201 W CMD 0x0C [DISP_CTRL disp=1 cur=0 blink=0]
t_wall=1785583174.096 t=1900890735 W CMD 0x70 [SET_CGRAM 0x30]
t_wall=1785583174.097 t=1900890794 W DAT 0x00 (CGRAM ref #0)
t_wall=1785583174.097 t=1900890846 W DAT 0x00 (CGRAM ref #0)
t_wall=1785583174.098 t=1900890899 W DAT 0x00 (CGRAM ref #0)
t_wall=1785583174.098 t=1900890952 W DAT 0x00 (CGRAM ref #0)
t_wall=1785583174.099 t=1900891005 W DAT 0x00 (CGRAM ref #0)
t_wall=1785583174.099 t=1900891058 W DAT 0x00 (CGRAM ref #0)
t_wall=1785583174.100 t=1900891111 W DAT 0x01 (CGRAM ref #1)
t_wall=1785583174.100 t=1900891163 W DAT 0x01 (CGRAM ref #1)
t_wall=1785583174.101 t=1900891344 W CMD 0x0C [DISP_CTRL disp=1 cur=0 blink=0]
t_wall=1785583174.104 t=1900898493 W CMD 0x58 [SET_CGRAM 0x18]
t_wall=1785583174.104 t=1900898551 W DAT 0x0C
t_wall=1785583174.105 t=1900898604 W DAT 0x1E
t_wall=1785583174.107 t=1900902449 W DAT 0x0A
t_wall=1785583174.111 t=1900906299 W DAT 0x06 (CGRAM ref #6)
t_wall=1785583174.112 t=1900906337 W DAT 0x1A
t_wall=1785583174.115 t=1900910168 W DAT 0x0C
t_wall=1785583174.120 t=1900914036 W DAT 0x06 (CGRAM ref #6)
t_wall=1785583174.120 t=1900914074 W DAT 0x0C
t_wall=1785583174.123 t=1900917684 W CMD 0x0C [DISP_CTRL disp=1 cur=0 blink=0]
t_wall=1785583174.176 t=1900970684 W CMD 0x58 [SET_CGRAM 0x18]
t_wall=1785583174.176 t=1900970800 W DAT 0x0E
t_wall=1785583174.176 t=1900970852 W DAT 0x1E
t_wall=1785583174.180 t=1900974654 W DAT 0x0C
t_wall=1785583174.184 t=1900978471 W DAT 0x06 (CGRAM ref #6)
t_wall=1785583174.184 t=1900978509 W DAT 0x1E
t_wall=1785583174.187 t=1900982328 W DAT 0x0C
t_wall=1785583174.191 t=1900986203 W DAT 0x06 (CGRAM ref #6)
t_wall=1785583174.191 t=1900986241 W DAT 0x0E
t_wall=1785583174.195 t=1900989899 W CMD 0x0C [DISP_CTRL disp=1 cur=0 blink=0]
t_wall=1785583174.259 t=1901053662 W CMD 0x58 [SET_CGRAM 0x18]
t_wall=1785583174.259 t=1901053720 W DAT 0x0A
t_wall=1785583174.259 t=1901053773 W DAT 0x1E
t_wall=1785583174.263 t=1901057589 W DAT 0x0C
t_wall=1785583174.267 t=1901061436 W DAT 0x06 (CGRAM ref #6)
t_wall=1785583174.267 t=1901061474 W DAT 0x1E
t_wall=1785583174.270 t=1901065321 W DAT 0x08
t_wall=1785583174.274 t=1901069155 W DAT 0x06 (CGRAM ref #6)
t_wall=1785583174.275 t=1901069193 W DAT 0x0A
t_wall=1785583174.278 t=1901072903 W CMD 0x0C [DISP_CTRL disp=1 cur=0 blink=0]
t_wall=1785583174.343 t=1901137670 W CMD 0x58 [SET_CGRAM 0x18]
t_wall=1785583174.344 t=1901137752 W DAT 0x0E
t_wall=1785583174.348 t=1901143145 W DAT 0x1E
t_wall=1785583174.352 t=1901147007 W DAT 0x0C
t_wall=1785583174.356 t=1901150822 W DAT 0x02 (CGRAM ref #2)
t_wall=1785583174.357 t=1901150860 W DAT 0x1E
t_wall=1785583174.357 # ALIVE us=1901151053 ring_depth=0 drops=0
t_wall=1785583174.360 t=1901154677 W DAT 0x0C
t_wall=1785583174.364 t=1901158556 W DAT 0x06 (CGRAM ref #6)
t_wall=1785583174.364 t=1901158594 W DAT 0x0E
t_wall=1785583174.374 t=1901168118 W CMD 0x0C [DISP_CTRL disp=1 cur=0 blink=0]
t_wall=1785583174.422 t=1901216088 W CMD 0x58 [SET_CGRAM 0x18]
t_wall=1785583174.422 t=1901216218 W DAT 0x0E
t_wall=1785583174.423 t=1901216271 W DAT 0x1A
t_wall=1785583174.425 t=1901220148 W DAT 0x0C
t_wall=1785583174.429 t=1901223924 W DAT 0x06 (CGRAM ref #6)
t_wall=1785583174.429 t=1901223962 W DAT 0x1C
t_wall=1785583174.433 t=1901227812 W DAT 0x0E
t_wall=1785583174.437 t=1901231658 W DAT 0x06 (CGRAM ref #6)
t_wall=1785583174.437 t=1901231696 W DAT 0x0E
t_wall=1785583174.441 t=1901235390 W CMD 0x0C [DISP_CTRL disp=1 cur=0 blink=0]
t_wall=1785583174.498 t=1901292858 W CMD 0x70 [SET_CGRAM 0x30]
t_wall=1785583174.499 t=1901292916 W DAT 0x00 (CGRAM ref #0)
t_wall=1785583174.500 t=1901292983 W DAT 0x00 (CGRAM ref #0)
t_wall=1785583174.501 t=1901293036 W DAT 0x00 (CGRAM ref #0)
t_wall=1785583174.501 t=1901293088 W DAT 0x00 (CGRAM ref #0)
t_wall=1785583174.502 t=1901293156 W DAT 0x00 (CGRAM ref #0)
t_wall=1785583174.504 t=1901293209 W DAT 0x00 (CGRAM ref #0)
t_wall=1785583174.506 t=1901293262 W DAT 0x00 (CGRAM ref #0)
t_wall=1785583174.510 t=1901293315 W DAT 0x01 (CGRAM ref #1)
t_wall=1785583174.517 t=1901293495 W CMD 0x0C [DISP_CTRL disp=1 cur=0 blink=0]
t_wall=1785583174.520 t=1901299861 W CMD 0x58 [SET_CGRAM 0x18]
t_wall=1785583174.522 t=1901299977 W DAT 0x0E
t_wall=1785583174.524 t=1901300030 W DAT 0x1E
t_wall=1785583174.526 t=1901303890 W DAT 0x08
t_wall=1785583174.531 t=1901307707 W DAT 0x06 (CGRAM ref #6)
t_wall=1785583174.534 t=1901307746 W DAT 0x18
t_wall=1785583174.536 t=1901311564 W DAT 0x0E
t_wall=1785583174.539 t=1901315440 W DAT 0x06 (CGRAM ref #6)
t_wall=1785583174.542 t=1901315478 W DAT 0x0E
t_wall=1785583174.551 t=1901322479 W CMD 0x0C [DISP_CTRL disp=1 cur=0 blink=0]
t_wall=1785583174.581 t=1901372987 W CMD 0x58 [SET_CGRAM 0x18]
t_wall=1785583174.583 t=1901373045 W DAT 0x0C
t_wall=1785583174.584 t=1901373098 W DAT 0x1E
t_wall=1785583174.586 t=1901376917 W DAT 0x0C
t_wall=1785583174.588 t=1901380791 W DAT 0x04 (CGRAM ref #4)
t_wall=1785583174.589 t=1901380829 W DAT 0x1E
t_wall=1785583174.591 t=1901384661 W DAT 0x0C
t_wall=1785583174.606 t=1901388507 W DAT 0x06 (CGRAM ref #6)
t_wall=1785583174.611 t=1901388545 W DAT 0x0C
t_wall=1785583174.620 t=1901393407 W CMD 0x0C [DISP_CTRL disp=1 cur=0 blink=0]
t_wall=1785583174.668 t=1901455963 W CMD 0x58 [SET_CGRAM 0x18]
t_wall=1785583174.671 t=1901456021 W DAT 0x08
t_wall=1785583174.674 t=1901456074 W DAT 0x1E
t_wall=1785583174.677 t=1901458854 W DAT 0x0C
t_wall=1785583174.682 t=1901462686 W DAT 0x04 (CGRAM ref #4)
t_wall=1785583174.685 t=1901462724 W DAT 0x1E
t_wall=1785583174.688 t=1901466572 W DAT 0x08
t_wall=1785583174.693 t=1901470388 W DAT 0x06 (CGRAM ref #6)
t_wall=1785583174.695 t=1901470426 W DAT 0x08
t_wall=1785583174.700 t=1901475416 W CMD 0x0C [DISP_CTRL disp=1 cur=0 blink=0]
t_wall=1785583174.746 t=1901537897 W CMD 0x58 [SET_CGRAM 0x18]
t_wall=1785583174.748 t=1901537976 W DAT 0x0C
t_wall=1785583174.749 t=1901538058 W DAT 0x1E
t_wall=1785583174.751 t=1901541891 W DAT 0x0C
t_wall=1785583174.753 t=1901545709 W DAT 0x00 (CGRAM ref #0)
t_wall=1785583174.756 t=1901549554 W DAT 0x1E
t_wall=1785583174.760 t=1901553402 W DAT 0x0C
t_wall=1785583174.765 t=1901557237 W DAT 0x06 (CGRAM ref #6)
t_wall=1785583174.768 t=1901557275 W DAT 0x0C
t_wall=1785583174.775 t=1901560978 W CMD 0x0C [DISP_CTRL disp=1 cur=0 blink=0]
t_wall=1785583174.830 t=1901624711 W CMD 0x58 [SET_CGRAM 0x18]
t_wall=1785583174.831 t=1901624770 W DAT 0x0C
t_wall=1785583174.831 t=1901624823 W DAT 0x18
t_wall=1785583174.834 t=1901628639 W DAT 0x0C
t_wall=1785583174.838 t=1901632488 W DAT 0x04 (CGRAM ref #4)
t_wall=1785583174.838 t=1901632526 W DAT 0x1C
t_wall=1785583174.842 t=1901636388 W DAT 0x0C
t_wall=1785583174.846 t=1901640203 W DAT 0x06 (CGRAM ref #6)
t_wall=1785583174.846 t=1901640242 W DAT 0x0C
t_wall=1785583174.852 t=1901646006 W CMD 0x0C [DISP_CTRL disp=1 cur=0 blink=0]
t_wall=1785583174.903 t=1901697689 W CMD 0x58 [SET_CGRAM 0x18]
t_wall=1785583174.903 t=1901697748 W DAT 0x0C
t_wall=1785583174.904 t=1901697801 W DAT 0x1C
t_wall=1785583174.907 t=1901701635 W DAT 0x08
t_wall=1785583174.911 t=1901705450 W DAT 0x04 (CGRAM ref #4)
t_wall=1785583174.911 t=1901705488 W DAT 0x18
t_wall=1785583174.914 t=1901709333 W DAT 0x0C
t_wall=1785583174.918 t=1901713183 W DAT 0x06 (CGRAM ref #6)
t_wall=1785583174.919 t=1901713221 W DAT 0x0C
t_wall=1785583174.924 t=1901718155 W CMD 0x0C [DISP_CTRL disp=1 cur=0 blink=0]
t_wall=1785583174.986 t=1901780700 W CMD 0x58 [SET_CGRAM 0x18]
t_wall=1785583174.987 t=1901780758 W DAT 0x0C
t_wall=1785583174.990 t=1901784602 W DAT 0x1C
t_wall=1785583174.994 t=1901788419 W DAT 0x0C
t_wall=1785583174.998 t=1901792296 W DAT 0x00 (CGRAM ref #0)
t_wall=1785583175.001 t=1901796128 W DAT 0x1C
t_wall=1785583175.005 t=1901799945 W DAT 0x0C
t_wall=1785583175.009 t=1901803791 W DAT 0x06 (CGRAM ref #6)
t_wall=1785583175.009 t=1901803829 W DAT 0x0C
t_wall=1785583175.016 t=1901810119 W CMD 0x0C [DISP_CTRL disp=1 cur=0 blink=0]
t_wall=1785583176.357 # ALIVE us=1903151094 ring_depth=0 drops=0
t_wall=1785583176.927 t=1903721497 W CMD 0x58 [SET_CGRAM 0x18]
t_wall=1785583176.927 t=1903721556 W DAT 0x0C
t_wall=1785583176.928 t=1903721608 W DAT 0x1C
t_wall=1785583176.931 t=1903725509 W DAT 0x0C
t_wall=1785583176.935 t=1903729365 W DAT 0x00 (CGRAM ref #0)
t_wall=1785583176.938 t=1903733180 W DAT 0x1C
t_wall=1785583176.942 t=1903737025 W DAT 0x0C
t_wall=1785583176.946 t=1903740874 W DAT 0x06 (CGRAM ref #6)
t_wall=1785583176.946 t=1903740913 W DAT 0x0C
t_wall=1785583176.954 t=1903748362 W CMD 0x0C [DISP_CTRL disp=1 cur=0 blink=0]
t_wall=1785583177.005 t=1903799519 W CMD 0x58 [SET_CGRAM 0x18]
t_wall=1785583177.005 t=1903799577 W DAT 0x08
t_wall=1785583177.009 t=1903803425 W DAT 0x18
t_wall=1785583177.012 t=1903807259 W DAT 0x08
t_wall=1785583177.016 t=1903811102 W DAT 0x07 (CGRAM ref #7)
t_wall=1785583177.017 t=1903811140 W DAT 0x18
t_wall=1785583177.020 t=1903814959 W DAT 0x08
t_wall=1785583177.024 t=1903818808 W DAT 0x06 (CGRAM ref #6)
t_wall=1785583177.024 t=1903818846 W DAT 0x08
t_wall=1785583177.028 t=1903822544 W CMD 0x0C [DISP_CTRL disp=1 cur=0 blink=0]
t_wall=1785583177.096 t=1903888555 W CMD 0x58 [SET_CGRAM 0x18]
t_wall=1785583177.099 t=1903888613 W DAT 0x0C
t_wall=1785583177.102 t=1903888666 W DAT 0x1C
t_wall=1785583177.104 t=1903889640 W DAT 0x0C
t_wall=1785583177.108 t=1903893458 W DAT 0x00 (CGRAM ref #0)
t_wall=1785583177.110 t=1903897337 W DAT 0x1C
t_wall=1785583177.112 t=1903901170 W DAT 0x0C
t_wall=1785583177.114 t=1903905015 W DAT 0x06 (CGRAM ref #6)
t_wall=1785583177.115 t=1903905053 W DAT 0x0C
t_wall=1785583177.119 t=1903908625 W CMD 0x0C [DISP_CTRL disp=1 cur=0 blink=0]
t_wall=1785583177.169 t=1903963450 W CMD 0x58 [SET_CGRAM 0x18]
t_wall=1785583177.170 t=1903963509 W DAT 0x08
t_wall=1785583177.172 t=1903967324 W DAT 0x18
t_wall=1785583177.176 t=1903971169 W DAT 0x08
t_wall=1785583177.180 t=1903974945 W DAT 0x07 (CGRAM ref #7)
t_wall=1785583177.181 t=1903974983 W DAT 0x18
t_wall=1785583177.184 t=1903978858 W DAT 0x08
t_wall=1785583177.188 t=1903982692 W DAT 0x06 (CGRAM ref #6)
t_wall=1785583177.188 t=1903982730 W DAT 0x08
t_wall=1785583177.192 t=1903986418 W CMD 0x0C [DISP_CTRL disp=1 cur=0 blink=0]
t_wall=1785583177.258 t=1904051531 W CMD 0x58 [SET_CGRAM 0x18]
t_wall=1785583177.259 t=1904051589 W DAT 0x0C
t_wall=1785583177.259 t=1904051642 W DAT 0x1C
t_wall=1785583177.261 t=1904055519 W DAT 0x0C
t_wall=1785583177.265 t=1904059351 W DAT 0x00 (CGRAM ref #0)
t_wall=1785583177.269 t=1904063169 W DAT 0x1C
t_wall=1785583177.272 t=1904067015 W DAT 0x0C
t_wall=1785583177.276 t=1904070863 W DAT 0x06 (CGRAM ref #6)
t_wall=1785583177.277 t=1904070901 W DAT 0x0C
t_wall=1785583177.280 t=1904074641 W CMD 0x0C [DISP_CTRL disp=1 cur=0 blink=0]
t_wall=1785583177.346 t=1904141065 W CMD 0x58 [SET_CGRAM 0x18]
t_wall=1785583177.347 t=1904141123 W DAT 0x08
t_wall=1785583177.347 t=1904141176 W DAT 0x18
t_wall=1785583177.350 t=1904144995 W DAT 0x08
t_wall=1785583177.354 t=1904148839 W DAT 0x07 (CGRAM ref #7)
t_wall=1785583177.354 t=1904148877 W DAT 0x18
t_wall=1785583177.358 t=1904152749 W DAT 0x08
t_wall=1785583177.362 t=1904156580 W DAT 0x06 (CGRAM ref #6)
t_wall=1785583177.362 t=1904156618 W DAT 0x08
t_wall=1785583177.366 t=1904160306 W CMD 0x0C [DISP_CTRL disp=1 cur=0 blink=0]
t_wall=1785583177.420 t=1904214738 W CMD 0x58 [SET_CGRAM 0x18]
t_wall=1785583177.421 t=1904214826 W DAT 0x0C
t_wall=1785583177.421 t=1904214879 W DAT 0x1C
t_wall=1785583177.424 t=1904218711 W DAT 0x0C
t_wall=1785583177.428 t=1904222551 W DAT 0x00 (CGRAM ref #0)
t_wall=1785583177.431 t=1904226395 W DAT 0x1C
t_wall=1785583177.435 t=1904230243 W DAT 0x0C
t_wall=1785583177.439 t=1904234105 W DAT 0x06 (CGRAM ref #6)
t_wall=1785583177.440 t=1904234144 W DAT 0x0C
t_wall=1785583177.445 t=1904239863 W CMD 0x0C [DISP_CTRL disp=1 cur=0 blink=0]
t_wall=1785583177.499 t=1904293506 W CMD 0x58 [SET_CGRAM 0x18]
t_wall=1785583177.499 t=1904293564 W DAT 0x08
t_wall=1785583177.499 t=1904293617 W DAT 0x18
t_wall=1785583177.502 t=1904297479 W DAT 0x08
t_wall=1785583177.506 t=1904301294 W DAT 0x07 (CGRAM ref #7)
t_wall=1785583177.507 t=1904301333 W DAT 0x18
t_wall=1785583177.510 t=1904305150 W DAT 0x08
t_wall=1785583177.515 t=1904309028 W DAT 0x06 (CGRAM ref #6)
t_wall=1785583177.515 t=1904309066 W DAT 0x08
t_wall=1785583177.518 t=1904312734 W CMD 0x0C [DISP_CTRL disp=1 cur=0 blink=0]
t_wall=1785583177.584 t=1904378734 W CMD 0x58 [SET_CGRAM 0x18]
t_wall=1785583177.585 t=1904378834 W DAT 0x0C
t_wall=1785583177.585 t=1904378887 W DAT 0x1C
t_wall=1785583177.588 t=1904382691 W DAT 0x0C
t_wall=1785583177.592 t=1904386510 W DAT 0x00 (CGRAM ref #0)
t_wall=1785583177.595 t=1904390357 W DAT 0x1C
t_wall=1785583177.599 t=1904394218 W DAT 0x0C
t_wall=1785583177.603 t=1904398036 W DAT 0x06 (CGRAM ref #6)
t_wall=1785583177.604 t=1904398075 W DAT 0x0C
t_wall=1785583177.610 t=1904404305 W CMD 0x0C [DISP_CTRL disp=1 cur=0 blink=0]
t_wall=1785583177.662 t=1904456680 W CMD 0x58 [SET_CGRAM 0x18]
t_wall=1785583177.663 t=1904456753 W DAT 0x08
t_wall=1785583177.664 t=1904456806 W DAT 0x18
t_wall=1785583177.666 t=1904460645 W DAT 0x08
t_wall=1785583177.670 t=1904464463 W DAT 0x07 (CGRAM ref #7)
t_wall=1785583177.671 t=1904464501 W DAT 0x18
t_wall=1785583177.674 t=1904468378 W DAT 0x08
t_wall=1785583177.678 t=1904472211 W DAT 0x06 (CGRAM ref #6)
t_wall=1785583177.679 t=1904472249 W DAT 0x08
t_wall=1785583177.682 t=1904475989 W CMD 0x0C [DISP_CTRL disp=1 cur=0 blink=0]
t_wall=1785583177.736 t=1904531127 W CMD 0x58 [SET_CGRAM 0x18]
t_wall=1785583177.737 t=1904531186 W DAT 0x0C
t_wall=1785583177.737 t=1904531239 W DAT 0x1C
t_wall=1785583177.740 t=1904535071 W DAT 0x0C
t_wall=1785583177.745 t=1904538887 W DAT 0x00 (CGRAM ref #0)
t_wall=1785583177.748 t=1904542754 W DAT 0x1C
t_wall=1785583177.752 t=1904546603 W DAT 0x0C
t_wall=1785583177.756 t=1904550438 W DAT 0x06 (CGRAM ref #6)
t_wall=1785583177.756 t=1904550476 W DAT 0x0C
t_wall=1785583177.760 t=1904554144 W CMD 0x0C [DISP_CTRL disp=1 cur=0 blink=0]
t_wall=1785583177.826 t=1904620700 W CMD 0x58 [SET_CGRAM 0x18]
t_wall=1785583177.826 t=1904620759 W DAT 0x08
t_wall=1785583177.829 t=1904620811 W DAT 0x18
t_wall=1785583177.830 t=1904624660 W DAT 0x08
t_wall=1785583177.834 t=1904628520 W DAT 0x07 (CGRAM ref #7)
t_wall=1785583177.834 t=1904628559 W DAT 0x18
t_wall=1785583177.837 t=1904632375 W DAT 0x08
t_wall=1785583177.841 t=1904636194 W DAT 0x06 (CGRAM ref #6)
t_wall=1785583177.841 t=1904636232 W DAT 0x08
t_wall=1785583177.846 t=1904641191 W CMD 0x0C [DISP_CTRL disp=1 cur=0 blink=0]
t_wall=1785583177.899 t=1904694232 W CMD 0x58 [SET_CGRAM 0x18]
t_wall=1785583177.900 t=1904694290 W DAT 0x0C
t_wall=1785583177.900 t=1904694343 W DAT 0x1C
t_wall=1785583177.903 t=1904698159 W DAT 0x0C
t_wall=1785583177.907 t=1904702006 W DAT 0x00 (CGRAM ref #0)
t_wall=1785583177.911 t=1904705870 W DAT 0x1C
t_wall=1785583177.915 t=1904709703 W DAT 0x0C
t_wall=1785583177.919 t=1904713549 W DAT 0x06 (CGRAM ref #6)
t_wall=1785583177.920 t=1904713587 W DAT 0x0C
t_wall=1785583177.923 t=1904717235 W CMD 0x0C [DISP_CTRL disp=1 cur=0 blink=0]
t_wall=1785583177.989 t=1904783754 W CMD 0x58 [SET_CGRAM 0x18]
t_wall=1785583177.990 t=1904783812 W DAT 0x08
t_wall=1785583177.990 t=1904783865 W DAT 0x18
t_wall=1785583177.993 t=1904787727 W DAT 0x08
t_wall=1785583177.997 t=1904791545 W DAT 0x07 (CGRAM ref #7)
t_wall=1785583177.997 t=1904791583 W DAT 0x18
t_wall=1785583178.000 t=1904795398 W DAT 0x08
t_wall=1785583178.005 t=1904799298 W DAT 0x06 (CGRAM ref #6)
t_wall=1785583178.005 t=1904799336 W DAT 0x08
t_wall=1785583178.008 t=1904802926 W CMD 0x0C [DISP_CTRL disp=1 cur=0 blink=0]
t_wall=1785583178.063 t=1904857257 W CMD 0x58 [SET_CGRAM 0x18]
t_wall=1785583178.063 t=1904857315 W DAT 0x0C
t_wall=1785583178.064 t=1904857368 W DAT 0x1C
t_wall=1785583178.066 t=1904861213 W DAT 0x0C
t_wall=1785583178.070 t=1904865063 W DAT 0x00 (CGRAM ref #0)
t_wall=1785583178.074 t=1904868894 W DAT 0x1C
t_wall=1785583178.078 t=1904872740 W DAT 0x0C
t_wall=1785583178.082 t=1904876558 W DAT 0x06 (CGRAM ref #6)
t_wall=1785583178.082 t=1904876596 W DAT 0x0C
t_wall=1785583178.087 t=1904881651 W CMD 0x0C [DISP_CTRL disp=1 cur=0 blink=0]
t_wall=1785583178.152 t=1904946843 W CMD 0x58 [SET_CGRAM 0x18]
t_wall=1785583178.152 t=1904946902 W DAT 0x08
t_wall=1785583178.152 t=1904946954 W DAT 0x18
t_wall=1785583178.156 t=1904950771 W DAT 0x08
t_wall=1785583178.160 t=1904954589 W DAT 0x07 (CGRAM ref #7)
t_wall=1785583178.160 t=1904954627 W DAT 0x18
t_wall=1785583178.163 t=1904958503 W DAT 0x08
t_wall=1785583178.167 t=1904962336 W DAT 0x06 (CGRAM ref #6)
t_wall=1785583178.168 t=1904962375 W DAT 0x08
t_wall=1785583178.174 t=1904968501 W CMD 0x0C [DISP_CTRL disp=1 cur=0 blink=0]
t_wall=1785583178.225 t=1905020384 W CMD 0x58 [SET_CGRAM 0x18]
t_wall=1785583178.226 t=1905020443 W DAT 0x0C
t_wall=1785583178.226 t=1905020496 W DAT 0x1C
t_wall=1785583178.229 t=1905024327 W DAT 0x0C
t_wall=1785583178.233 t=1905028144 W DAT 0x00 (CGRAM ref #0)
t_wall=1785583178.237 t=1905031990 W DAT 0x1C
t_wall=1785583178.241 t=1905035763 W DAT 0x0C
t_wall=1785583178.245 t=1905039613 W DAT 0x06 (CGRAM ref #6)
t_wall=1785583178.245 t=1905039651 W DAT 0x0C
t_wall=1785583178.248 t=1905043349 W CMD 0x0C [DISP_CTRL disp=1 cur=0 blink=0]
t_wall=1785583178.314 t=1905109008 W CMD 0x58 [SET_CGRAM 0x18]
t_wall=1785583178.315 t=1905109067 W DAT 0x08
t_wall=1785583178.318 t=1905112885 W DAT 0x18
t_wall=1785583178.322 t=1905116760 W DAT 0x08
t_wall=1785583178.326 t=1905120594 W DAT 0x07 (CGRAM ref #7)
t_wall=1785583178.326 t=1905120632 W DAT 0x18
t_wall=1785583178.330 t=1905124449 W DAT 0x08
t_wall=1785583178.334 t=1905128294 W DAT 0x06 (CGRAM ref #6)
t_wall=1785583178.334 t=1905128332 W DAT 0x08
t_wall=1785583178.341 t=1905135382 W CMD 0x0C [DISP_CTRL disp=1 cur=0 blink=0]
t_wall=1785583178.356 # ALIVE us=1905151141 ring_depth=0 drops=0
t_wall=1785583178.403 t=1905198033 W CMD 0x58 [SET_CGRAM 0x18]
t_wall=1785583178.404 t=1905198091 W DAT 0x0C
t_wall=1785583178.404 t=1905198202 W DAT 0x1C
t_wall=1785583178.407 t=1905202007 W DAT 0x0C
t_wall=1785583178.411 t=1905205822 W DAT 0x00 (CGRAM ref #0)
t_wall=1785583178.411 t=1905205860 W DAT 0x1C
t_wall=1785583178.415 t=1905209677 W DAT 0x0C
t_wall=1785583178.419 t=1905213556 W DAT 0x06 (CGRAM ref #6)
t_wall=1785583178.419 t=1905213594 W DAT 0x0C
t_wall=1785583178.423 t=1905217236 W CMD 0x0C [DISP_CTRL disp=1 cur=0 blink=0]
t_wall=1785583178.478 t=1905272057 W CMD 0x58 [SET_CGRAM 0x18]
t_wall=1785583178.478 t=1905272115 W DAT 0x08
t_wall=1785583178.478 t=1905272168 W DAT 0x18
t_wall=1785583178.481 t=1905276047 W DAT 0x08
t_wall=1785583178.485 t=1905279878 W DAT 0x07 (CGRAM ref #7)
t_wall=1785583178.485 t=1905279916 W DAT 0x18
t_wall=1785583178.489 t=1905283734 W DAT 0x08
t_wall=1785583178.493 t=1905287580 W DAT 0x06 (CGRAM ref #6)
t_wall=1785583178.493 t=1905287618 W DAT 0x08
t_wall=1785583178.497 t=1905291390 W CMD 0x0C [DISP_CTRL disp=1 cur=0 blink=0]
t_wall=1785583178.562 t=1905357330 W CMD 0x58 [SET_CGRAM 0x18]
t_wall=1785583178.563 t=1905357389 W DAT 0x0C
t_wall=1785583178.563 t=1905357442 W DAT 0x1C
t_wall=1785583178.566 t=1905361287 W DAT 0x0C
t_wall=1785583178.570 t=1905365106 W DAT 0x00 (CGRAM ref #0)
t_wall=1785583178.574 t=1905368953 W DAT 0x1C
t_wall=1785583178.578 t=1905372814 W DAT 0x0C
t_wall=1785583178.582 t=1905376632 W DAT 0x06 (CGRAM ref #6)
t_wall=1785583178.582 t=1905376671 W DAT 0x0C
t_wall=1785583178.591 t=1905385390 W CMD 0x0C [DISP_CTRL disp=1 cur=0 blink=0]
t_wall=1785583178.641 t=1905435260 W CMD 0x58 [SET_CGRAM 0x18]
t_wall=1785583178.641 t=1905435318 W DAT 0x08
t_wall=1785583178.641 t=1905435371 W DAT 0x18
t_wall=1785583178.644 t=1905439204 W DAT 0x08
t_wall=1785583178.648 t=1905443022 W DAT 0x07 (CGRAM ref #7)
t_wall=1785583178.649 t=1905443060 W DAT 0x18
t_wall=1785583178.652 t=1905446905 W DAT 0x08
t_wall=1785583178.656 t=1905450754 W DAT 0x06 (CGRAM ref #6)
t_wall=1785583178.656 t=1905450792 W DAT 0x08
t_wall=1785583178.666 t=1905460384 W CMD 0x0C [DISP_CTRL disp=1 cur=0 blink=0]
t_wall=1785583178.725 t=1905519804 W CMD 0x58 [SET_CGRAM 0x18]
t_wall=1785583178.725 t=1905519862 W DAT 0x0C
t_wall=1785583178.726 t=1905519915 W DAT 0x1C
t_wall=1785583178.729 t=1905523731 W DAT 0x0C
t_wall=1785583178.733 t=1905527602 W DAT 0x00 (CGRAM ref #0)
t_wall=1785583178.733 t=1905527641 W DAT 0x1C
t_wall=1785583178.736 t=1905531500 W DAT 0x0C
t_wall=1785583178.741 t=1905535317 W DAT 0x06 (CGRAM ref #6)
t_wall=1785583178.741 t=1905535355 W DAT 0x0C
t_wall=1785583178.745 t=1905539809 W CMD 0x0C [DISP_CTRL disp=1 cur=0 blink=0]
t_wall=1785583178.800 t=1905594709 W CMD 0x58 [SET_CGRAM 0x18]
t_wall=1785583178.800 t=1905594767 W DAT 0x08
t_wall=1785583178.800 t=1905594820 W DAT 0x18
t_wall=1785583178.804 t=1905598637 W DAT 0x08
t_wall=1785583178.807 t=1905602455 W DAT 0x07 (CGRAM ref #7)
t_wall=1785583178.808 t=1905602493 W DAT 0x18
t_wall=1785583178.811 t=1905606368 W DAT 0x08
t_wall=1785583178.815 t=1905610202 W DAT 0x06 (CGRAM ref #6)
t_wall=1785583178.815 t=1905610240 W DAT 0x08
t_wall=1785583178.820 t=1905613951 W CMD 0x0C [DISP_CTRL disp=1 cur=0 blink=0]
t_wall=1785583178.885 t=1905679041 W CMD 0x58 [SET_CGRAM 0x18]
t_wall=1785583178.885 t=1905679099 W DAT 0x0C
t_wall=1785583178.886 t=1905679152 W DAT 0x1C
t_wall=1785583178.888 t=1905682970 W DAT 0x0C
t_wall=1785583178.893 t=1905686817 W DAT 0x00 (CGRAM ref #0)
t_wall=1785583178.896 t=1905690680 W DAT 0x1C
t_wall=1785583178.900 t=1905694498 W DAT 0x0C
t_wall=1785583178.904 t=1905698314 W DAT 0x06 (CGRAM ref #6)
t_wall=1785583178.904 t=1905698353 W DAT 0x0C
t_wall=1785583178.908 t=1905702107 W CMD 0x0C [DISP_CTRL disp=1 cur=0 blink=0]
t_wall=1785583178.974 t=1905768562 W CMD 0x58 [SET_CGRAM 0x18]
t_wall=1785583178.974 t=1905768620 W DAT 0x08
t_wall=1785583178.974 t=1905768673 W DAT 0x18
t_wall=1785583178.977 t=1905772490 W DAT 0x08
t_wall=1785583178.981 t=1905776334 W DAT 0x07 (CGRAM ref #7)
t_wall=1785583178.982 t=1905776372 W DAT 0x18
t_wall=1785583178.985 t=1905780220 W DAT 0x08
t_wall=1785583178.989 t=1905784082 W DAT 0x06 (CGRAM ref #6)
t_wall=1785583178.989 t=1905784121 W DAT 0x08
t_wall=1785583178.993 t=1905787734 W CMD 0x0C [DISP_CTRL disp=1 cur=0 blink=0]
t_wall=1785583179.048 t=1905842061 W CMD 0x58 [SET_CGRAM 0x18]
t_wall=1785583179.048 t=1905842119 W DAT 0x0C
t_wall=1785583179.049 t=1905842172 W DAT 0x1C
t_wall=1785583179.051 t=1905846041 W DAT 0x0C
t_wall=1785583179.055 t=1905849903 W DAT 0x00 (CGRAM ref #0)
t_wall=1785583179.055 t=1905849941 W DAT 0x1C
t_wall=1785583179.059 t=1905853758 W DAT 0x0C
t_wall=1785583179.063 t=1905857574 W DAT 0x06 (CGRAM ref #6)
t_wall=1785583179.063 t=1905857612 W DAT 0x0C
t_wall=1785583179.067 t=1905861382 W CMD 0x0C [DISP_CTRL disp=1 cur=0 blink=0]
t_wall=1785583179.122 t=1905916992 W CMD 0x58 [SET_CGRAM 0x18]
t_wall=1785583179.122 t=1905917051 W DAT 0x08
t_wall=1785583179.123 t=1905917103 W DAT 0x18
t_wall=1785583179.126 t=1905920918 W DAT 0x08
t_wall=1785583179.130 t=1905924795 W DAT 0x07 (CGRAM ref #7)
t_wall=1785583179.130 t=1905924833 W DAT 0x18
t_wall=1785583179.134 t=1905928667 W DAT 0x08
t_wall=1785583179.138 t=1905932529 W DAT 0x06 (CGRAM ref #6)
t_wall=1785583179.138 t=1905932567 W DAT 0x08
t_wall=1785583179.142 t=1905936219 W CMD 0x0C [DISP_CTRL disp=1 cur=0 blink=0]
t_wall=1785583179.207 t=1906001352 W CMD 0x58 [SET_CGRAM 0x18]
t_wall=1785583179.207 t=1906001410 W DAT 0x0C
t_wall=1785583179.208 t=1906001463 W DAT 0x1C
t_wall=1785583179.210 t=1906005311 W DAT 0x0C
t_wall=1785583179.214 t=1906009174 W DAT 0x00 (CGRAM ref #0)
t_wall=1785583179.218 t=1906012990 W DAT 0x1C
t_wall=1785583179.222 t=1906016808 W DAT 0x0C
t_wall=1785583179.226 t=1906020685 W DAT 0x06 (CGRAM ref #6)
t_wall=1785583179.226 t=1906020723 W DAT 0x0C
t_wall=1785583179.231 t=1906025686 W CMD 0x0C [DISP_CTRL disp=1 cur=0 blink=0]
t_wall=1785583179.297 t=1906090917 W CMD 0x58 [SET_CGRAM 0x18]
t_wall=1785583179.298 t=1906090976 W DAT 0x08
t_wall=1785583179.298 t=1906091029 W DAT 0x18
t_wall=1785583179.300 t=1906094874 W DAT 0x08
t_wall=1785583179.304 t=1906098724 W DAT 0x07 (CGRAM ref #7)
t_wall=1785583179.305 t=1906098762 W DAT 0x18
t_wall=1785583179.308 t=1906102643 W DAT 0x08
t_wall=1785583179.312 t=1906106462 W DAT 0x06 (CGRAM ref #6)
t_wall=1785583179.312 t=1906106501 W DAT 0x08
t_wall=1785583179.316 t=1906110156 W CMD 0x0C [DISP_CTRL disp=1 cur=0 blink=0]
t_wall=1785583179.370 t=1906164524 W CMD 0x58 [SET_CGRAM 0x18]
t_wall=1785583179.370 t=1906164583 W DAT 0x0C
t_wall=1785583179.370 t=1906164636 W DAT 0x1C
t_wall=1785583179.373 t=1906168482 W DAT 0x0C
t_wall=1785583179.377 t=1906172298 W DAT 0x00 (CGRAM ref #0)
t_wall=1785583179.378 t=1906172359 W DAT 0x1C
t_wall=1785583179.381 t=1906176208 W DAT 0x0C
t_wall=1785583179.386 t=1906180069 W DAT 0x06 (CGRAM ref #6)
t_wall=1785583179.386 t=1906180107 W DAT 0x0C
t_wall=1785583179.392 t=1906185818 W CMD 0x0C [DISP_CTRL disp=1 cur=0 blink=0]
t_wall=1785583179.445 t=1906239471 W CMD 0x58 [SET_CGRAM 0x18]
t_wall=1785583179.445 t=1906239529 W DAT 0x08
t_wall=1785583179.445 t=1906239582 W DAT 0x18
t_wall=1785583179.448 t=1906243442 W DAT 0x08
t_wall=1785583179.452 t=1906247258 W DAT 0x07 (CGRAM ref #7)
t_wall=1785583179.453 t=1906247296 W DAT 0x18
t_wall=1785583179.456 t=1906251142 W DAT 0x08
t_wall=1785583179.460 t=1906254916 W DAT 0x06 (CGRAM ref #6)
t_wall=1785583179.461 t=1906254954 W DAT 0x08
t_wall=1785583179.467 t=1906261300 W CMD 0x0C [DISP_CTRL disp=1 cur=0 blink=0]
t_wall=1785583179.529 t=1906323887 W CMD 0x58 [SET_CGRAM 0x18]
t_wall=1785583179.529 t=1906323975 W DAT 0x0C
t_wall=1785583179.529 t=1906324028 W DAT 0x1C
t_wall=1785583179.533 t=1906327873 W DAT 0x0C
t_wall=1785583179.537 t=1906331690 W DAT 0x00 (CGRAM ref #0)
t_wall=1785583179.537 t=1906331729 W DAT 0x1C
t_wall=1785583179.540 t=1906335604 W DAT 0x0C
t_wall=1785583179.544 t=1906339439 W DAT 0x06 (CGRAM ref #6)
t_wall=1785583179.545 t=1906339477 W DAT 0x0C
t_wall=1785583179.548 t=1906343157 W CMD 0x0C [DISP_CTRL disp=1 cur=0 blink=0]
t_wall=1785583179.617 t=1906408774 W CMD 0x58 [SET_CGRAM 0x18]
t_wall=1785583179.620 t=1906408833 W DAT 0x08
t_wall=1785583179.621 t=1906408886 W DAT 0x18
t_wall=1785583179.623 t=1906412730 W DAT 0x08
t_wall=1785583179.625 t=1906416602 W DAT 0x07 (CGRAM ref #7)
t_wall=1785583179.627 t=1906416640 W DAT 0x18
t_wall=1785583179.628 t=1906420472 W DAT 0x08
t_wall=1785583179.631 t=1906424318 W DAT 0x06 (CGRAM ref #6)
t_wall=1785583179.632 t=1906424356 W DAT 0x08
t_wall=1785583179.639 t=1906431456 W CMD 0x0C [DISP_CTRL disp=1 cur=0 blink=0]
t_wall=1785583179.689 t=1906483278 W CMD 0x58 [SET_CGRAM 0x18]
t_wall=1785583179.689 t=1906483337 W DAT 0x0C
t_wall=1785583179.692 t=1906487181 W DAT 0x1C
t_wall=1785583179.696 t=1906490999 W DAT 0x0C
t_wall=1785583179.700 t=1906494875 W DAT 0x00 (CGRAM ref #0)
t_wall=1785583179.704 t=1906498733 W DAT 0x1C
t_wall=1785583179.707 t=1906502548 W DAT 0x0C
t_wall=1785583179.712 t=1906506392 W DAT 0x06 (CGRAM ref #6)
t_wall=1785583179.712 t=1906506430 W DAT 0x0C
t_wall=1785583179.719 t=1906513485 W CMD 0x0C [DISP_CTRL disp=1 cur=0 blink=0]
t_wall=1785583179.771 t=1906565821 W CMD 0x58 [SET_CGRAM 0x18]
t_wall=1785583179.771 t=1906565909 W DAT 0x08
t_wall=1785583179.771 t=1906565961 W DAT 0x18
t_wall=1785583179.775 t=1906569807 W DAT 0x08
t_wall=1785583179.779 t=1906573656 W DAT 0x07 (CGRAM ref #7)
t_wall=1785583179.779 t=1906573694 W DAT 0x18
t_wall=1785583179.782 t=1906577526 W DAT 0x08
t_wall=1785583179.786 t=1906581372 W DAT 0x06 (CGRAM ref #6)
t_wall=1785583179.787 t=1906581410 W DAT 0x08
t_wall=1785583179.793 t=1906587667 W CMD 0x0C [DISP_CTRL disp=1 cur=0 blink=0]
t_wall=1785583179.855 t=1906650222 W CMD 0x58 [SET_CGRAM 0x18]
t_wall=1785583179.856 t=1906650280 W DAT 0x0C
t_wall=1785583179.856 t=1906650333 W DAT 0x1C
t_wall=1785583179.859 t=1906654211 W DAT 0x0C
t_wall=1785583179.863 t=1906658043 W DAT 0x00 (CGRAM ref #0)
t_wall=1785583179.867 t=1906661860 W DAT 0x1C
t_wall=1785583179.871 t=1906665705 W DAT 0x0C
t_wall=1785583179.875 t=1906669553 W DAT 0x06 (CGRAM ref #6)
t_wall=1785583179.875 t=1906669591 W DAT 0x0C
t_wall=1785583179.882 t=1906676652 W CMD 0x0C [DISP_CTRL disp=1 cur=0 blink=0]
t_wall=1785583179.948 t=1906739832 W CMD 0x58 [SET_CGRAM 0x18]
t_wall=1785583179.951 t=1906739905 W DAT 0x08
t_wall=1785583179.952 t=1906739958 W DAT 0x18
t_wall=1785583179.954 t=1906743776 W DAT 0x08
t_wall=1785583179.956 t=1906747623 W DAT 0x07 (CGRAM ref #7)
t_wall=1785583179.958 t=1906747661 W DAT 0x18
t_wall=1785583179.959 t=1906751522 W DAT 0x08
t_wall=1785583179.962 t=1906755341 W DAT 0x06 (CGRAM ref #6)
t_wall=1785583179.963 t=1906755379 W DAT 0x08
t_wall=1785583179.968 t=1906760251 W CMD 0x0C [DISP_CTRL disp=1 cur=0 blink=0]
t_wall=1785583180.019 t=1906813493 W CMD 0x58 [SET_CGRAM 0x18]
t_wall=1785583180.019 t=1906813551 W DAT 0x0C
t_wall=1785583180.019 t=1906813604 W DAT 0x1C
t_wall=1785583180.022 t=1906817420 W DAT 0x0C
t_wall=1785583180.027 t=1906821261 W DAT 0x00 (CGRAM ref #0)
t_wall=1785583180.030 t=1906825153 W DAT 0x1C
t_wall=1785583180.034 t=1906828928 W DAT 0x0C
t_wall=1785583180.038 t=1906832763 W DAT 0x06 (CGRAM ref #6)
t_wall=1785583180.038 t=1906832801 W DAT 0x0C
t_wall=1785583180.043 t=1906837872 W CMD 0x0C [DISP_CTRL disp=1 cur=0 blink=0]
t_wall=1785583180.100 t=1906894826 W CMD 0x58 [SET_CGRAM 0x18]
t_wall=1785583180.100 t=1906894884 W DAT 0x08
t_wall=1785583180.101 t=1906894937 W DAT 0x18
t_wall=1785583180.104 t=1906898781 W DAT 0x08
t_wall=1785583180.108 t=1906902600 W DAT 0x07 (CGRAM ref #7)
t_wall=1785583180.108 t=1906902638 W DAT 0x18
t_wall=1785583180.111 t=1906906485 W DAT 0x08
t_wall=1785583180.115 t=1906910347 W DAT 0x06 (CGRAM ref #6)
t_wall=1785583180.116 t=1906910385 W DAT 0x08
t_wall=1785583180.119 t=1906914093 W CMD 0x0C [DISP_CTRL disp=1 cur=0 blink=0]
t_wall=1785583180.184 t=1906979175 W CMD 0x58 [SET_CGRAM 0x18]
t_wall=1785583180.185 t=1906979233 W DAT 0x0C
t_wall=1785583180.185 t=1906979286 W DAT 0x1C
t_wall=1785583180.188 t=1906983102 W DAT 0x0C
t_wall=1785583180.192 t=1906986979 W DAT 0x00 (CGRAM ref #0)
t_wall=1785583180.196 t=1906990813 W DAT 0x1C
t_wall=1785583180.200 t=1906994657 W DAT 0x0C
t_wall=1785583180.203 t=1906998473 W DAT 0x06 (CGRAM ref #6)
t_wall=1785583180.204 t=1906998511 W DAT 0x0C
t_wall=1785583180.208 t=1907002997 W CMD 0x0C [DISP_CTRL disp=1 cur=0 blink=0]
t_wall=1785583180.263 t=1907057907 W CMD 0x58 [SET_CGRAM 0x18]
t_wall=1785583180.263 t=1907057965 W DAT 0x08
t_wall=1785583180.264 t=1907058018 W DAT 0x18
t_wall=1785583180.267 t=1907061835 W DAT 0x08
t_wall=1785583180.271 t=1907065685 W DAT 0x07 (CGRAM ref #7)
t_wall=1785583180.271 t=1907065723 W DAT 0x18
t_wall=1785583180.274 t=1907069582 W DAT 0x08
t_wall=1785583180.279 t=1907073399 W DAT 0x06 (CGRAM ref #6)
t_wall=1785583180.279 t=1907073438 W DAT 0x08
t_wall=1785583180.285 t=1907079690 W CMD 0x0C [DISP_CTRL disp=1 cur=0 blink=0]
t_wall=1785583180.347 t=1907142323 W CMD 0x58 [SET_CGRAM 0x18]
t_wall=1785583180.348 t=1907142409 W DAT 0x0C
t_wall=1785583180.351 t=1907146243 W DAT 0x1C
t_wall=1785583180.355 t=1907150077 W DAT 0x0C
t_wall=1785583180.356 # ALIVE us=1907151188 ring_depth=0 drops=0
t_wall=1785583180.359 t=1907153923 W DAT 0x00 (CGRAM ref #0)
t_wall=1785583180.363 t=1907157773 W DAT 0x1C
t_wall=1785583180.367 t=1907161627 W DAT 0x0C
t_wall=1785583180.371 t=1907165474 W DAT 0x06 (CGRAM ref #6)
t_wall=1785583180.371 t=1907165512 W DAT 0x0C
t_wall=1785583180.377 t=1907171230 W CMD 0x0C [DISP_CTRL disp=1 cur=0 blink=0]
t_wall=1785583180.436 t=1907224908 W CMD 0x58 [SET_CGRAM 0x18]
t_wall=1785583180.440 t=1907224981 W DAT 0x08
t_wall=1785583180.444 t=1907225034 W DAT 0x18
t_wall=1785583180.448 t=1907228881 W DAT 0x08
t_wall=1785583180.453 t=1907232655 W DAT 0x07 (CGRAM ref #7)
t_wall=1785583180.457 t=1907232735 W DAT 0x18
t_wall=1785583180.460 t=1907236511 W DAT 0x08
t_wall=1785583180.467 t=1907240388 W DAT 0x06 (CGRAM ref #6)
t_wall=1785583180.471 t=1907240426 W DAT 0x08
t_wall=1785583180.480 t=1907244142 W CMD 0x0C [DISP_CTRL disp=1 cur=0 blink=0]
t_wall=1785583180.488 t=1907276711 W CMD 0x58 [SET_CGRAM 0x18]
t_wall=1785583180.494 t=1907276769 W DAT 0x00 (CGRAM ref #0)
t_wall=1785583180.498 t=1907276822 W DAT 0x18
t_wall=1785583180.502 t=1907280688 W DAT 0x08
t_wall=1785583180.504 t=1907284537 W DAT 0x0F
t_wall=1785583180.508 t=1907288370 W DAT 0x18
t_wall=1785583180.517 t=1907292215 W DAT 0x00 (CGRAM ref #0)
t_wall=1785583180.525 t=1907295991 W DAT 0x06 (CGRAM ref #6)
t_wall=1785583180.532 t=1907296071 W DAT 0x00 (CGRAM ref #0)
t_wall=1785583180.543 t=1907301053 W CMD 0x0C [DISP_CTRL disp=1 cur=0 blink=0]
t_wall=1785583180.553 t=1907314311 W CMD 0x58 [SET_CGRAM 0x18]
t_wall=1785583180.557 t=1907314369 W DAT 0x0C
t_wall=1785583180.563 t=1907314422 W DAT 0x1C
t_wall=1785583180.569 t=1907318270 W DAT 0x0C
t_wall=1785583180.576 t=1907322104 W DAT 0x08
t_wall=1785583180.582 t=1907325951 W DAT 0x1C
t_wall=1785583180.589 t=1907329766 W DAT 0x0C
t_wall=1785583180.599 t=1907333642 W DAT 0x06 (CGRAM ref #6)
t_wall=1785583180.606 t=1907333680 W DAT 0x0C
t_wall=1785583180.618 t=1907341422 W CMD 0x0C [DISP_CTRL disp=1 cur=0 blink=0]
t_wall=1785583180.628 t=1907342713 W CMD 0x78 [SET_CGRAM 0x38]
t_wall=1785583180.637 t=1907342772 W DAT 0x07 (CGRAM ref #7)
t_wall=1785583180.646 t=1907342810 W DAT 0x07 (CGRAM ref #7)
t_wall=1785583180.652 t=1907342848 W DAT 0x0F
t_wall=1785583180.657 t=1907346693 W DAT 0x18
t_wall=1785583180.661 t=1907350543 W DAT 0x1F
t_wall=1785583180.666 t=1907354375 W DAT 0x19
t_wall=1785583180.670 t=1907358220 W DAT 0x19
t_wall=1785583180.674 t=1907362038 W DAT 0x1F
t_wall=1785583180.680 t=1907369152 W CMD 0x58 [SET_CGRAM 0x18]
t_wall=1785583180.687 t=1907369210 W DAT 0x04 (CGRAM ref #4)
t_wall=1785583180.692 t=1907369249 W DAT 0x1C
t_wall=1785583180.696 t=1907373066 W DAT 0x0C
t_wall=1785583180.700 t=1907376913 W DAT 0x08
t_wall=1785583180.704 t=1907380760 W DAT 0x1C
t_wall=1785583180.711 t=1907384593 W DAT 0x04 (CGRAM ref #4)
t_wall=1785583180.719 t=1907384631 W DAT 0x06 (CGRAM ref #6)
t_wall=1785583180.726 t=1907384669 W DAT 0x04 (CGRAM ref #4)
t_wall=1785583180.734 t=1907384849 W CMD 0x0C [DISP_CTRL disp=1 cur=0 blink=0]
t_wall=1785583180.740 t=1907410630 W CMD 0x58 [SET_CGRAM 0x18]
t_wall=1785583180.746 t=1907410689 W DAT 0x00 (CGRAM ref #0)
t_wall=1785583180.750 t=1907410741 W DAT 0x18
t_wall=1785583180.754 t=1907414588 W DAT 0x08
t_wall=1785583180.758 t=1907418450 W DAT 0x0F
t_wall=1785583180.762 t=1907422288 W DAT 0x18
t_wall=1785583180.769 t=1907426104 W DAT 0x00 (CGRAM ref #0)
t_wall=1785583180.776 t=1907429984 W DAT 0x06 (CGRAM ref #6)
t_wall=1785583180.782 t=1907430022 W DAT 0x00 (CGRAM ref #0)
t_wall=1785583180.791 t=1907440942 W CMD 0x0C [DISP_CTRL disp=1 cur=0 blink=0]
t_wall=1785583180.799 t=1907489056 W CMD 0x58 [SET_CGRAM 0x18]
t_wall=1785583180.807 t=1907489114 W DAT 0x04 (CGRAM ref #4)
t_wall=1785583180.811 t=1907489152 W DAT 0x1C
t_wall=1785583180.816 t=1907493029 W DAT 0x0C
t_wall=1785583180.821 t=1907496861 W DAT 0x08
t_wall=1785583180.825 t=1907500678 W DAT 0x1C
t_wall=1785583180.832 t=1907504525 W DAT 0x04 (CGRAM ref #4)
t_wall=1785583180.839 t=1907504563 W DAT 0x06 (CGRAM ref #6)
t_wall=1785583180.846 t=1907504601 W DAT 0x04 (CGRAM ref #4)
t_wall=1785583180.857 t=1907504781 W CMD 0x0C [DISP_CTRL disp=1 cur=0 blink=0]
t_wall=1785583180.864 t=1907574701 W CMD 0x58 [SET_CGRAM 0x18]
t_wall=1785583180.872 t=1907574760 W DAT 0x00 (CGRAM ref #0)
t_wall=1785583180.876 t=1907574812 W DAT 0x18
t_wall=1785583180.879 t=1907578657 W DAT 0x08
t_wall=1785583180.884 t=1907582476 W DAT 0x0F
t_wall=1785583180.888 t=1907586323 W DAT 0x18
t_wall=1785583180.895 t=1907590184 W DAT 0x00 (CGRAM ref #0)
t_wall=1785583180.903 t=1907594002 W DAT 0x06 (CGRAM ref #6)
t_wall=1785583180.910 t=1907594040 W DAT 0x00 (CGRAM ref #0)
t_wall=1785583180.918 t=1907600231 W CMD 0x0C [DISP_CTRL disp=1 cur=0 blink=0]
t_wall=1785583180.925 t=1907652094 W CMD 0x58 [SET_CGRAM 0x18]
t_wall=1785583180.930 t=1907652174 W DAT 0x04 (CGRAM ref #4)
t_wall=1785583180.932 t=1907652212 W DAT 0x1C
t_wall=1785583180.935 t=1907652322 W DAT 0x0C
t_wall=1785583180.938 t=1907656099 W DAT 0x08
t_wall=1785583180.940 t=1907659915 W DAT 0x1C
t_wall=1785583180.944 t=1907663761 W DAT 0x04 (CGRAM ref #4)
t_wall=1785583180.950 t=1907663799 W DAT 0x06 (CGRAM ref #6)
t_wall=1785583180.955 t=1907663837 W DAT 0x04 (CGRAM ref #4)
t_wall=1785583180.963 t=1907664017 W CMD 0x0C [DISP_CTRL disp=1 cur=0 blink=0]
t_wall=1785583180.968 t=1907733161 W CMD 0x58 [SET_CGRAM 0x18]
t_wall=1785583180.973 t=1907733220 W DAT 0x00 (CGRAM ref #0)
t_wall=1785583180.976 t=1907733302 W DAT 0x18
t_wall=1785583180.980 t=1907737146 W DAT 0x08
t_wall=1785583180.982 t=1907740964 W DAT 0x0F
t_wall=1785583180.984 t=1907744814 W DAT 0x18
t_wall=1785583180.988 t=1907748695 W DAT 0x00 (CGRAM ref #0)
t_wall=1785583180.992 t=1907752513 W DAT 0x06 (CGRAM ref #6)
t_wall=1785583180.997 t=1907752552 W DAT 0x00 (CGRAM ref #0)
t_wall=1785583181.002 t=1907752752 W CMD 0x0C [DISP_CTRL disp=1 cur=0 blink=0]
t_wall=1785583181.020 t=1907811421 W CMD 0x58 [SET_CGRAM 0x18]
t_wall=1785583181.023 t=1907811480 W DAT 0x04 (CGRAM ref #4)
t_wall=1785583181.024 t=1907811518 W DAT 0x1C
t_wall=1785583181.026 t=1907815337 W DAT 0x0C
t_wall=1785583181.027 t=1907819153 W DAT 0x08
t_wall=1785583181.029 t=1907823030 W DAT 0x1C
t_wall=1785583181.034 t=1907826864 W DAT 0x04 (CGRAM ref #4)
t_wall=1785583181.037 t=1907826902 W DAT 0x06 (CGRAM ref #6)
t_wall=1785583181.040 t=1907826940 W DAT 0x04 (CGRAM ref #4)
t_wall=1785583181.047 t=1907827120 W CMD 0x0C [DISP_CTRL disp=1 cur=0 blink=0]
t_wall=1785583181.104 t=1907896988 W CMD 0x58 [SET_CGRAM 0x18]
t_wall=1785583181.106 t=1907897076 W DAT 0x00 (CGRAM ref #0)
t_wall=1785583181.108 t=1907897129 W DAT 0x18
t_wall=1785583181.109 t=1907900947 W DAT 0x08
t_wall=1785583181.110 t=1907904797 W DAT 0x0F
t_wall=1785583181.114 t=1907908657 W DAT 0x18
t_wall=1785583181.119 t=1907912498 W DAT 0x00 (CGRAM ref #0)
t_wall=1785583181.122 t=1907916315 W DAT 0x06 (CGRAM ref #6)
t_wall=1785583181.124 t=1907916353 W DAT 0x00 (CGRAM ref #0)
t_wall=1785583181.130 t=1907922622 W CMD 0x0C [DISP_CTRL disp=1 cur=0 blink=0]
t_wall=1785583181.181 t=1907974507 W CMD 0x58 [SET_CGRAM 0x18]
t_wall=1785583181.184 t=1907974566 W DAT 0x04 (CGRAM ref #4)
t_wall=1785583181.185 t=1907974604 W DAT 0x1C
t_wall=1785583181.187 t=1907978420 W DAT 0x0C
t_wall=1785583181.189 t=1907982297 W DAT 0x08
t_wall=1785583181.192 t=1907986131 W DAT 0x1C
t_wall=1785583181.197 t=1907989947 W DAT 0x04 (CGRAM ref #4)
t_wall=1785583181.200 t=1907989985 W DAT 0x06 (CGRAM ref #6)
t_wall=1785583181.203 t=1907990023 W DAT 0x04 (CGRAM ref #4)
t_wall=1785583181.209 t=1907990204 W CMD 0x0C [DISP_CTRL disp=1 cur=0 blink=0]
t_wall=1785583181.259 t=1908049352 W CMD 0x58 [SET_CGRAM 0x18]
t_wall=1785583181.264 t=1908049410 W DAT 0x00 (CGRAM ref #0)
t_wall=1785583181.267 t=1908049463 W DAT 0x18
t_wall=1785583181.271 t=1908053278 W DAT 0x08
t_wall=1785583181.274 t=1908057123 W DAT 0x0F
t_wall=1785583181.278 t=1908060973 W DAT 0x18
t_wall=1785583181.283 t=1908064805 W DAT 0x00 (CGRAM ref #0)
t_wall=1785583181.286 t=1908068651 W DAT 0x06 (CGRAM ref #6)
t_wall=1785583181.289 t=1908068690 W DAT 0x00 (CGRAM ref #0)
t_wall=1785583181.294 t=1908072354 W CMD 0x0C [DISP_CTRL disp=1 cur=0 blink=0]
t_wall=1785583181.347 t=1908137567 W CMD 0x58 [SET_CGRAM 0x18]
t_wall=1785583181.352 t=1908137626 W DAT 0x04 (CGRAM ref #4)
t_wall=1785583181.356 t=1908137664 W DAT 0x1C
t_wall=1785583181.359 t=1908141539 W DAT 0x0C
t_wall=1785583181.362 t=1908145374 W DAT 0x08
t_wall=1785583181.365 t=1908149192 W DAT 0x1C
t_wall=1785583181.372 t=1908153036 W DAT 0x04 (CGRAM ref #4)
t_wall=1785583181.378 t=1908153075 W DAT 0x06 (CGRAM ref #6)
t_wall=1785583181.383 t=1908153113 W DAT 0x04 (CGRAM ref #4)
t_wall=1785583181.394 t=1908153293 W CMD 0x0C [DISP_CTRL disp=1 cur=0 blink=0]
t_wall=1785583181.431 t=1908223220 W CMD 0x58 [SET_CGRAM 0x18]
t_wall=1785583181.433 t=1908223278 W DAT 0x00 (CGRAM ref #0)
t_wall=1785583181.434 t=1908223331 W DAT 0x18
t_wall=1785583181.435 t=1908227177 W DAT 0x08
t_wall=1785583181.437 t=1908230993 W DAT 0x0F
t_wall=1785583181.441 t=1908234841 W DAT 0x18
t_wall=1785583181.445 t=1908238705 W DAT 0x00 (CGRAM ref #0)
t_wall=1785583181.449 t=1908242520 W DAT 0x06 (CGRAM ref #6)
t_wall=1785583181.450 t=1908242559 W DAT 0x00 (CGRAM ref #0)
t_wall=1785583181.455 t=1908248747 W CMD 0x0C [DISP_CTRL disp=1 cur=0 blink=0]
t_wall=1785583181.506 t=1908300615 W CMD 0x58 [SET_CGRAM 0x18]
t_wall=1785583181.506 t=1908300673 W DAT 0x04 (CGRAM ref #4)
t_wall=1785583181.507 t=1908300735 W DAT 0x1C
t_wall=1785583181.509 t=1908304566 W DAT 0x0C
t_wall=1785583181.513 t=1908308384 W DAT 0x08
t_wall=1785583181.517 t=1908312230 W DAT 0x1C
t_wall=1785583181.521 t=1908316077 W DAT 0x04 (CGRAM ref #4)
t_wall=1785583181.522 t=1908316115 W DAT 0x06 (CGRAM ref #6)
t_wall=1785583181.522 t=1908316154 W DAT 0x04 (CGRAM ref #4)
t_wall=1785583181.523 t=1908316334 W CMD 0x0C [DISP_CTRL disp=1 cur=0 blink=0]
t_wall=1785583181.592 t=1908386349 W CMD 0x58 [SET_CGRAM 0x18]
t_wall=1785583181.592 t=1908386408 W DAT 0x00 (CGRAM ref #0)
t_wall=1785583181.592 t=1908386461 W DAT 0x18
t_wall=1785583181.595 t=1908390279 W DAT 0x08
t_wall=1785583181.599 t=1908394126 W DAT 0x0F
t_wall=1785583181.603 t=1908397988 W DAT 0x18
t_wall=1785583181.607 t=1908401806 W DAT 0x00 (CGRAM ref #0)
t_wall=1785583181.611 t=1908405621 W DAT 0x06 (CGRAM ref #6)
t_wall=1785583181.611 t=1908405659 W DAT 0x00 (CGRAM ref #0)
t_wall=1785583181.616 t=1908409355 W CMD 0x0C [DISP_CTRL disp=1 cur=0 blink=0]
t_wall=1785583181.670 t=1908463659 W CMD 0x58 [SET_CGRAM 0x18]
t_wall=1785583181.671 t=1908463759 W DAT 0x04 (CGRAM ref #4)
t_wall=1785583181.671 t=1908463797 W DAT 0x1C
t_wall=1785583181.673 t=1908467573 W DAT 0x0C
t_wall=1785583181.677 t=1908471417 W DAT 0x08
t_wall=1785583181.680 t=1908475266 W DAT 0x1C
t_wall=1785583181.684 t=1908479099 W DAT 0x04 (CGRAM ref #4)
t_wall=1785583181.685 t=1908479138 W DAT 0x06 (CGRAM ref #6)
t_wall=1785583181.686 t=1908479176 W DAT 0x04 (CGRAM ref #4)
t_wall=1785583181.687 t=1908479376 W CMD 0x0C [DISP_CTRL disp=1 cur=0 blink=0]
t_wall=1785583181.754 t=1908549355 W CMD 0x58 [SET_CGRAM 0x18]
t_wall=1785583181.755 t=1908549414 W DAT 0x00 (CGRAM ref #0)
t_wall=1785583181.755 t=1908549467 W DAT 0x18
t_wall=1785583181.758 t=1908553315 W DAT 0x08
t_wall=1785583181.762 t=1908557176 W DAT 0x0F
t_wall=1785583181.766 t=1908560993 W DAT 0x18
t_wall=1785583181.770 t=1908564812 W DAT 0x00 (CGRAM ref #0)
t_wall=1785583181.774 t=1908568687 W DAT 0x06 (CGRAM ref #6)
t_wall=1785583181.774 t=1908568725 W DAT 0x00 (CGRAM ref #0)
t_wall=1785583181.775 t=1908568905 W CMD 0x0C [DISP_CTRL disp=1 cur=0 blink=0]
t_wall=1785583181.832 t=1908626666 W CMD 0x58 [SET_CGRAM 0x18]
t_wall=1785583181.833 t=1908626753 W DAT 0x04 (CGRAM ref #4)
t_wall=1785583181.833 t=1908626791 W DAT 0x1C
t_wall=1785583181.835 t=1908630670 W DAT 0x0C
t_wall=1785583181.839 t=1908634502 W DAT 0x08
t_wall=1785583181.843 t=1908638318 W DAT 0x1C
t_wall=1785583181.847 t=1908642164 W DAT 0x04 (CGRAM ref #4)
t_wall=1785583181.848 t=1908642202 W DAT 0x06 (CGRAM ref #6)
t_wall=1785583181.848 t=1908642241 W DAT 0x04 (CGRAM ref #4)
t_wall=1785583181.849 t=1908642421 W CMD 0x0C [DISP_CTRL disp=1 cur=0 blink=0]
t_wall=1785583181.917 t=1908712331 W CMD 0x58 [SET_CGRAM 0x18]
t_wall=1785583181.918 t=1908712389 W DAT 0x00 (CGRAM ref #0)
t_wall=1785583181.918 t=1908712442 W DAT 0x18
t_wall=1785583181.921 t=1908716305 W DAT 0x08
t_wall=1785583181.925 t=1908720122 W DAT 0x0F
t_wall=1785583181.929 t=1908723939 W DAT 0x18
t_wall=1785583181.933 t=1908727816 W DAT 0x00 (CGRAM ref #0)
t_wall=1785583181.937 t=1908731650 W DAT 0x06 (CGRAM ref #6)
t_wall=1785583181.937 t=1908731688 W DAT 0x00 (CGRAM ref #0)
t_wall=1785583181.938 t=1908731889 W CMD 0x0C [DISP_CTRL disp=1 cur=0 blink=0]
t_wall=1785583181.995 t=1908789671 W CMD 0x58 [SET_CGRAM 0x18]
t_wall=1785583181.996 t=1908789729 W DAT 0x04 (CGRAM ref #4)
t_wall=1785583181.996 t=1908789767 W DAT 0x1C
t_wall=1785583181.999 t=1908793601 W DAT 0x0C
t_wall=1785583182.002 t=1908797440 W DAT 0x08
t_wall=1785583182.006 t=1908801286 W DAT 0x1C
t_wall=1785583182.011 t=1908805134 W DAT 0x04 (CGRAM ref #4)
t_wall=1785583182.011 t=1908805172 W DAT 0x06 (CGRAM ref #6)
t_wall=1785583182.012 t=1908805210 W DAT 0x04 (CGRAM ref #4)
t_wall=1785583182.013 t=1908805390 W CMD 0x0C [DISP_CTRL disp=1 cur=0 blink=0]
t_wall=1785583182.070 t=1908864456 W CMD 0x58 [SET_CGRAM 0x18]
t_wall=1785583182.071 t=1908864514 W DAT 0x00 (CGRAM ref #0)
t_wall=1785583182.071 t=1908864552 W DAT 0x18
t_wall=1785583182.072 t=1908864605 W DAT 0x08
t_wall=1785583182.074 t=1908868452 W DAT 0x0F
t_wall=1785583182.077 t=1908872285 W DAT 0x18
t_wall=1785583182.081 t=1908876131 W DAT 0x00 (CGRAM ref #0)
t_wall=1785583182.085 t=1908879948 W DAT 0x06 (CGRAM ref #6)
t_wall=1785583182.086 t=1908879986 W DAT 0x00 (CGRAM ref #0)
t_wall=1785583182.090 t=1908885027 W CMD 0x0C [DISP_CTRL disp=1 cur=0 blink=0]
t_wall=1785583182.154 t=1908948848 W CMD 0x58 [SET_CGRAM 0x18]
t_wall=1785583182.155 t=1908948907 W DAT 0x04 (CGRAM ref #4)
t_wall=1785583182.155 t=1908948945 W DAT 0x1C
t_wall=1785583182.158 t=1908952778 W DAT 0x0C
t_wall=1785583182.161 t=1908956595 W DAT 0x08
t_wall=1785583182.165 t=1908960440 W DAT 0x1C
t_wall=1785583182.169 t=1908964289 W DAT 0x04 (CGRAM ref #4)
t_wall=1785583182.170 t=1908964327 W DAT 0x06 (CGRAM ref #6)
t_wall=1785583182.170 t=1908964366 W DAT 0x04 (CGRAM ref #4)
t_wall=1785583182.171 t=1908964546 W CMD 0x0C [DISP_CTRL disp=1 cur=0 blink=0]
t_wall=1785583182.239 t=1909033677 W CMD 0x58 [SET_CGRAM 0x18]
t_wall=1785583182.239 t=1909033778 W DAT 0x00 (CGRAM ref #0)
t_wall=1785583182.239 t=1909033831 W DAT 0x18
t_wall=1785583182.242 t=1909037605 W DAT 0x08
t_wall=1785583182.246 t=1909041423 W DAT 0x0F
t_wall=1785583182.250 t=1909045300 W DAT 0x18
t_wall=1785583182.254 t=1909049132 W DAT 0x00 (CGRAM ref #0)
t_wall=1785583182.258 t=1909052948 W DAT 0x06 (CGRAM ref #6)
t_wall=1785583182.259 t=1909052986 W DAT 0x00 (CGRAM ref #0)
t_wall=1785583182.263 t=1909057547 W CMD 0x0C [DISP_CTRL disp=1 cur=0 blink=0]
t_wall=1785583182.317 t=1909111884 W CMD 0x58 [SET_CGRAM 0x18]
t_wall=1785583182.318 t=1909111942 W DAT 0x04 (CGRAM ref #4)
t_wall=1785583182.318 t=1909111980 W DAT 0x1C
t_wall=1785583182.321 t=1909115796 W DAT 0x0C
t_wall=1785583182.324 t=1909119664 W DAT 0x08
t_wall=1785583182.328 t=1909123513 W DAT 0x1C
t_wall=1785583182.332 t=1909127347 W DAT 0x04 (CGRAM ref #4)
t_wall=1785583182.333 t=1909127385 W DAT 0x06 (CGRAM ref #6)
t_wall=1785583182.333 t=1909127423 W DAT 0x04 (CGRAM ref #4)
t_wall=1785583182.334 t=1909127631 W CMD 0x0C [DISP_CTRL disp=1 cur=0 blink=0]
t_wall=1785583182.356 # ALIVE us=1909151230 ring_depth=0 drops=0
t_wall=1785583182.403 t=1909197515 W CMD 0x58 [SET_CGRAM 0x18]
t_wall=1785583182.403 t=1909197574 W DAT 0x00 (CGRAM ref #0)
t_wall=1785583182.406 t=1909201445 W DAT 0x18
t_wall=1785583182.410 t=1909205305 W DAT 0x08
t_wall=1785583182.414 t=1909209122 W DAT 0x0F
t_wall=1785583182.418 t=1909212969 W DAT 0x18
t_wall=1785583182.422 t=1909216816 W DAT 0x00 (CGRAM ref #0)
t_wall=1785583182.426 t=1909220649 W DAT 0x06 (CGRAM ref #6)
t_wall=1785583182.426 t=1909220687 W DAT 0x00 (CGRAM ref #0)
t_wall=1785583182.427 t=1909220867 W CMD 0x0C [DISP_CTRL disp=1 cur=0 blink=0]
t_wall=1785583182.483 t=1909278553 W CMD 0x58 [SET_CGRAM 0x18]
t_wall=1785583182.484 t=1909278640 W DAT 0x04 (CGRAM ref #4)
t_wall=1785583182.484 t=1909278678 W DAT 0x1C
t_wall=1785583182.487 t=1909282525 W DAT 0x0C
t_wall=1785583182.491 t=1909286358 W DAT 0x08
t_wall=1785583182.495 t=1909290204 W DAT 0x1C
t_wall=1785583182.499 t=1909294020 W DAT 0x04 (CGRAM ref #4)
t_wall=1785583182.499 t=1909294080 W DAT 0x06 (CGRAM ref #6)
t_wall=1785583182.499 t=1909294118 W DAT 0x04 (CGRAM ref #4)
t_wall=1785583182.500 t=1909294298 W CMD 0x0C [DISP_CTRL disp=1 cur=0 blink=0]
t_wall=1785583182.558 t=1909353397 W CMD 0x58 [SET_CGRAM 0x18]
t_wall=1785583182.558 t=1909353455 W DAT 0x00 (CGRAM ref #0)
t_wall=1785583182.559 t=1909353508 W DAT 0x18
t_wall=1785583182.562 t=1909357325 W DAT 0x08
t_wall=1785583182.566 t=1909361201 W DAT 0x0F
t_wall=1785583182.570 t=1909365036 W DAT 0x18
t_wall=1785583182.574 t=1909368851 W DAT 0x00 (CGRAM ref #0)
t_wall=1785583182.578 t=1909372697 W DAT 0x06 (CGRAM ref #6)
t_wall=1785583182.578 t=1909372735 W DAT 0x00 (CGRAM ref #0)
t_wall=1785583182.582 t=1909376427 W CMD 0x0C [DISP_CTRL disp=1 cur=0 blink=0]
t_wall=1785583182.647 t=1909441647 W CMD 0x58 [SET_CGRAM 0x18]
t_wall=1785583182.647 t=1909441706 W DAT 0x04 (CGRAM ref #4)
t_wall=1785583182.647 t=1909441744 W DAT 0x1C
t_wall=1785583182.648 t=1909441797 W DAT 0x0C
t_wall=1785583182.650 t=1909445615 W DAT 0x08
t_wall=1785583182.654 t=1909449459 W DAT 0x1C
t_wall=1785583182.658 t=1909453236 W DAT 0x04 (CGRAM ref #4)
t_wall=1785583182.659 t=1909453347 W DAT 0x06 (CGRAM ref #6)
t_wall=1785583182.659 t=1909453385 W DAT 0x04 (CGRAM ref #4)
t_wall=1785583182.660 t=1909453565 W CMD 0x0C [DISP_CTRL disp=1 cur=0 blink=0]
t_wall=1785583182.728 t=1909522625 W CMD 0x58 [SET_CGRAM 0x18]
t_wall=1785583182.728 t=1909522683 W DAT 0x00 (CGRAM ref #0)
t_wall=1785583182.728 t=1909522736 W DAT 0x18
t_wall=1785583182.731 t=1909526552 W DAT 0x08
t_wall=1785583182.735 t=1909530369 W DAT 0x0F
t_wall=1785583182.739 t=1909534267 W DAT 0x18
t_wall=1785583182.743 t=1909538099 W DAT 0x00 (CGRAM ref #0)
t_wall=1785583182.747 t=1909541946 W DAT 0x06 (CGRAM ref #6)
t_wall=1785583182.748 t=1909541984 W DAT 0x00 (CGRAM ref #0)
t_wall=1785583182.748 t=1909542164 W CMD 0x0C [DISP_CTRL disp=1 cur=0 blink=0]
t_wall=1785583182.811 t=1909600776 W CMD 0x58 [SET_CGRAM 0x18]
t_wall=1785583182.816 t=1909600835 W DAT 0x04 (CGRAM ref #4)
t_wall=1785583182.819 t=1909600873 W DAT 0x1C
t_wall=1785583182.822 t=1909600926 W DAT 0x0C
t_wall=1785583182.824 t=1909604745 W DAT 0x08
t_wall=1785583182.826 t=1909608607 W DAT 0x1C
t_wall=1785583182.829 t=1909612455 W DAT 0x04 (CGRAM ref #4)
t_wall=1785583182.831 t=1909612494 W DAT 0x06 (CGRAM ref #6)
t_wall=1785583182.832 t=1909612532 W DAT 0x04 (CGRAM ref #4)
t_wall=1785583182.835 t=1909612712 W CMD 0x0C [DISP_CTRL disp=1 cur=0 blink=0]
t_wall=1785583182.890 t=1909685184 W CMD 0x58 [SET_CGRAM 0x18]
t_wall=1785583182.891 t=1909685272 W DAT 0x00 (CGRAM ref #0)
t_wall=1785583182.892 t=1909685324 W DAT 0x18
t_wall=1785583182.894 t=1909689143 W DAT 0x08
t_wall=1785583182.898 t=1909693021 W DAT 0x0F
t_wall=1785583182.902 t=1909696853 W DAT 0x18
t_wall=1785583182.906 t=1909700669 W DAT 0x00 (CGRAM ref #0)
t_wall=1785583182.909 t=1909704516 W DAT 0x06 (CGRAM ref #6)
t_wall=1785583182.910 t=1909704575 W DAT 0x00 (CGRAM ref #0)
t_wall=1785583182.915 t=1909709496 W CMD 0x0C [DISP_CTRL disp=1 cur=0 blink=0]
t_wall=1785583182.968 t=1909762622 W CMD 0x58 [SET_CGRAM 0x18]
t_wall=1785583182.968 t=1909762681 W DAT 0x04 (CGRAM ref #4)
t_wall=1785583182.968 t=1909762719 W DAT 0x1C
t_wall=1785583182.971 t=1909766565 W DAT 0x0C
t_wall=1785583182.975 t=1909770412 W DAT 0x08
t_wall=1785583182.979 t=1909774246 W DAT 0x1C
t_wall=1785583182.983 t=1909778092 W DAT 0x04 (CGRAM ref #4)
t_wall=1785583182.983 t=1909778131 W DAT 0x06 (CGRAM ref #6)
t_wall=1785583182.984 t=1909778169 W DAT 0x04 (CGRAM ref #4)
t_wall=1785583182.984 t=1909778349 W CMD 0x0C [DISP_CTRL disp=1 cur=0 blink=0]
t_wall=1785583183.053 t=1909848256 W CMD 0x58 [SET_CGRAM 0x18]
t_wall=1785583183.054 t=1909848314 W DAT 0x00 (CGRAM ref #0)
t_wall=1785583183.054 t=1909848367 W DAT 0x18
t_wall=1785583183.057 t=1909852245 W DAT 0x08
t_wall=1785583183.061 t=1909856077 W DAT 0x0F
t_wall=1785583183.065 t=1909859893 W DAT 0x18
t_wall=1785583183.069 t=1909863741 W DAT 0x00 (CGRAM ref #0)
t_wall=1785583183.073 t=1909867587 W DAT 0x06 (CGRAM ref #6)
t_wall=1785583183.073 t=1909867625 W DAT 0x00 (CGRAM ref #0)
t_wall=1785583183.077 t=1909871341 W CMD 0x0C [DISP_CTRL disp=1 cur=0 blink=0]
t_wall=1785583183.131 t=1909925657 W CMD 0x58 [SET_CGRAM 0x18]
t_wall=1785583183.131 t=1909925716 W DAT 0x04 (CGRAM ref #4)
t_wall=1785583183.132 t=1909925754 W DAT 0x1C
t_wall=1785583183.134 t=1909929603 W DAT 0x0C
t_wall=1785583183.138 t=1909933435 W DAT 0x08
t_wall=1785583183.142 t=1909937281 W DAT 0x1C
t_wall=1785583183.146 t=1909941100 W DAT 0x04 (CGRAM ref #4)
t_wall=1785583183.147 t=1909941138 W DAT 0x06 (CGRAM ref #6)
t_wall=1785583183.147 t=1909941176 W DAT 0x04 (CGRAM ref #4)
t_wall=1785583183.148 t=1909941356 W CMD 0x0C [DISP_CTRL disp=1 cur=0 blink=0]
t_wall=1785583183.216 t=1910011279 W CMD 0x58 [SET_CGRAM 0x18]
t_wall=1785583183.216 t=1910011338 W DAT 0x00 (CGRAM ref #0)
t_wall=1785583183.217 t=1910011448 W DAT 0x18
t_wall=1785583183.220 t=1910015225 W DAT 0x08
t_wall=1785583183.224 t=1910019042 W DAT 0x0F
t_wall=1785583183.228 t=1910022886 W DAT 0x18
t_wall=1785583183.231 t=1910026734 W DAT 0x00 (CGRAM ref #0)
t_wall=1785583183.235 t=1910030597 W DAT 0x06 (CGRAM ref #6)
t_wall=1785583183.236 t=1910030635 W DAT 0x00 (CGRAM ref #0)
t_wall=1785583183.236 t=1910030815 W CMD 0x0C [DISP_CTRL disp=1 cur=0 blink=0]
t_wall=1785583183.294 t=1910088596 W CMD 0x58 [SET_CGRAM 0x18]
t_wall=1785583183.294 t=1910088655 W DAT 0x04 (CGRAM ref #4)
t_wall=1785583183.295 t=1910088693 W DAT 0x1C
t_wall=1785583183.297 t=1910092547 W DAT 0x0C
t_wall=1785583183.301 t=1910096393 W DAT 0x08
t_wall=1785583183.305 t=1910100212 W DAT 0x1C
t_wall=1785583183.309 t=1910104059 W DAT 0x04 (CGRAM ref #4)
t_wall=1785583183.309 t=1910104097 W DAT 0x06 (CGRAM ref #6)
t_wall=1785583183.310 t=1910104135 W DAT 0x04 (CGRAM ref #4)
t_wall=1785583183.310 t=1910104343 W CMD 0x0C [DISP_CTRL disp=1 cur=0 blink=0]
t_wall=1785583183.368 t=1910163390 W CMD 0x58 [SET_CGRAM 0x18]
t_wall=1785583183.369 t=1910163449 W DAT 0x00 (CGRAM ref #0)
t_wall=1785583183.369 t=1910163502 W DAT 0x18
t_wall=1785583183.372 t=1910167349 W DAT 0x08
t_wall=1785583183.376 t=1910171210 W DAT 0x0F
t_wall=1785583183.380 t=1910175028 W DAT 0x18
t_wall=1785583183.384 t=1910178872 W DAT 0x00 (CGRAM ref #0)
t_wall=1785583183.384 t=1910178910 W DAT 0x06 (CGRAM ref #6)
t_wall=1785583183.385 t=1910178948 W DAT 0x00 (CGRAM ref #0)
t_wall=1785583183.385 t=1910179128 W CMD 0x0C [DISP_CTRL disp=1 cur=0 blink=0]
t_wall=1785583183.453 t=1910247707 W CMD 0x58 [SET_CGRAM 0x18]
t_wall=1785583183.454 t=1910247766 W DAT 0x04 (CGRAM ref #4)
t_wall=1785583183.454 t=1910247804 W DAT 0x1C
t_wall=1785583183.457 t=1910251637 W DAT 0x0C
t_wall=1785583183.460 t=1910255483 W DAT 0x08
t_wall=1785583183.464 t=1910259299 W DAT 0x1C
t_wall=1785583183.468 t=1910263147 W DAT 0x04 (CGRAM ref #4)
t_wall=1785583183.468 t=1910263185 W DAT 0x06 (CGRAM ref #6)
t_wall=1785583183.469 t=1910263223 W DAT 0x04 (CGRAM ref #4)
t_wall=1785583183.469 t=1910263404 W CMD 0x0C [DISP_CTRL disp=1 cur=0 blink=0]
t_wall=1785583183.537 t=1910332531 W CMD 0x58 [SET_CGRAM 0x18]
t_wall=1785583183.538 t=1910332613 W DAT 0x00 (CGRAM ref #0)
t_wall=1785583183.538 t=1910332651 W DAT 0x18
t_wall=1785583183.538 t=1910332704 W DAT 0x08
t_wall=1785583183.541 t=1910336520 W DAT 0x0F
t_wall=1785583183.545 t=1910340397 W DAT 0x18
t_wall=1785583183.549 t=1910344230 W DAT 0x00 (CGRAM ref #0)
t_wall=1785583183.553 t=1910348046 W DAT 0x06 (CGRAM ref #6)
t_wall=1785583183.553 t=1910348084 W DAT 0x00 (CGRAM ref #0)
t_wall=1785583183.560 t=1910355087 W CMD 0x0C [DISP_CTRL disp=1 cur=0 blink=0]
t_wall=1785583183.617 t=1910406969 W CMD 0x58 [SET_CGRAM 0x18]
t_wall=1785583183.622 t=1910407057 W DAT 0x04 (CGRAM ref #4)
t_wall=1785583183.625 t=1910407095 W DAT 0x1C
t_wall=1785583183.627 t=1910410927 W DAT 0x0C
t_wall=1785583183.629 t=1910414794 W DAT 0x08
t_wall=1785583183.632 t=1910418609 W DAT 0x1C
t_wall=1785583183.636 t=1910422458 W DAT 0x04 (CGRAM ref #4)
t_wall=1785583183.641 t=1910422496 W DAT 0x06 (CGRAM ref #6)
t_wall=1785583183.646 t=1910422534 W DAT 0x04 (CGRAM ref #4)
t_wall=1785583183.654 t=1910422714 W CMD 0x0C [DISP_CTRL disp=1 cur=0 blink=0]
t_wall=1785583183.702 t=1910491826 W CMD 0x58 [SET_CGRAM 0x18]
t_wall=1785583183.707 t=1910491884 W DAT 0x00 (CGRAM ref #0)
t_wall=1785583183.711 t=1910491937 W DAT 0x18
t_wall=1785583183.714 t=1910495752 W DAT 0x08
t_wall=1785583183.717 t=1910499629 W DAT 0x0F
t_wall=1785583183.720 t=1910503464 W DAT 0x18
t_wall=1785583183.724 t=1910507279 W DAT 0x00 (CGRAM ref #0)
t_wall=1785583183.727 t=1910507317 W DAT 0x06 (CGRAM ref #6)
t_wall=1785583183.730 t=1910507355 W DAT 0x00 (CGRAM ref #0)
t_wall=1785583183.733 t=1910511094 W CMD 0x0C [DISP_CTRL disp=1 cur=0 blink=0]
t_wall=1785583183.782 t=1910576999 W CMD 0x58 [SET_CGRAM 0x18]
t_wall=1785583183.783 t=1910577072 W DAT 0x04 (CGRAM ref #4)
t_wall=1785583183.783 t=1910577110 W DAT 0x1C
t_wall=1785583183.786 t=1910580980 W DAT 0x0C
t_wall=1785583183.790 t=1910584840 W DAT 0x08
t_wall=1785583183.794 t=1910588659 W DAT 0x1C
t_wall=1785583183.797 t=1910592474 W DAT 0x04 (CGRAM ref #4)
t_wall=1785583183.798 t=1910592512 W DAT 0x06 (CGRAM ref #6)
t_wall=1785583183.799 t=1910592550 W DAT 0x04 (CGRAM ref #4)
t_wall=1785583183.799 t=1910592759 W CMD 0x0C [DISP_CTRL disp=1 cur=0 blink=0]
t_wall=1785583183.856 t=1910651089 W CMD 0x58 [SET_CGRAM 0x18]
t_wall=1785583183.856 t=1910651148 W DAT 0x00 (CGRAM ref #0)
t_wall=1785583183.857 t=1910651201 W DAT 0x18
t_wall=1785583183.860 t=1910655017 W DAT 0x08
t_wall=1785583183.864 t=1910658895 W DAT 0x0F
t_wall=1785583183.867 t=1910662730 W DAT 0x18
t_wall=1785583183.871 t=1910666545 W DAT 0x00 (CGRAM ref #0)
t_wall=1785583183.872 t=1910666584 W DAT 0x06 (CGRAM ref #6)
t_wall=1785583183.872 t=1910666622 W DAT 0x00 (CGRAM ref #0)
t_wall=1785583183.875 t=1910670387 W CMD 0x0C [DISP_CTRL disp=1 cur=0 blink=0]
t_wall=1785583183.931 t=1910725560 W CMD 0x58 [SET_CGRAM 0x18]
t_wall=1785583183.931 t=1910725618 W DAT 0x04 (CGRAM ref #4)
t_wall=1785583183.932 t=1910725657 W DAT 0x1C
t_wall=1785583183.932 t=1910726872 W DAT 0x0C
t_wall=1785583183.936 t=1910730717 W DAT 0x08
t_wall=1785583183.939 t=1910734535 W DAT 0x1C
t_wall=1785583183.943 t=1910738382 W DAT 0x04 (CGRAM ref #4)
t_wall=1785583183.944 t=1910738420 W DAT 0x06 (CGRAM ref #6)
t_wall=1785583183.945 t=1910738459 W DAT 0x04 (CGRAM ref #4)
t_wall=1785583183.946 t=1910738639 W CMD 0x0C [DISP_CTRL disp=1 cur=0 blink=0]
t_wall=1785583184.013 t=1910807731 W CMD 0x58 [SET_CGRAM 0x18]
t_wall=1785583184.014 t=1910807790 W DAT 0x00 (CGRAM ref #0)
t_wall=1785583184.014 t=1910807843 W DAT 0x18
t_wall=1785583184.016 t=1910811662 W DAT 0x08
t_wall=1785583184.020 t=1910815528 W DAT 0x0F
t_wall=1785583184.024 t=1910819390 W DAT 0x18
t_wall=1785583184.028 t=1910823207 W DAT 0x00 (CGRAM ref #0)
t_wall=1785583184.032 t=1910827051 W DAT 0x06 (CGRAM ref #6)
t_wall=1785583184.032 t=1910827089 W DAT 0x00 (CGRAM ref #0)
t_wall=1785583184.037 t=1910831597 W CMD 0x0C [DISP_CTRL disp=1 cur=0 blink=0]
t_wall=1785583184.091 t=1910885833 W CMD 0x58 [SET_CGRAM 0x18]
t_wall=1785583184.091 t=1910885892 W DAT 0x04 (CGRAM ref #4)
t_wall=1785583184.092 t=1910885930 W DAT 0x1C
t_wall=1785583184.095 t=1910889745 W DAT 0x0C
t_wall=1785583184.098 t=1910893590 W DAT 0x08
t_wall=1785583184.102 t=1910897441 W DAT 0x1C
t_wall=1785583184.106 t=1910901301 W DAT 0x04 (CGRAM ref #4)
t_wall=1785583184.107 t=1910901340 W DAT 0x06 (CGRAM ref #6)
t_wall=1785583184.107 t=1910901378 W DAT 0x04 (CGRAM ref #4)
t_wall=1785583184.108 t=1910901558 W CMD 0x0C [DISP_CTRL disp=1 cur=0 blink=0]
t_wall=1785583184.176 t=1910970630 W CMD 0x58 [SET_CGRAM 0x18]
t_wall=1785583184.176 t=1910970689 W DAT 0x00 (CGRAM ref #0)
t_wall=1785583184.176 t=1910970742 W DAT 0x18
t_wall=1785583184.179 t=1910974590 W DAT 0x08
t_wall=1785583184.183 t=1910978453 W DAT 0x0F
t_wall=1785583184.187 t=1910982269 W DAT 0x18
t_wall=1785583184.191 t=1910986115 W DAT 0x00 (CGRAM ref #0)
t_wall=1785583184.195 t=1910989964 W DAT 0x06 (CGRAM ref #6)
t_wall=1785583184.195 t=1910990002 W DAT 0x00 (CGRAM ref #0)
t_wall=1785583184.196 t=1910990182 W CMD 0x0C [DISP_CTRL disp=1 cur=0 blink=0]
t_wall=1785583184.265 t=1911059586 W CMD 0x58 [SET_CGRAM 0x18]
t_wall=1785583184.265 t=1911059644 W DAT 0x04 (CGRAM ref #4)
t_wall=1785583184.265 t=1911059683 W DAT 0x1C
t_wall=1785583184.266 t=1911059764 W DAT 0x0C
t_wall=1785583184.268 t=1911063582 W DAT 0x08
t_wall=1785583184.272 t=1911067421 W DAT 0x1C
t_wall=1785583184.276 t=1911071298 W DAT 0x04 (CGRAM ref #4)
t_wall=1785583184.276 t=1911071336 W DAT 0x06 (CGRAM ref #6)
t_wall=1785583184.277 t=1911071374 W DAT 0x04 (CGRAM ref #4)
t_wall=1785583184.277 t=1911071579 W CMD 0x0C [DISP_CTRL disp=1 cur=0 blink=0]
t_wall=1785583184.335 t=1911129816 W CMD 0x58 [SET_CGRAM 0x18]
t_wall=1785583184.335 t=1911129889 W DAT 0x00 (CGRAM ref #0)
t_wall=1785583184.336 t=1911129942 W DAT 0x18
t_wall=1785583184.339 t=1911133790 W DAT 0x08
t_wall=1785583184.343 t=1911137653 W DAT 0x0F
t_wall=1785583184.343 t=1911138131 W DAT 0x18
t_wall=1785583184.347 t=1911141946 W DAT 0x00 (CGRAM ref #0)
t_wall=1785583184.351 t=1911145793 W DAT 0x06 (CGRAM ref #6)
t_wall=1785583184.351 t=1911145831 W DAT 0x00 (CGRAM ref #0)
t_wall=1785583184.352 t=1911146011 W CMD 0x0C [DISP_CTRL disp=1 cur=0 blink=0]
t_wall=1785583184.356 # ALIVE us=1911151276 ring_depth=0 drops=0
t_wall=1785583184.419 t=1911214572 W CMD 0x58 [SET_CGRAM 0x18]
t_wall=1785583184.420 t=1911214630 W DAT 0x04 (CGRAM ref #4)
t_wall=1785583184.420 t=1911214668 W DAT 0x1C
t_wall=1785583184.423 t=1911218503 W DAT 0x0C
t_wall=1785583184.427 t=1911222347 W DAT 0x08
t_wall=1785583184.431 t=1911226165 W DAT 0x1C
t_wall=1785583184.435 t=1911230043 W DAT 0x04 (CGRAM ref #4)
t_wall=1785583184.435 t=1911230081 W DAT 0x06 (CGRAM ref #6)
t_wall=1785583184.435 t=1911230119 W DAT 0x04 (CGRAM ref #4)
t_wall=1785583184.436 t=1911230300 W CMD 0x0C [DISP_CTRL disp=1 cur=0 blink=0]
t_wall=1785583184.505 t=1911300223 W CMD 0x58 [SET_CGRAM 0x18]
t_wall=1785583184.506 t=1911300282 W DAT 0x00 (CGRAM ref #0)
t_wall=1785583184.506 t=1911300334 W DAT 0x18
t_wall=1785583184.509 t=1911304182 W DAT 0x08
t_wall=1785583184.513 t=1911308032 W DAT 0x0F
t_wall=1785583184.517 t=1911311864 W DAT 0x18
t_wall=1785583184.521 t=1911315733 W DAT 0x00 (CGRAM ref #0)
t_wall=1785583184.521 t=1911315771 W DAT 0x06 (CGRAM ref #6)
t_wall=1785583184.522 t=1911315809 W DAT 0x00 (CGRAM ref #0)
t_wall=1785583184.525 t=1911319399 W CMD 0x0C [DISP_CTRL disp=1 cur=0 blink=0]
t_wall=1785583184.585 t=1911373842 W CMD 0x58 [SET_CGRAM 0x18]
t_wall=1785583184.592 t=1911373901 W DAT 0x04 (CGRAM ref #4)
t_wall=1785583184.595 t=1911373939 W DAT 0x1C
t_wall=1785583184.597 t=1911377755 W DAT 0x0C
t_wall=1785583184.601 t=1911381602 W DAT 0x08
t_wall=1785583184.604 t=1911385450 W DAT 0x1C
t_wall=1785583184.609 t=1911389312 W DAT 0x04 (CGRAM ref #4)
t_wall=1785583184.614 t=1911389350 W DAT 0x06 (CGRAM ref #6)
t_wall=1785583184.621 t=1911389388 W DAT 0x04 (CGRAM ref #4)
t_wall=1785583184.628 t=1911389569 W CMD 0x0C [DISP_CTRL disp=1 cur=0 blink=0]
t_wall=1785583184.667 t=1911459443 W CMD 0x58 [SET_CGRAM 0x18]
t_wall=1785583184.669 t=1911459501 W DAT 0x00 (CGRAM ref #0)
t_wall=1785583184.670 t=1911459554 W DAT 0x18
t_wall=1785583184.672 t=1911463400 W DAT 0x08
t_wall=1785583184.673 t=1911467249 W DAT 0x0F
t_wall=1785583184.677 t=1911471081 W DAT 0x18
t_wall=1785583184.681 t=1911474926 W DAT 0x00 (CGRAM ref #0)
t_wall=1785583184.685 t=1911478744 W DAT 0x06 (CGRAM ref #6)
t_wall=1785583184.686 t=1911478782 W DAT 0x00 (CGRAM ref #0)
t_wall=1785583184.691 t=1911485059 W CMD 0x0C [DISP_CTRL disp=1 cur=0 blink=0]
t_wall=1785583184.742 t=1911536864 W CMD 0x58 [SET_CGRAM 0x18]
t_wall=1785583184.743 t=1911536922 W DAT 0x04 (CGRAM ref #4)
t_wall=1785583184.743 t=1911536960 W DAT 0x1C
t_wall=1785583184.746 t=1911540805 W DAT 0x0C
t_wall=1785583184.750 t=1911544654 W DAT 0x08
t_wall=1785583184.753 t=1911548515 W DAT 0x1C
t_wall=1785583184.757 t=1911552332 W DAT 0x04 (CGRAM ref #4)
t_wall=1785583184.758 t=1911552371 W DAT 0x06 (CGRAM ref #6)
t_wall=1785583184.758 t=1911552409 W DAT 0x04 (CGRAM ref #4)
t_wall=1785583184.759 t=1911552589 W CMD 0x0C [DISP_CTRL disp=1 cur=0 blink=0]
t_wall=1785583184.827 t=1911621641 W CMD 0x58 [SET_CGRAM 0x18]
t_wall=1785583184.827 t=1911621699 W DAT 0x00 (CGRAM ref #0)
t_wall=1785583184.827 t=1911621752 W DAT 0x18
t_wall=1785583184.830 t=1911625650 W DAT 0x08
t_wall=1785583184.834 t=1911629483 W DAT 0x0F
t_wall=1785583184.838 t=1911633327 W DAT 0x18
t_wall=1785583184.842 t=1911637143 W DAT 0x00 (CGRAM ref #0)
t_wall=1785583184.846 t=1911640994 W DAT 0x06 (CGRAM ref #6)
t_wall=1785583184.846 t=1911641032 W DAT 0x00 (CGRAM ref #0)
t_wall=1785583184.847 t=1911641212 W CMD 0x0C [DISP_CTRL disp=1 cur=0 blink=0]
t_wall=1785583184.905 t=1911699843 W CMD 0x58 [SET_CGRAM 0x18]
t_wall=1785583184.906 t=1911699901 W DAT 0x04 (CGRAM ref #4)
t_wall=1785583184.906 t=1911699939 W DAT 0x1C
t_wall=1785583184.909 t=1911703789 W DAT 0x0C
t_wall=1785583184.912 t=1911707649 W DAT 0x08
t_wall=1785583184.916 t=1911711466 W DAT 0x1C
t_wall=1785583184.920 t=1911715284 W DAT 0x04 (CGRAM ref #4)
t_wall=1785583184.921 t=1911715323 W DAT 0x06 (CGRAM ref #6)
t_wall=1785583184.921 t=1911715361 W DAT 0x04 (CGRAM ref #4)
t_wall=1785583184.922 t=1911715541 W CMD 0x0C [DISP_CTRL disp=1 cur=0 blink=0]
t_wall=1785583184.990 t=1911785520 W CMD 0x58 [SET_CGRAM 0x18]
t_wall=1785583184.991 t=1911785578 W DAT 0x00 (CGRAM ref #0)
t_wall=1785583184.991 t=1911785631 W DAT 0x18
t_wall=1785583184.994 t=1911789448 W DAT 0x08
t_wall=1785583184.998 t=1911793296 W DAT 0x0F
t_wall=1785583185.002 t=1911797143 W DAT 0x18
t_wall=1785583185.006 t=1911800975 W DAT 0x00 (CGRAM ref #0)
t_wall=1785583185.010 t=1911804822 W DAT 0x06 (CGRAM ref #6)
t_wall=1785583185.010 t=1911804860 W DAT 0x00 (CGRAM ref #0)
t_wall=1785583185.014 t=1911808497 W CMD 0x0C [DISP_CTRL disp=1 cur=0 blink=0]
t_wall=1785583185.068 t=1911862801 W CMD 0x58 [SET_CGRAM 0x18]
t_wall=1785583185.068 t=1911862859 W DAT 0x04 (CGRAM ref #4)
t_wall=1785583185.068 t=1911862897 W DAT 0x1C
t_wall=1785583185.071 t=1911866759 W DAT 0x0C
t_wall=1785583185.075 t=1911870577 W DAT 0x08
t_wall=1785583185.079 t=1911874393 W DAT 0x1C
t_wall=1785583185.083 t=1911878270 W DAT 0x04 (CGRAM ref #4)
t_wall=1785583185.083 t=1911878308 W DAT 0x06 (CGRAM ref #6)
t_wall=1785583185.084 t=1911878346 W DAT 0x04 (CGRAM ref #4)
t_wall=1785583185.084 t=1911878526 W CMD 0x0C [DISP_CTRL disp=1 cur=0 blink=0]
t_wall=1785583185.152 t=1911947580 W CMD 0x58 [SET_CGRAM 0x18]
t_wall=1785583185.153 t=1911947638 W DAT 0x00 (CGRAM ref #0)
t_wall=1785583185.153 t=1911947676 W DAT 0x18
t_wall=1785583185.153 t=1911947730 W DAT 0x08
t_wall=1785583185.156 t=1911951576 W DAT 0x0F
t_wall=1785583185.160 t=1911955423 W DAT 0x18
t_wall=1785583185.164 t=1911959257 W DAT 0x00 (CGRAM ref #0)
t_wall=1785583185.168 t=1911963102 W DAT 0x06 (CGRAM ref #6)
t_wall=1785583185.168 t=1911963140 W DAT 0x00 (CGRAM ref #0)
t_wall=1785583185.169 t=1911963321 W CMD 0x0C [DISP_CTRL disp=1 cur=0 blink=0]
t_wall=1785583185.229 t=1912024517 W CMD 0x58 [SET_CGRAM 0x18]
t_wall=1785583185.230 t=1912024575 W DAT 0x04 (CGRAM ref #4)
t_wall=1785583185.230 t=1912024614 W DAT 0x1C
t_wall=1785583185.233 t=1912028458 W DAT 0x0C
t_wall=1785583185.237 t=1912032275 W DAT 0x08
t_wall=1785583185.241 t=1912036164 W DAT 0x1C
t_wall=1785583185.245 t=1912040025 W DAT 0x04 (CGRAM ref #4)
t_wall=1785583185.245 t=1912040063 W DAT 0x06 (CGRAM ref #6)
t_wall=1785583185.245 t=1912040102 W DAT 0x04 (CGRAM ref #4)
t_wall=1785583185.245 t=1912040305 W CMD 0x0C [DISP_CTRL disp=1 cur=0 blink=0]
t_wall=1785583185.315 t=1912110208 W CMD 0x58 [SET_CGRAM 0x18]
t_wall=1785583185.316 t=1912110267 W DAT 0x00 (CGRAM ref #0)
t_wall=1785583185.317 t=1912110320 W DAT 0x18
t_wall=1785583185.319 t=1912114219 W DAT 0x08
t_wall=1785583185.323 t=1912118051 W DAT 0x0F
t_wall=1785583185.327 t=1912121895 W DAT 0x18
t_wall=1785583185.331 t=1912125714 W DAT 0x00 (CGRAM ref #0)
t_wall=1785583185.333 t=1912125752 W DAT 0x06 (CGRAM ref #6)
t_wall=1785583185.334 t=1912125791 W DAT 0x00 (CGRAM ref #0)
t_wall=1785583185.336 t=1912125970 W CMD 0x0C [DISP_CTRL disp=1 cur=0 blink=0]
t_wall=1785583185.395 t=1912183745 W CMD 0x58 [SET_CGRAM 0x18]
t_wall=1785583185.401 t=1912183803 W DAT 0x04 (CGRAM ref #4)
t_wall=1785583185.406 t=1912183841 W DAT 0x1C
t_wall=1785583185.410 t=1912187686 W DAT 0x0C
t_wall=1785583185.414 t=1912191505 W DAT 0x08
t_wall=1785583185.417 t=1912195351 W DAT 0x1C
t_wall=1785583185.423 t=1912199213 W DAT 0x04 (CGRAM ref #4)
t_wall=1785583185.428 t=1912199252 W DAT 0x06 (CGRAM ref #6)
t_wall=1785583185.434 t=1912199290 W DAT 0x04 (CGRAM ref #4)
t_wall=1785583185.440 t=1912199470 W CMD 0x0C [DISP_CTRL disp=1 cur=0 blink=0]
t_wall=1785583185.443 t=1912213116 W CMD 0x50 [SET_CGRAM 0x10]
t_wall=1785583185.445 t=1912213175 W DAT 0x0A
t_wall=1785583185.449 t=1912213227 W DAT 0x0E
t_wall=1785583185.452 t=1912213281 W DAT 0x08
t_wall=1785583185.456 t=1912213333 W DAT 0x03 (CGRAM ref #3)
t_wall=1785583185.459 t=1912213371 W DAT 0x0C
t_wall=1785583185.465 t=1912213439 W DAT 0x02 (CGRAM ref #2)
t_wall=1785583185.470 t=1912213477 W DAT 0x00 (CGRAM ref #0)
t_wall=1785583185.472 t=1912213515 W DAT 0x12
t_wall=1785583185.479 t=1912213695 W CMD 0x0C [DISP_CTRL disp=1 cur=0 blink=0]
t_wall=1785583185.484 t=1912214977 W CMD 0x58 [SET_CGRAM 0x18]
t_wall=1785583185.488 t=1912215036 W DAT 0x04 (CGRAM ref #4)
t_wall=1785583185.492 t=1912215074 W DAT 0x04 (CGRAM ref #4)
t_wall=1785583185.496 t=1912215112 W DAT 0x04 (CGRAM ref #4)
t_wall=1785583185.499 t=1912215151 W DAT 0x18
t_wall=1785583185.505 t=1912218995 W DAT 0x04 (CGRAM ref #4)
t_wall=1785583185.510 t=1912219034 W DAT 0x04 (CGRAM ref #4)
t_wall=1785583185.517 t=1912219072 W DAT 0x06 (CGRAM ref #6)
t_wall=1785583185.522 t=1912219110 W DAT 0x04 (CGRAM ref #4)
t_wall=1785583185.528 t=1912219290 W CMD 0x0C [DISP_CTRL disp=1 cur=0 blink=0]
t_wall=1785583185.536 t=1912267228 W CMD 0x58 [SET_CGRAM 0x18]
t_wall=1785583185.540 t=1912267286 W DAT 0x00 (CGRAM ref #0)
t_wall=1785583185.545 t=1912267339 W DAT 0x00 (CGRAM ref #0)
t_wall=1785583185.548 t=1912271185 W DAT 0x00 (CGRAM ref #0)
t_wall=1785583185.551 t=1912275034 W DAT 0x1F
t_wall=1785583185.560 t=1912278866 W DAT 0x00 (CGRAM ref #0)
t_wall=1785583185.565 t=1912282712 W DAT 0x00 (CGRAM ref #0)
t_wall=1785583185.570 t=1912286550 W DAT 0x06 (CGRAM ref #6)
t_wall=1785583185.574 t=1912286589 W DAT 0x00 (CGRAM ref #0)
t_wall=1785583185.580 t=1912286768 W CMD 0x0C [DISP_CTRL disp=1 cur=0 blink=0]
t_wall=1785583185.584 t=1912356285 W CMD 0x58 [SET_CGRAM 0x18]
t_wall=1785583185.589 t=1912356365 W DAT 0x04 (CGRAM ref #4)
t_wall=1785583185.592 t=1912356403 W DAT 0x04 (CGRAM ref #4)
t_wall=1785583185.597 t=1912356442 W DAT 0x04 (CGRAM ref #4)
t_wall=1785583185.601 t=1912356480 W DAT 0x18
t_wall=1785583185.607 t=1912360299 W DAT 0x04 (CGRAM ref #4)
t_wall=1785583185.613 t=1912360337 W DAT 0x04 (CGRAM ref #4)
t_wall=1785583185.619 t=1912360376 W DAT 0x06 (CGRAM ref #6)
t_wall=1785583185.624 t=1912360434 W DAT 0x04 (CGRAM ref #4)
t_wall=1785583185.631 t=1912360614 W CMD 0x0C [DISP_CTRL disp=1 cur=0 blink=0]
t_wall=1785583185.641 t=1912429713 W CMD 0x58 [SET_CGRAM 0x18]
t_wall=1785583185.646 t=1912429772 W DAT 0x00 (CGRAM ref #0)
t_wall=1785583185.652 t=1912429825 W DAT 0x00 (CGRAM ref #0)
t_wall=1785583185.656 t=1912433673 W DAT 0x00 (CGRAM ref #0)
t_wall=1785583185.660 t=1912437508 W DAT 0x1F
t_wall=1785583185.666 t=1912441351 W DAT 0x00 (CGRAM ref #0)
t_wall=1785583185.671 t=1912445167 W DAT 0x00 (CGRAM ref #0)
t_wall=1785583185.677 t=1912449018 W DAT 0x06 (CGRAM ref #6)
t_wall=1785583185.683 t=1912449056 W DAT 0x00 (CGRAM ref #0)
t_wall=1785583185.691 t=1912449235 W CMD 0x0C [DISP_CTRL disp=1 cur=0 blink=0]
t_wall=1785583185.718 t=1912507005 W CMD 0x58 [SET_CGRAM 0x18]
t_wall=1785583185.723 t=1912507063 W DAT 0x04 (CGRAM ref #4)
t_wall=1785583185.727 t=1912507101 W DAT 0x04 (CGRAM ref #4)
t_wall=1785583185.731 t=1912507140 W DAT 0x04 (CGRAM ref #4)
t_wall=1785583185.735 t=1912507178 W DAT 0x18
t_wall=1785583185.741 t=1912511027 W DAT 0x04 (CGRAM ref #4)
t_wall=1785583185.744 t=1912511065 W DAT 0x04 (CGRAM ref #4)
t_wall=1785583185.748 t=1912511103 W DAT 0x06 (CGRAM ref #6)
t_wall=1785583185.754 t=1912511141 W DAT 0x04 (CGRAM ref #4)
t_wall=1785583185.762 t=1912511322 W CMD 0x0C [DISP_CTRL disp=1 cur=0 blink=0]
t_wall=1785583185.802 t=1912591163 W CMD 0x58 [SET_CGRAM 0x18]
t_wall=1785583185.807 t=1912591221 W DAT 0x00 (CGRAM ref #0)
t_wall=1785583185.813 t=1912591274 W DAT 0x00 (CGRAM ref #0)
t_wall=1785583185.819 t=1912595108 W DAT 0x00 (CGRAM ref #0)
t_wall=1785583185.823 t=1912598923 W DAT 0x1F
t_wall=1785583185.828 t=1912602769 W DAT 0x00 (CGRAM ref #0)
t_wall=1785583185.836 t=1912606618 W DAT 0x00 (CGRAM ref #0)
t_wall=1785583185.842 t=1912610478 W DAT 0x06 (CGRAM ref #6)
t_wall=1785583185.849 t=1912610516 W DAT 0x00 (CGRAM ref #0)
t_wall=1785583185.857 t=1912614178 W CMD 0x0C [DISP_CTRL disp=1 cur=0 blink=0]
t_wall=1785583185.882 t=1912668604 W CMD 0x58 [SET_CGRAM 0x18]
t_wall=1785583185.889 t=1912668691 W DAT 0x04 (CGRAM ref #4)
t_wall=1785583185.896 t=1912668730 W DAT 0x04 (CGRAM ref #4)
t_wall=1785583185.901 t=1912668768 W DAT 0x04 (CGRAM ref #4)
t_wall=1785583185.906 t=1912668806 W DAT 0x18
t_wall=1785583185.913 t=1912672638 W DAT 0x04 (CGRAM ref #4)
t_wall=1785583185.921 t=1912672676 W DAT 0x04 (CGRAM ref #4)
t_wall=1785583185.927 t=1912672715 W DAT 0x06 (CGRAM ref #6)
t_wall=1785583185.933 t=1912672753 W DAT 0x04 (CGRAM ref #4)
t_wall=1785583185.943 t=1912672933 W CMD 0x0C [DISP_CTRL disp=1 cur=0 blink=0]
t_wall=1785583185.953 t=1912741906 W CMD 0x58 [SET_CGRAM 0x18]
t_wall=1785583185.959 t=1912741965 W DAT 0x00 (CGRAM ref #0)
t_wall=1785583185.966 t=1912742017 W DAT 0x00 (CGRAM ref #0)
t_wall=1785583185.971 t=1912745835 W DAT 0x00 (CGRAM ref #0)
t_wall=1785583185.974 t=1912749712 W DAT 0x1F
t_wall=1785583185.980 t=1912753544 W DAT 0x00 (CGRAM ref #0)
t_wall=1785583185.986 t=1912757362 W DAT 0x00 (CGRAM ref #0)
t_wall=1785583185.994 t=1912761208 W DAT 0x06 (CGRAM ref #6)
t_wall=1785583186.000 t=1912761246 W DAT 0x00 (CGRAM ref #0)
t_wall=1785583186.009 t=1912761426 W CMD 0x0C [DISP_CTRL disp=1 cur=0 blink=0]
t_wall=1785583186.042 t=1912830894 W CMD 0x58 [SET_CGRAM 0x18]
t_wall=1785583186.048 t=1912830952 W DAT 0x04 (CGRAM ref #4)
t_wall=1785583186.052 t=1912830990 W DAT 0x04 (CGRAM ref #4)
t_wall=1785583186.058 t=1912831029 W DAT 0x04 (CGRAM ref #4)
t_wall=1785583186.063 t=1912831067 W DAT 0x18
t_wall=1785583186.070 t=1912834913 W DAT 0x04 (CGRAM ref #4)
t_wall=1785583186.077 t=1912834951 W DAT 0x04 (CGRAM ref #4)
t_wall=1785583186.084 t=1912834990 W DAT 0x06 (CGRAM ref #6)
t_wall=1785583186.089 t=1912835028 W DAT 0x04 (CGRAM ref #4)
t_wall=1785583186.100 t=1912835208 W CMD 0x0C [DISP_CTRL disp=1 cur=0 blink=0]
t_wall=1785583186.114 t=1912903366 W CMD 0x58 [SET_CGRAM 0x18]
t_wall=1785583186.119 t=1912903424 W DAT 0x00 (CGRAM ref #0)
t_wall=1785583186.124 t=1912903463 W DAT 0x00 (CGRAM ref #0)
t_wall=1785583186.128 t=1912903515 W DAT 0x00 (CGRAM ref #0)
t_wall=1785583186.132 t=1912907394 W DAT 0x1F
t_wall=1785583186.136 t=1912911225 W DAT 0x00 (CGRAM ref #0)
t_wall=1785583186.140 t=1912915043 W DAT 0x00 (CGRAM ref #0)
t_wall=1785583186.143 t=1912915081 W DAT 0x06 (CGRAM ref #6)
t_wall=1785583186.148 t=1912915119 W DAT 0x00 (CGRAM ref #0)
t_wall=1785583186.154 t=1912918806 W CMD 0x0C [DISP_CTRL disp=1 cur=0 blink=0]
t_wall=1785583186.191 t=1912983938 W CMD 0x58 [SET_CGRAM 0x18]
t_wall=1785583186.193 t=1912983997 W DAT 0x04 (CGRAM ref #4)
t_wall=1785583186.196 t=1912984035 W DAT 0x04 (CGRAM ref #4)
t_wall=1785583186.198 t=1912984147 W DAT 0x04 (CGRAM ref #4)
t_wall=1785583186.199 t=1912984185 W DAT 0x18
t_wall=1785583186.201 t=1912987962 W DAT 0x04 (CGRAM ref #4)
t_wall=1785583186.203 t=1912988057 W DAT 0x04 (CGRAM ref #4)
t_wall=1785583186.205 t=1912988095 W DAT 0x06 (CGRAM ref #6)
t_wall=1785583186.209 t=1912988134 W DAT 0x04 (CGRAM ref #4)
t_wall=1785583186.217 t=1912988313 W CMD 0x0C [DISP_CTRL disp=1 cur=0 blink=0]
t_wall=1785583186.268 t=1913057323 W CMD 0x58 [SET_CGRAM 0x18]
t_wall=1785583186.274 t=1913057382 W DAT 0x00 (CGRAM ref #0)
t_wall=1785583186.279 t=1913057435 W DAT 0x00 (CGRAM ref #0)
t_wall=1785583186.283 t=1913061251 W DAT 0x00 (CGRAM ref #0)
t_wall=1785583186.285 t=1913065101 W DAT 0x1F
t_wall=1785583186.290 t=1913068961 W DAT 0x00 (CGRAM ref #0)
t_wall=1785583186.294 t=1913072779 W DAT 0x00 (CGRAM ref #0)
t_wall=1785583186.297 t=1913076597 W DAT 0x06 (CGRAM ref #6)
t_wall=1785583186.301 t=1913076635 W DAT 0x00 (CGRAM ref #0)
t_wall=1785583186.308 t=1913076864 W CMD 0x0C [DISP_CTRL disp=1 cur=0 blink=0]
t_wall=1785583186.355 t=1913146262 W CMD 0x58 [SET_CGRAM 0x18]
t_wall=1785583186.359 t=1913146320 W DAT 0x04 (CGRAM ref #4)
t_wall=1785583186.363 t=1913146417 W DAT 0x04 (CGRAM ref #4)
t_wall=1785583186.366 t=1913146455 W DAT 0x04 (CGRAM ref #4)
t_wall=1785583186.369 t=1913146516 W DAT 0x18
t_wall=1785583186.373 t=1913150334 W DAT 0x04 (CGRAM ref #4)
t_wall=1785583186.376 t=1913150372 W DAT 0x04 (CGRAM ref #4)
t_wall=1785583186.379 t=1913150410 W DAT 0x06 (CGRAM ref #6)
t_wall=1785583186.382 t=1913150448 W DAT 0x04 (CGRAM ref #4)
t_wall=1785583186.385 t=1913150649 W CMD 0x0C [DISP_CTRL disp=1 cur=0 blink=0]
t_wall=1785583186.387 # ALIVE us=1913151323 ring_depth=0 drops=0
t_wall=1785583186.425 t=1913219691 W CMD 0x58 [SET_CGRAM 0x18]
t_wall=1785583186.426 t=1913219779 W DAT 0x00 (CGRAM ref #0)
t_wall=1785583186.427 t=1913219831 W DAT 0x00 (CGRAM ref #0)
t_wall=1785583186.429 t=1913223680 W DAT 0x00 (CGRAM ref #0)
t_wall=1785583186.432 t=1913227542 W DAT 0x1F
t_wall=1785583186.437 t=1913231358 W DAT 0x00 (CGRAM ref #0)
t_wall=1785583186.441 t=1913235175 W DAT 0x00 (CGRAM ref #0)
t_wall=1785583186.444 t=1913239054 W DAT 0x06 (CGRAM ref #6)
t_wall=1785583186.445 t=1913239092 W DAT 0x00 (CGRAM ref #0)
t_wall=1785583186.448 t=1913242705 W CMD 0x0C [DISP_CTRL disp=1 cur=0 blink=0]
t_wall=1785583186.502 t=1913297106 W CMD 0x58 [SET_CGRAM 0x18]
t_wall=1785583186.503 t=1913297164 W DAT 0x04 (CGRAM ref #4)
t_wall=1785583186.504 t=1913297203 W DAT 0x04 (CGRAM ref #4)
t_wall=1785583186.504 t=1913297241 W DAT 0x04 (CGRAM ref #4)
t_wall=1785583186.505 t=1913297279 W DAT 0x18
t_wall=1785583186.506 t=1913301156 W DAT 0x04 (CGRAM ref #4)
t_wall=1785583186.506 t=1913301194 W DAT 0x04 (CGRAM ref #4)
t_wall=1785583186.507 t=1913301232 W DAT 0x06 (CGRAM ref #6)
t_wall=1785583186.507 t=1913301270 W DAT 0x04 (CGRAM ref #4)
t_wall=1785583186.507 t=1913301450 W CMD 0x0C [DISP_CTRL disp=1 cur=0 blink=0]
t_wall=1785583186.588 t=1913381259 W CMD 0x58 [SET_CGRAM 0x18]
t_wall=1785583186.591 t=1913381318 W DAT 0x00 (CGRAM ref #0)
t_wall=1785583186.593 t=1913381371 W DAT 0x00 (CGRAM ref #0)
t_wall=1785583186.596 t=1913385233 W DAT 0x00 (CGRAM ref #0)
t_wall=1785583186.600 t=1913389048 W DAT 0x1F
t_wall=1785583186.607 t=1913392865 W DAT 0x00 (CGRAM ref #0)
t_wall=1785583186.612 t=1913396743 W DAT 0x00 (CGRAM ref #0)
t_wall=1785583186.615 t=1913400575 W DAT 0x06 (CGRAM ref #6)
t_wall=1785583186.619 t=1913400613 W DAT 0x00 (CGRAM ref #0)
t_wall=1785583186.625 t=1913405543 W CMD 0x0C [DISP_CTRL disp=1 cur=0 blink=0]
t_wall=1785583186.665 t=1913458595 W CMD 0x58 [SET_CGRAM 0x18]
t_wall=1785583186.667 t=1913458667 W DAT 0x04 (CGRAM ref #4)
t_wall=1785583186.669 t=1913458705 W DAT 0x04 (CGRAM ref #4)
t_wall=1785583186.671 t=1913458744 W DAT 0x04 (CGRAM ref #4)
t_wall=1785583186.672 t=1913458782 W DAT 0x18
t_wall=1785583186.674 t=1913462680 W DAT 0x04 (CGRAM ref #4)
t_wall=1785583186.675 t=1913462718 W DAT 0x04 (CGRAM ref #4)
t_wall=1785583186.677 t=1913462756 W DAT 0x06 (CGRAM ref #6)
t_wall=1785583186.679 t=1913462794 W DAT 0x04 (CGRAM ref #4)
t_wall=1785583186.681 t=1913462974 W CMD 0x0C [DISP_CTRL disp=1 cur=0 blink=0]
t_wall=1785583186.737 t=1913532045 W CMD 0x58 [SET_CGRAM 0x18]
t_wall=1785583186.738 t=1913532104 W DAT 0x00 (CGRAM ref #0)
t_wall=1785583186.739 t=1913532156 W DAT 0x00 (CGRAM ref #0)
t_wall=1785583186.741 t=1913536003 W DAT 0x00 (CGRAM ref #0)
t_wall=1785583186.741 t=1913536041 W DAT 0x1F
t_wall=1785583186.745 t=1913539889 W DAT 0x00 (CGRAM ref #0)
t_wall=1785583186.748 t=1913543722 W DAT 0x00 (CGRAM ref #0)
t_wall=1785583186.752 t=1913547569 W DAT 0x06 (CGRAM ref #6)
t_wall=1785583186.753 t=1913547607 W DAT 0x00 (CGRAM ref #0)
t_wall=1785583186.754 t=1913547787 W CMD 0x0C [DISP_CTRL disp=1 cur=0 blink=0]
t_wall=1785583186.822 t=1913617176 W CMD 0x58 [SET_CGRAM 0x18]
t_wall=1785583186.822 t=1913617265 W DAT 0x04 (CGRAM ref #4)
t_wall=1785583186.823 t=1913617303 W DAT 0x04 (CGRAM ref #4)
t_wall=1785583186.823 t=1913617341 W DAT 0x04 (CGRAM ref #4)
t_wall=1785583186.824 t=1913617452 W DAT 0x18
t_wall=1785583186.826 t=1913621257 W DAT 0x04 (CGRAM ref #4)
t_wall=1785583186.826 t=1913621295 W DAT 0x04 (CGRAM ref #4)
t_wall=1785583186.827 t=1913621391 W DAT 0x06 (CGRAM ref #6)
t_wall=1785583186.827 t=1913621429 W DAT 0x04 (CGRAM ref #4)
t_wall=1785583186.828 t=1913621609 W CMD 0x0C [DISP_CTRL disp=1 cur=0 blink=0]
t_wall=1785583186.895 t=1913689795 W CMD 0x58 [SET_CGRAM 0x18]
t_wall=1785583186.895 t=1913689854 W DAT 0x00 (CGRAM ref #0)
t_wall=1785583186.896 t=1913689907 W DAT 0x00 (CGRAM ref #0)
t_wall=1785583186.899 t=1913693753 W DAT 0x00 (CGRAM ref #0)
t_wall=1785583186.902 t=1913697601 W DAT 0x1F
t_wall=1785583186.906 t=1913701434 W DAT 0x00 (CGRAM ref #0)
t_wall=1785583186.907 t=1913701472 W DAT 0x00 (CGRAM ref #0)
t_wall=1785583186.910 t=1913705318 W DAT 0x06 (CGRAM ref #6)
t_wall=1785583186.911 t=1913705356 W DAT 0x00 (CGRAM ref #0)
t_wall=1785583186.915 t=1913709049 W CMD 0x0C [DISP_CTRL disp=1 cur=0 blink=0]
t_wall=1785583186.980 t=1913774956 W CMD 0x58 [SET_CGRAM 0x18]
t_wall=1785583186.980 t=1913775014 W DAT 0x04 (CGRAM ref #4)
t_wall=1785583186.981 t=1913775053 W DAT 0x04 (CGRAM ref #4)
t_wall=1785583186.981 t=1913775091 W DAT 0x04 (CGRAM ref #4)
t_wall=1785583186.982 t=1913775129 W DAT 0x18
t_wall=1785583186.984 t=1913779007 W DAT 0x04 (CGRAM ref #4)
t_wall=1785583186.984 t=1913779045 W DAT 0x04 (CGRAM ref #4)
t_wall=1785583186.985 t=1913779083 W DAT 0x06 (CGRAM ref #6)
t_wall=1785583186.985 t=1913779121 W DAT 0x04 (CGRAM ref #4)
t_wall=1785583186.986 t=1913779301 W CMD 0x0C [DISP_CTRL disp=1 cur=0 blink=0]
t_wall=1785583187.052 t=1913847509 W CMD 0x58 [SET_CGRAM 0x18]
t_wall=1785583187.053 t=1913847568 W DAT 0x00 (CGRAM ref #0)
t_wall=1785583187.053 t=1913847621 W DAT 0x00 (CGRAM ref #0)
t_wall=1785583187.056 t=1913851438 W DAT 0x00 (CGRAM ref #0)
t_wall=1785583187.060 t=1913855313 W DAT 0x1F
t_wall=1785583187.064 t=1913859147 W DAT 0x00 (CGRAM ref #0)
t_wall=1785583187.068 t=1913862993 W DAT 0x00 (CGRAM ref #0)
t_wall=1785583187.072 t=1913866809 W DAT 0x06 (CGRAM ref #6)
t_wall=1785583187.072 t=1913866847 W DAT 0x00 (CGRAM ref #0)
t_wall=1785583187.073 t=1913867049 W CMD 0x0C [DISP_CTRL disp=1 cur=0 blink=0]
t_wall=1785583187.130 t=1913925555 W CMD 0x58 [SET_CGRAM 0x18]
t_wall=1785583187.131 t=1913925613 W DAT 0x04 (CGRAM ref #4)
t_wall=1785583187.131 t=1913925651 W DAT 0x04 (CGRAM ref #4)
t_wall=1785583187.132 t=1913925689 W DAT 0x04 (CGRAM ref #4)
t_wall=1785583187.132 t=1913925727 W DAT 0x18
t_wall=1785583187.134 t=1913929572 W DAT 0x04 (CGRAM ref #4)
t_wall=1785583187.135 t=1913929610 W DAT 0x04 (CGRAM ref #4)
t_wall=1785583187.135 t=1913929648 W DAT 0x06 (CGRAM ref #6)
t_wall=1785583187.136 t=1913929686 W DAT 0x04 (CGRAM ref #4)
t_wall=1785583187.136 t=1913929867 W CMD 0x0C [DISP_CTRL disp=1 cur=0 blink=0]
t_wall=1785583187.214 t=1914009758 W CMD 0x58 [SET_CGRAM 0x18]
t_wall=1785583187.215 t=1914009846 W DAT 0x00 (CGRAM ref #0)
t_wall=1785583187.215 t=1914009899 W DAT 0x00 (CGRAM ref #0)
t_wall=1785583187.218 t=1914013776 W DAT 0x00 (CGRAM ref #0)
t_wall=1785583187.222 t=1914017609 W DAT 0x1F
t_wall=1785583187.226 t=1914021425 W DAT 0x00 (CGRAM ref #0)
t_wall=1785583187.237 t=1914025270 W DAT 0x00 (CGRAM ref #0)
t_wall=1785583187.241 t=1914029120 W DAT 0x06 (CGRAM ref #6)
t_wall=1785583187.246 t=1914029158 W DAT 0x00 (CGRAM ref #0)
t_wall=1785583187.253 t=1914029339 W CMD 0x0C [DISP_CTRL disp=1 cur=0 blink=0]
t_wall=1785583187.293 t=1914087045 W CMD 0x58 [SET_CGRAM 0x18]
t_wall=1785583187.294 t=1914087103 W DAT 0x04 (CGRAM ref #4)
t_wall=1785583187.296 t=1914087141 W DAT 0x04 (CGRAM ref #4)
t_wall=1785583187.298 t=1914087179 W DAT 0x04 (CGRAM ref #4)
t_wall=1785583187.299 t=1914087218 W DAT 0x18
t_wall=1785583187.301 t=1914091035 W DAT 0x04 (CGRAM ref #4)
t_wall=1785583187.303 t=1914091073 W DAT 0x04 (CGRAM ref #4)
t_wall=1785583187.304 t=1914091112 W DAT 0x06 (CGRAM ref #6)
t_wall=1785583187.306 t=1914091150 W DAT 0x04 (CGRAM ref #4)
t_wall=1785583187.308 t=1914091330 W CMD 0x0C [DISP_CTRL disp=1 cur=0 blink=0]
t_wall=1785583187.376 t=1914171271 W CMD 0x58 [SET_CGRAM 0x18]
t_wall=1785583187.377 t=1914171330 W DAT 0x00 (CGRAM ref #0)
t_wall=1785583187.377 t=1914171383 W DAT 0x00 (CGRAM ref #0)
t_wall=1785583187.380 t=1914175231 W DAT 0x00 (CGRAM ref #0)
t_wall=1785583187.384 t=1914179063 W DAT 0x1F
t_wall=1785583187.388 t=1914182909 W DAT 0x00 (CGRAM ref #0)
t_wall=1785583187.391 t=1914186728 W DAT 0x00 (CGRAM ref #0)
t_wall=1785583187.395 t=1914190574 W DAT 0x06 (CGRAM ref #6)
t_wall=1785583187.396 t=1914190613 W DAT 0x00 (CGRAM ref #0)
t_wall=1785583187.402 t=1914196839 W CMD 0x0C [DISP_CTRL disp=1 cur=0 blink=0]
t_wall=1785583187.454 t=1914248738 W CMD 0x58 [SET_CGRAM 0x18]
t_wall=1785583187.454 t=1914248796 W DAT 0x04 (CGRAM ref #4)
t_wall=1785583187.454 t=1914248834 W DAT 0x04 (CGRAM ref #4)
t_wall=1785583187.455 t=1914248873 W DAT 0x04 (CGRAM ref #4)
t_wall=1785583187.455 t=1914248911 W DAT 0x18
t_wall=1785583187.458 t=1914252780 W DAT 0x04 (CGRAM ref #4)
t_wall=1785583187.458 t=1914252819 W DAT 0x04 (CGRAM ref #4)
t_wall=1785583187.458 t=1914252857 W DAT 0x06 (CGRAM ref #6)
t_wall=1785583187.459 t=1914252895 W DAT 0x04 (CGRAM ref #4)
t_wall=1785583187.460 t=1914253075 W CMD 0x0C [DISP_CTRL disp=1 cur=0 blink=0]
t_wall=1785583187.527 t=1914322151 W CMD 0x58 [SET_CGRAM 0x18]
t_wall=1785583187.527 t=1914322209 W DAT 0x00 (CGRAM ref #0)
t_wall=1785583187.528 t=1914322262 W DAT 0x00 (CGRAM ref #0)
t_wall=1785583187.531 t=1914326080 W DAT 0x00 (CGRAM ref #0)
t_wall=1785583187.535 t=1914329955 W DAT 0x1F
t_wall=1785583187.538 t=1914333730 W DAT 0x00 (CGRAM ref #0)
t_wall=1785583187.542 t=1914337565 W DAT 0x00 (CGRAM ref #0)
t_wall=1785583187.546 t=1914341408 W DAT 0x06 (CGRAM ref #6)
t_wall=1785583187.547 t=1914341446 W DAT 0x00 (CGRAM ref #0)
t_wall=1785583187.550 t=1914345181 W CMD 0x0C [DISP_CTRL disp=1 cur=0 blink=0]
t_wall=1785583187.622 t=1914411146 W CMD 0x58 [SET_CGRAM 0x18]
t_wall=1785583187.627 t=1914411204 W DAT 0x04 (CGRAM ref #4)
t_wall=1785583187.633 t=1914411243 W DAT 0x04 (CGRAM ref #4)
t_wall=1785583187.638 t=1914411281 W DAT 0x04 (CGRAM ref #4)
t_wall=1785583187.642 t=1914411319 W DAT 0x18
t_wall=1785583187.647 t=1914415180 W DAT 0x04 (CGRAM ref #4)
t_wall=1785583187.652 t=1914415219 W DAT 0x04 (CGRAM ref #4)
t_wall=1785583187.658 t=1914415257 W DAT 0x06 (CGRAM ref #6)
t_wall=1785583187.664 t=1914415295 W DAT 0x04 (CGRAM ref #4)
t_wall=1785583187.671 t=1914415475 W CMD 0x0C [DISP_CTRL disp=1 cur=0 blink=0]
t_wall=1785583187.694 t=1914483635 W CMD 0x58 [SET_CGRAM 0x18]
t_wall=1785583187.699 t=1914483694 W DAT 0x00 (CGRAM ref #0)
t_wall=1785583187.703 t=1914487510 W DAT 0x00 (CGRAM ref #0)
t_wall=1785583187.708 t=1914491386 W DAT 0x00 (CGRAM ref #0)
t_wall=1785583187.710 t=1914495219 W DAT 0x1F
t_wall=1785583187.713 t=1914499056 W DAT 0x00 (CGRAM ref #0)
t_wall=1785583187.716 t=1914502904 W DAT 0x00 (CGRAM ref #0)
t_wall=1785583187.720 t=1914506751 W DAT 0x06 (CGRAM ref #6)
t_wall=1785583187.723 t=1914506789 W DAT 0x00 (CGRAM ref #0)
t_wall=1785583187.730 t=1914506969 W CMD 0x0C [DISP_CTRL disp=1 cur=0 blink=0]
t_wall=1785583187.774 t=1914569160 W CMD 0x58 [SET_CGRAM 0x18]
t_wall=1785583187.775 t=1914569219 W DAT 0x04 (CGRAM ref #4)
t_wall=1785583187.776 t=1914569257 W DAT 0x04 (CGRAM ref #4)
t_wall=1785583187.777 t=1914569295 W DAT 0x04 (CGRAM ref #4)
t_wall=1785583187.777 t=1914569333 W DAT 0x18
t_wall=1785583187.778 t=1914573167 W DAT 0x04 (CGRAM ref #4)
t_wall=1785583187.779 t=1914573206 W DAT 0x04 (CGRAM ref #4)
t_wall=1785583187.779 t=1914573244 W DAT 0x06 (CGRAM ref #6)
t_wall=1785583187.780 t=1914573282 W DAT 0x04 (CGRAM ref #4)
t_wall=1785583187.781 t=1914573462 W CMD 0x0C [DISP_CTRL disp=1 cur=0 blink=0]
t_wall=1785583187.847 t=1914641641 W CMD 0x58 [SET_CGRAM 0x18]
t_wall=1785583187.847 t=1914641729 W DAT 0x00 (CGRAM ref #0)
t_wall=1785583187.848 t=1914641782 W DAT 0x00 (CGRAM ref #0)
t_wall=1785583187.850 t=1914645597 W DAT 0x00 (CGRAM ref #0)
t_wall=1785583187.854 t=1914649475 W DAT 0x1F
t_wall=1785583187.858 t=1914653310 W DAT 0x00 (CGRAM ref #0)
t_wall=1785583187.862 t=1914657146 W DAT 0x00 (CGRAM ref #0)
t_wall=1785583187.866 t=1914660993 W DAT 0x06 (CGRAM ref #6)
t_wall=1785583187.866 t=1914661031 W DAT 0x00 (CGRAM ref #0)
t_wall=1785583187.871 t=1914665589 W CMD 0x0C [DISP_CTRL disp=1 cur=0 blink=0]
t_wall=1785583187.925 t=1914719880 W CMD 0x58 [SET_CGRAM 0x18]
t_wall=1785583187.925 t=1914719939 W DAT 0x04 (CGRAM ref #4)
t_wall=1785583187.925 t=1914719977 W DAT 0x04 (CGRAM ref #4)
t_wall=1785583187.926 t=1914720015 W DAT 0x04 (CGRAM ref #4)
t_wall=1785583187.926 t=1914720053 W DAT 0x18
t_wall=1785583187.929 t=1914723900 W DAT 0x04 (CGRAM ref #4)
t_wall=1785583187.929 t=1914723938 W DAT 0x04 (CGRAM ref #4)
t_wall=1785583187.929 t=1914723976 W DAT 0x06 (CGRAM ref #6)
t_wall=1785583187.930 t=1914724015 W DAT 0x04 (CGRAM ref #4)
t_wall=1785583187.930 t=1914724195 W CMD 0x0C [DISP_CTRL disp=1 cur=0 blink=0]
t_wall=1785583187.998 t=1914793307 W CMD 0x58 [SET_CGRAM 0x18]
t_wall=1785583187.999 t=1914793366 W DAT 0x00 (CGRAM ref #0)
t_wall=1785583188.000 t=1914793418 W DAT 0x00 (CGRAM ref #0)
t_wall=1785583188.002 t=1914797264 W DAT 0x00 (CGRAM ref #0)
t_wall=1785583188.006 t=1914801082 W DAT 0x1F
t_wall=1785583188.010 t=1914804951 W DAT 0x00 (CGRAM ref #0)
t_wall=1785583188.014 t=1914808756 W DAT 0x00 (CGRAM ref #0)
t_wall=1785583188.017 t=1914812587 W DAT 0x06 (CGRAM ref #6)
t_wall=1785583188.018 t=1914812625 W DAT 0x00 (CGRAM ref #0)
t_wall=1785583188.022 t=1914817161 W CMD 0x0C [DISP_CTRL disp=1 cur=0 blink=0]
t_wall=1785583188.076 t=1914871509 W CMD 0x58 [SET_CGRAM 0x18]
t_wall=1785583188.077 t=1914871567 W DAT 0x04 (CGRAM ref #4)
t_wall=1785583188.078 t=1914871606 W DAT 0x04 (CGRAM ref #4)
t_wall=1785583188.079 t=1914871644 W DAT 0x04 (CGRAM ref #4)
t_wall=1785583188.079 t=1914871682 W DAT 0x18
t_wall=1785583188.080 t=1914875513 W DAT 0x04 (CGRAM ref #4)
t_wall=1785583188.081 t=1914875551 W DAT 0x04 (CGRAM ref #4)
t_wall=1785583188.081 t=1914875589 W DAT 0x06 (CGRAM ref #6)
t_wall=1785583188.081 t=1914875628 W DAT 0x04 (CGRAM ref #4)
t_wall=1785583188.082 t=1914875808 W CMD 0x0C [DISP_CTRL disp=1 cur=0 blink=0]
t_wall=1785583188.160 t=1914955745 W CMD 0x58 [SET_CGRAM 0x18]
t_wall=1785583188.161 t=1914955803 W DAT 0x00 (CGRAM ref #0)
t_wall=1785583188.161 t=1914955870 W DAT 0x00 (CGRAM ref #0)
t_wall=1785583188.162 t=1914955923 W DAT 0x00 (CGRAM ref #0)
t_wall=1785583188.164 t=1914959740 W DAT 0x1F
t_wall=1785583188.168 t=1914963590 W DAT 0x00 (CGRAM ref #0)
t_wall=1785583188.172 t=1914967451 W DAT 0x00 (CGRAM ref #0)
t_wall=1785583188.176 t=1914971267 W DAT 0x06 (CGRAM ref #6)
t_wall=1785583188.176 t=1914971305 W DAT 0x00 (CGRAM ref #0)
t_wall=1785583188.177 t=1914971486 W CMD 0x0C [DISP_CTRL disp=1 cur=0 blink=0]
t_wall=1785583188.234 t=1915029132 W CMD 0x58 [SET_CGRAM 0x18]
t_wall=1785583188.234 t=1915029190 W DAT 0x04 (CGRAM ref #4)
t_wall=1785583188.234 t=1915029228 W DAT 0x04 (CGRAM ref #4)
t_wall=1785583188.234 t=1915029267 W DAT 0x04 (CGRAM ref #4)
t_wall=1785583188.235 t=1915029305 W DAT 0x18
t_wall=1785583188.238 t=1915033165 W DAT 0x04 (CGRAM ref #4)
t_wall=1785583188.238 t=1915033203 W DAT 0x04 (CGRAM ref #4)
t_wall=1785583188.238 t=1915033241 W DAT 0x06 (CGRAM ref #6)
t_wall=1785583188.238 t=1915033279 W DAT 0x04 (CGRAM ref #4)
t_wall=1785583188.239 t=1915033460 W CMD 0x0C [DISP_CTRL disp=1 cur=0 blink=0]
t_wall=1785583188.318 t=1915113347 W CMD 0x58 [SET_CGRAM 0x18]
t_wall=1785583188.319 t=1915113406 W DAT 0x00 (CGRAM ref #0)
t_wall=1785583188.320 t=1915113459 W DAT 0x00 (CGRAM ref #0)
t_wall=1785583188.322 t=1915117305 W DAT 0x00 (CGRAM ref #0)
t_wall=1785583188.326 t=1915121123 W DAT 0x1F
t_wall=1785583188.330 t=1915124970 W DAT 0x00 (CGRAM ref #0)
t_wall=1785583188.334 t=1915128832 W DAT 0x00 (CGRAM ref #0)
t_wall=1785583188.337 t=1915132650 W DAT 0x06 (CGRAM ref #6)
t_wall=1785583188.338 t=1915132688 W DAT 0x00 (CGRAM ref #0)
t_wall=1785583188.341 t=1915136333 W CMD 0x0C [DISP_CTRL disp=1 cur=0 blink=0]
t_wall=1785583188.356 # ALIVE us=1915151365 ring_depth=0 drops=0
t_wall=1785583188.396 t=1915190768 W CMD 0x58 [SET_CGRAM 0x18]
t_wall=1785583188.396 t=1915190827 W DAT 0x04 (CGRAM ref #4)
t_wall=1785583188.397 t=1915190865 W DAT 0x04 (CGRAM ref #4)
t_wall=1785583188.397 t=1915190903 W DAT 0x04 (CGRAM ref #4)
t_wall=1785583188.398 t=1915190941 W DAT 0x18
t_wall=1785583188.400 t=1915194759 W DAT 0x04 (CGRAM ref #4)
t_wall=1785583188.400 t=1915194797 W DAT 0x04 (CGRAM ref #4)
t_wall=1785583188.401 t=1915194856 W DAT 0x06 (CGRAM ref #6)
t_wall=1785583188.401 t=1915194894 W DAT 0x04 (CGRAM ref #4)
t_wall=1785583188.402 t=1915195074 W CMD 0x0C [DISP_CTRL disp=1 cur=0 blink=0]
t_wall=1785583188.469 t=1915264182 W CMD 0x58 [SET_CGRAM 0x18]
t_wall=1785583188.470 t=1915264240 W DAT 0x00 (CGRAM ref #0)
t_wall=1785583188.470 t=1915264293 W DAT 0x00 (CGRAM ref #0)
t_wall=1785583188.473 t=1915268126 W DAT 0x00 (CGRAM ref #0)
t_wall=1785583188.476 t=1915271902 W DAT 0x1F
t_wall=1785583188.480 t=1915275746 W DAT 0x00 (CGRAM ref #0)
t_wall=1785583188.484 t=1915279563 W DAT 0x00 (CGRAM ref #0)
t_wall=1785583188.484 t=1915279601 W DAT 0x06 (CGRAM ref #6)
t_wall=1785583188.485 t=1915279639 W DAT 0x00 (CGRAM ref #0)
t_wall=1785583188.489 t=1915284663 W CMD 0x0C [DISP_CTRL disp=1 cur=0 blink=0]
t_wall=1785583188.553 t=1915348530 W CMD 0x58 [SET_CGRAM 0x18]
t_wall=1785583188.554 t=1915348588 W DAT 0x04 (CGRAM ref #4)
t_wall=1785583188.555 t=1915348655 W DAT 0x04 (CGRAM ref #4)
t_wall=1785583188.556 t=1915348693 W DAT 0x04 (CGRAM ref #4)
t_wall=1785583188.556 t=1915348731 W DAT 0x18
t_wall=1785583188.557 t=1915352569 W DAT 0x04 (CGRAM ref #4)
t_wall=1785583188.558 t=1915352607 W DAT 0x04 (CGRAM ref #4)
t_wall=1785583188.559 t=1915352646 W DAT 0x06 (CGRAM ref #6)
t_wall=1785583188.560 t=1915352684 W DAT 0x04 (CGRAM ref #4)
t_wall=1785583188.562 t=1915352886 W CMD 0x0C [DISP_CTRL disp=1 cur=0 blink=0]
t_wall=1785583188.627 t=1915421936 W CMD 0x58 [SET_CGRAM 0x18]
t_wall=1785583188.627 t=1915421994 W DAT 0x00 (CGRAM ref #0)
t_wall=1785583188.628 t=1915422047 W DAT 0x00 (CGRAM ref #0)
t_wall=1785583188.631 t=1915425926 W DAT 0x00 (CGRAM ref #0)
t_wall=1785583188.634 t=1915429757 W DAT 0x1F
t_wall=1785583188.638 t=1915433603 W DAT 0x00 (CGRAM ref #0)
t_wall=1785583188.642 t=1915437421 W DAT 0x00 (CGRAM ref #0)
t_wall=1785583188.646 t=1915441268 W DAT 0x06 (CGRAM ref #6)
t_wall=1785583188.647 t=1915441306 W DAT 0x00 (CGRAM ref #0)
t_wall=1785583188.652 t=1915446372 W CMD 0x0C [DISP_CTRL disp=1 cur=0 blink=0]
t_wall=1785583188.716 t=1915511073 W CMD 0x58 [SET_CGRAM 0x18]
t_wall=1785583188.717 t=1915511132 W DAT 0x04 (CGRAM ref #4)
t_wall=1785583188.717 t=1915511170 W DAT 0x04 (CGRAM ref #4)
t_wall=1785583188.718 t=1915511209 W DAT 0x04 (CGRAM ref #4)
t_wall=1785583188.718 t=1915511247 W DAT 0x18
t_wall=1785583188.720 t=1915515066 W DAT 0x04 (CGRAM ref #4)
t_wall=1785583188.720 t=1915515104 W DAT 0x04 (CGRAM ref #4)
t_wall=1785583188.721 t=1915515143 W DAT 0x06 (CGRAM ref #6)
t_wall=1785583188.721 t=1915515181 W DAT 0x04 (CGRAM ref #4)
t_wall=1785583188.722 t=1915515361 W CMD 0x0C [DISP_CTRL disp=1 cur=0 blink=0]
t_wall=1785583188.788 t=1915583593 W CMD 0x58 [SET_CGRAM 0x18]
t_wall=1785583188.789 t=1915583651 W DAT 0x00 (CGRAM ref #0)
t_wall=1785583188.789 t=1915583704 W DAT 0x00 (CGRAM ref #0)
t_wall=1785583188.792 t=1915587554 W DAT 0x00 (CGRAM ref #0)
t_wall=1785583188.796 t=1915591372 W DAT 0x1F
t_wall=1785583188.798 t=1915593537 W DAT 0x00 (CGRAM ref #0)
t_wall=1785583188.802 t=1915597384 W DAT 0x00 (CGRAM ref #0)
t_wall=1785583188.806 t=1915601240 W DAT 0x06 (CGRAM ref #6)
t_wall=1785583188.806 t=1915601279 W DAT 0x00 (CGRAM ref #0)
t_wall=1785583188.807 t=1915601459 W CMD 0x0C [DISP_CTRL disp=1 cur=0 blink=0]
t_wall=1785583188.865 t=1915660063 W CMD 0x58 [SET_CGRAM 0x18]
t_wall=1785583188.865 t=1915660151 W DAT 0x04 (CGRAM ref #4)
t_wall=1785583188.866 t=1915660189 W DAT 0x04 (CGRAM ref #4)
t_wall=1785583188.866 t=1915660227 W DAT 0x04 (CGRAM ref #4)
t_wall=1785583188.866 t=1915660265 W DAT 0x18
t_wall=1785583188.869 t=1915664097 W DAT 0x04 (CGRAM ref #4)
t_wall=1785583188.869 t=1915664135 W DAT 0x04 (CGRAM ref #4)
t_wall=1785583188.869 t=1915664173 W DAT 0x06 (CGRAM ref #6)
t_wall=1785583188.870 t=1915664211 W DAT 0x04 (CGRAM ref #4)
t_wall=1785583188.870 t=1915664392 W CMD 0x0C [DISP_CTRL disp=1 cur=0 blink=0]
t_wall=1785583188.949 t=1915744286 W CMD 0x58 [SET_CGRAM 0x18]
t_wall=1785583188.950 t=1915744374 W DAT 0x00 (CGRAM ref #0)
t_wall=1785583188.951 t=1915744427 W DAT 0x00 (CGRAM ref #0)
t_wall=1785583188.953 t=1915748244 W DAT 0x00 (CGRAM ref #0)
t_wall=1785583188.957 t=1915752088 W DAT 0x1F
t_wall=1785583188.961 t=1915755936 W DAT 0x00 (CGRAM ref #0)
t_wall=1785583188.964 t=1915759770 W DAT 0x00 (CGRAM ref #0)
t_wall=1785583188.968 t=1915763613 W DAT 0x06 (CGRAM ref #6)
t_wall=1785583188.969 t=1915763652 W DAT 0x00 (CGRAM ref #0)
t_wall=1785583188.969 t=1915763831 W CMD 0x0C [DISP_CTRL disp=1 cur=0 blink=0]
t_wall=1785583189.026 t=1915821581 W CMD 0x58 [SET_CGRAM 0x18]
t_wall=1785583189.027 t=1915821640 W DAT 0x04 (CGRAM ref #4)
t_wall=1785583189.027 t=1915821678 W DAT 0x04 (CGRAM ref #4)
t_wall=1785583189.028 t=1915821716 W DAT 0x04 (CGRAM ref #4)
t_wall=1785583189.028 t=1915821754 W DAT 0x18
t_wall=1785583189.030 t=1915825590 W DAT 0x04 (CGRAM ref #4)
t_wall=1785583189.031 t=1915825628 W DAT 0x04 (CGRAM ref #4)
t_wall=1785583189.031 t=1915825666 W DAT 0x06 (CGRAM ref #6)
t_wall=1785583189.031 t=1915825704 W DAT 0x04 (CGRAM ref #4)
t_wall=1785583189.032 t=1915825884 W CMD 0x0C [DISP_CTRL disp=1 cur=0 blink=0]
t_wall=1785583189.100 t=1915894974 W CMD 0x58 [SET_CGRAM 0x18]
t_wall=1785583189.100 t=1915895033 W DAT 0x00 (CGRAM ref #0)
t_wall=1785583189.101 t=1915895085 W DAT 0x00 (CGRAM ref #0)
t_wall=1785583189.104 t=1915898933 W DAT 0x00 (CGRAM ref #0)
t_wall=1785583189.107 t=1915902796 W DAT 0x1F
t_wall=1785583189.111 t=1915906612 W DAT 0x00 (CGRAM ref #0)
t_wall=1785583189.115 t=1915910430 W DAT 0x00 (CGRAM ref #0)
t_wall=1785583189.119 t=1915914308 W DAT 0x06 (CGRAM ref #6)
t_wall=1785583189.120 t=1915914346 W DAT 0x00 (CGRAM ref #0)
t_wall=1785583189.126 t=1915921414 W CMD 0x0C [DISP_CTRL disp=1 cur=0 blink=0]
t_wall=1785583189.189 t=1915984059 W CMD 0x58 [SET_CGRAM 0x18]
t_wall=1785583189.189 t=1915984117 W DAT 0x04 (CGRAM ref #4)
t_wall=1785583189.189 t=1915984156 W DAT 0x04 (CGRAM ref #4)
t_wall=1785583189.190 t=1915984194 W DAT 0x04 (CGRAM ref #4)
t_wall=1785583189.190 t=1915984232 W DAT 0x18
t_wall=1785583189.193 t=1915988078 W DAT 0x04 (CGRAM ref #4)
t_wall=1785583189.193 t=1915988116 W DAT 0x04 (CGRAM ref #4)
t_wall=1785583189.193 t=1915988154 W DAT 0x06 (CGRAM ref #6)
t_wall=1785583189.194 t=1915988193 W DAT 0x04 (CGRAM ref #4)
t_wall=1785583189.194 t=1915988373 W CMD 0x0C [DISP_CTRL disp=1 cur=0 blink=0]
t_wall=1785583189.261 t=1916056630 W CMD 0x58 [SET_CGRAM 0x18]
t_wall=1785583189.261 t=1916056689 W DAT 0x00 (CGRAM ref #0)
t_wall=1785583189.262 t=1916056741 W DAT 0x00 (CGRAM ref #0)
t_wall=1785583189.265 t=1916060604 W DAT 0x00 (CGRAM ref #0)
t_wall=1785583189.269 t=1916064420 W DAT 0x1F
t_wall=1785583189.273 t=1916068238 W DAT 0x00 (CGRAM ref #0)
t_wall=1785583189.277 t=1916072116 W DAT 0x00 (CGRAM ref #0)
t_wall=1785583189.277 t=1916072155 W DAT 0x06 (CGRAM ref #6)
t_wall=1785583189.277 t=1916072193 W DAT 0x00 (CGRAM ref #0)
t_wall=1785583189.280 t=1916075879 W CMD 0x0C [DISP_CTRL disp=1 cur=0 blink=0]
t_wall=1785583189.347 t=1916141831 W CMD 0x58 [SET_CGRAM 0x18]
t_wall=1785583189.347 t=1916141889 W DAT 0x04 (CGRAM ref #4)
t_wall=1785583189.348 t=1916141927 W DAT 0x04 (CGRAM ref #4)
t_wall=1785583189.348 t=1916141966 W DAT 0x04 (CGRAM ref #4)
t_wall=1785583189.348 t=1916142004 W DAT 0x18
t_wall=1785583189.351 t=1916145850 W DAT 0x04 (CGRAM ref #4)
t_wall=1785583189.351 t=1916145888 W DAT 0x04 (CGRAM ref #4)
t_wall=1785583189.352 t=1916145926 W DAT 0x06 (CGRAM ref #6)
t_wall=1785583189.352 t=1916145964 W DAT 0x04 (CGRAM ref #4)
t_wall=1785583189.353 t=1916146144 W CMD 0x0C [DISP_CTRL disp=1 cur=0 blink=0]
t_wall=1785583189.419 t=1916214405 W CMD 0x58 [SET_CGRAM 0x18]
t_wall=1785583189.420 t=1916214463 W DAT 0x00 (CGRAM ref #0)
t_wall=1785583189.421 t=1916214516 W DAT 0x00 (CGRAM ref #0)
t_wall=1785583189.423 t=1916218350 W DAT 0x00 (CGRAM ref #0)
t_wall=1785583189.427 t=1916222194 W DAT 0x1F
t_wall=1785583189.431 t=1916226011 W DAT 0x00 (CGRAM ref #0)
t_wall=1785583189.435 t=1916229889 W DAT 0x00 (CGRAM ref #0)
t_wall=1785583189.435 t=1916229927 W DAT 0x06 (CGRAM ref #6)
t_wall=1785583189.436 t=1916229965 W DAT 0x00 (CGRAM ref #0)
t_wall=1785583189.439 t=1916233615 W CMD 0x0C [DISP_CTRL disp=1 cur=0 blink=0]
t_wall=1785583189.504 t=1916299585 W CMD 0x58 [SET_CGRAM 0x18]
t_wall=1785583189.505 t=1916299643 W DAT 0x04 (CGRAM ref #4)
t_wall=1785583189.505 t=1916299681 W DAT 0x04 (CGRAM ref #4)
t_wall=1785583189.506 t=1916299719 W DAT 0x04 (CGRAM ref #4)
t_wall=1785583189.506 t=1916299758 W DAT 0x18
t_wall=1785583189.508 t=1916303574 W DAT 0x04 (CGRAM ref #4)
t_wall=1785583189.509 t=1916303613 W DAT 0x04 (CGRAM ref #4)
t_wall=1785583189.509 t=1916303651 W DAT 0x06 (CGRAM ref #6)
t_wall=1785583189.509 t=1916303689 W DAT 0x04 (CGRAM ref #4)
t_wall=1785583189.510 t=1916303868 W CMD 0x0C [DISP_CTRL disp=1 cur=0 blink=0]
t_wall=1785583189.577 t=1916372020 W CMD 0x58 [SET_CGRAM 0x18]
t_wall=1785583189.577 t=1916372108 W DAT 0x00 (CGRAM ref #0)
t_wall=1785583189.577 t=1916372161 W DAT 0x00 (CGRAM ref #0)
t_wall=1785583189.579 t=1916374899 W DAT 0x00 (CGRAM ref #0)
t_wall=1785583189.584 t=1916378760 W DAT 0x1F
t_wall=1785583189.592 t=1916382577 W DAT 0x00 (CGRAM ref #0)
t_wall=1785583189.597 t=1916386394 W DAT 0x00 (CGRAM ref #0)
t_wall=1785583189.603 t=1916390270 W DAT 0x06 (CGRAM ref #6)
t_wall=1785583189.608 t=1916390309 W DAT 0x00 (CGRAM ref #0)
t_wall=1785583189.613 t=1916390489 W CMD 0x0C [DISP_CTRL disp=1 cur=0 blink=0]
t_wall=1785583189.666 t=1916459948 W CMD 0x58 [SET_CGRAM 0x18]
t_wall=1785583189.667 t=1916460006 W DAT 0x04 (CGRAM ref #4)
t_wall=1785583189.669 t=1916460044 W DAT 0x04 (CGRAM ref #4)
t_wall=1785583189.670 t=1916460082 W DAT 0x04 (CGRAM ref #4)
t_wall=1785583189.670 t=1916460120 W DAT 0x18
t_wall=1785583189.672 t=1916463967 W DAT 0x04 (CGRAM ref #4)
t_wall=1785583189.673 t=1916464005 W DAT 0x04 (CGRAM ref #4)
t_wall=1785583189.674 t=1916464044 W DAT 0x06 (CGRAM ref #6)
t_wall=1785583189.675 t=1916464082 W DAT 0x04 (CGRAM ref #4)
t_wall=1785583189.676 t=1916464262 W CMD 0x0C [DISP_CTRL disp=1 cur=0 blink=0]
t_wall=1785583189.738 t=1916533331 W CMD 0x58 [SET_CGRAM 0x18]
t_wall=1785583189.738 t=1916533389 W DAT 0x00 (CGRAM ref #0)
t_wall=1785583189.739 t=1916533442 W DAT 0x00 (CGRAM ref #0)
t_wall=1785583189.742 t=1916537276 W DAT 0x00 (CGRAM ref #0)
t_wall=1785583189.746 t=1916541123 W DAT 0x1F
t_wall=1785583189.750 t=1916544939 W DAT 0x00 (CGRAM ref #0)
t_wall=1785583189.753 t=1916548815 W DAT 0x00 (CGRAM ref #0)
t_wall=1785583189.754 t=1916548853 W DAT 0x06 (CGRAM ref #6)
t_wall=1785583189.754 t=1916548891 W DAT 0x00 (CGRAM ref #0)
t_wall=1785583189.757 t=1916552527 W CMD 0x0C [DISP_CTRL disp=1 cur=0 blink=0]
t_wall=1785583189.812 t=1916606848 W CMD 0x58 [SET_CGRAM 0x18]
t_wall=1785583189.813 t=1916606927 W DAT 0x04 (CGRAM ref #4)
t_wall=1785583189.813 t=1916606965 W DAT 0x04 (CGRAM ref #4)
t_wall=1785583189.814 t=1916607003 W DAT 0x04 (CGRAM ref #4)
t_wall=1785583189.815 t=1916607041 W DAT 0x18
t_wall=1785583189.816 t=1916610888 W DAT 0x04 (CGRAM ref #4)
t_wall=1785583189.817 t=1916610926 W DAT 0x04 (CGRAM ref #4)
t_wall=1785583189.817 t=1916610965 W DAT 0x06 (CGRAM ref #6)
t_wall=1785583189.818 t=1916611026 W DAT 0x04 (CGRAM ref #4)
t_wall=1785583189.819 t=1916611206 W CMD 0x0C [DISP_CTRL disp=1 cur=0 blink=0]
t_wall=1785583189.885 t=1916680265 W CMD 0x58 [SET_CGRAM 0x18]
t_wall=1785583189.886 t=1916680323 W DAT 0x00 (CGRAM ref #0)
t_wall=1785583189.886 t=1916680376 W DAT 0x00 (CGRAM ref #0)
t_wall=1785583189.888 t=1916683270 W DAT 0x00 (CGRAM ref #0)
t_wall=1785583189.892 t=1916687115 W DAT 0x1F
t_wall=1785583189.896 t=1916690964 W DAT 0x00 (CGRAM ref #0)
t_wall=1785583189.899 t=1916694796 W DAT 0x00 (CGRAM ref #0)
t_wall=1785583189.903 t=1916698642 W DAT 0x06 (CGRAM ref #6)
t_wall=1785583189.904 t=1916698680 W DAT 0x00 (CGRAM ref #0)
t_wall=1785583189.904 t=1916698860 W CMD 0x0C [DISP_CTRL disp=1 cur=0 blink=0]
t_wall=1785583189.975 t=1916770895 W CMD 0x58 [SET_CGRAM 0x18]
t_wall=1785583189.976 t=1916770953 W DAT 0x04 (CGRAM ref #4)
t_wall=1785583189.976 t=1916770991 W DAT 0x04 (CGRAM ref #4)
t_wall=1785583189.977 t=1916771029 W DAT 0x04 (CGRAM ref #4)
t_wall=1785583189.977 t=1916771068 W DAT 0x18
t_wall=1785583189.979 t=1916774953 W DAT 0x04 (CGRAM ref #4)
t_wall=1785583189.980 t=1916774992 W DAT 0x04 (CGRAM ref #4)
t_wall=1785583189.980 t=1916775030 W DAT 0x06 (CGRAM ref #6)
t_wall=1785583189.980 t=1916775068 W DAT 0x04 (CGRAM ref #4)
t_wall=1785583189.981 t=1916775269 W CMD 0x0C [DISP_CTRL disp=1 cur=0 blink=0]
t_wall=1785583190.050 t=1916844296 W CMD 0x58 [SET_CGRAM 0x18]
t_wall=1785583190.051 t=1916844354 W DAT 0x00 (CGRAM ref #0)
t_wall=1785583190.052 t=1916844407 W DAT 0x00 (CGRAM ref #0)
t_wall=1785583190.054 t=1916848284 W DAT 0x00 (CGRAM ref #0)
t_wall=1785583190.057 t=1916852119 W DAT 0x1F
t_wall=1785583190.061 t=1916855934 W DAT 0x00 (CGRAM ref #0)
t_wall=1785583190.065 t=1916859779 W DAT 0x00 (CGRAM ref #0)
t_wall=1785583190.069 t=1916863629 W DAT 0x06 (CGRAM ref #6)
t_wall=1785583190.069 t=1916863667 W DAT 0x00 (CGRAM ref #0)
t_wall=1785583190.073 t=1916867320 W CMD 0x0C [DISP_CTRL disp=1 cur=0 blink=0]
t_wall=1785583190.126 t=1916921606 W CMD 0x58 [SET_CGRAM 0x18]
t_wall=1785583190.127 t=1916921665 W DAT 0x04 (CGRAM ref #4)
t_wall=1785583190.128 t=1916921703 W DAT 0x04 (CGRAM ref #4)
t_wall=1785583190.128 t=1916921741 W DAT 0x04 (CGRAM ref #4)
t_wall=1785583190.129 t=1916921780 W DAT 0x18
t_wall=1785583190.130 t=1916925596 W DAT 0x04 (CGRAM ref #4)
t_wall=1785583190.131 t=1916925635 W DAT 0x04 (CGRAM ref #4)
t_wall=1785583190.132 t=1916925673 W DAT 0x06 (CGRAM ref #6)
t_wall=1785583190.132 t=1916925711 W DAT 0x04 (CGRAM ref #4)
t_wall=1785583190.133 t=1916925891 W CMD 0x0C [DISP_CTRL disp=1 cur=0 blink=0]
t_wall=1785583190.210 t=1917005849 W CMD 0x58 [SET_CGRAM 0x18]
t_wall=1785583190.211 t=1917005907 W DAT 0x00 (CGRAM ref #0)
t_wall=1785583190.211 t=1917005960 W DAT 0x00 (CGRAM ref #0)
t_wall=1785583190.214 t=1917009794 W DAT 0x00 (CGRAM ref #0)
t_wall=1785583190.218 t=1917013609 W DAT 0x1F
t_wall=1785583190.222 t=1917017436 W DAT 0x00 (CGRAM ref #0)
t_wall=1785583190.226 t=1917021252 W DAT 0x00 (CGRAM ref #0)
t_wall=1785583190.229 t=1917025100 W DAT 0x06 (CGRAM ref #6)
t_wall=1785583190.230 t=1917025138 W DAT 0x00 (CGRAM ref #0)
t_wall=1785583190.235 t=1917030080 W CMD 0x0C [DISP_CTRL disp=1 cur=0 blink=0]
t_wall=1785583190.289 t=1917084080 W CMD 0x58 [SET_CGRAM 0x18]
t_wall=1785583190.289 t=1917084138 W DAT 0x04 (CGRAM ref #4)
t_wall=1785583190.290 t=1917084176 W DAT 0x04 (CGRAM ref #4)
t_wall=1785583190.290 t=1917084214 W DAT 0x04 (CGRAM ref #4)
t_wall=1785583190.291 t=1917084253 W DAT 0x18
t_wall=1785583190.293 t=1917088101 W DAT 0x04 (CGRAM ref #4)
t_wall=1785583190.293 t=1917088140 W DAT 0x04 (CGRAM ref #4)
t_wall=1785583190.294 t=1917088178 W DAT 0x06 (CGRAM ref #6)
t_wall=1785583190.294 t=1917088216 W DAT 0x04 (CGRAM ref #4)
t_wall=1785583190.295 t=1917088397 W CMD 0x0C [DISP_CTRL disp=1 cur=0 blink=0]
t_wall=1785583190.356 # ALIVE us=1917151411 ring_depth=0 drops=0
t_wall=1785583190.362 t=1917157164 W CMD 0x58 [SET_CGRAM 0x18]
t_wall=1785583190.363 t=1917157222 W DAT 0x00 (CGRAM ref #0)
t_wall=1785583190.363 t=1917157275 W DAT 0x00 (CGRAM ref #0)
t_wall=1785583190.366 t=1917161113 W DAT 0x00 (CGRAM ref #0)
t_wall=1785583190.369 t=1917164990 W DAT 0x1F
t_wall=1785583190.373 t=1917168822 W DAT 0x00 (CGRAM ref #0)
t_wall=1785583190.377 t=1917172638 W DAT 0x00 (CGRAM ref #0)
t_wall=1785583190.381 t=1917176486 W DAT 0x06 (CGRAM ref #6)
t_wall=1785583190.381 t=1917176524 W DAT 0x00 (CGRAM ref #0)
t_wall=1785583190.382 t=1917176703 W CMD 0x0C [DISP_CTRL disp=1 cur=0 blink=0]
t_wall=1785583190.440 t=1917235308 W CMD 0x58 [SET_CGRAM 0x18]
t_wall=1785583190.441 t=1917235366 W DAT 0x04 (CGRAM ref #4)
t_wall=1785583190.441 t=1917235404 W DAT 0x04 (CGRAM ref #4)
t_wall=1785583190.441 t=1917235443 W DAT 0x04 (CGRAM ref #4)
t_wall=1785583190.442 t=1917235481 W DAT 0x18
t_wall=1785583190.444 t=1917239327 W DAT 0x04 (CGRAM ref #4)
t_wall=1785583190.445 t=1917239366 W DAT 0x04 (CGRAM ref #4)
t_wall=1785583190.446 t=1917239404 W DAT 0x06 (CGRAM ref #6)
t_wall=1785583190.446 t=1917239442 W DAT 0x04 (CGRAM ref #4)
t_wall=1785583190.447 t=1917239621 W CMD 0x0C [DISP_CTRL disp=1 cur=0 blink=0]
t_wall=1785583190.515 t=1917308584 W CMD 0x58 [SET_CGRAM 0x18]
t_wall=1785583190.518 t=1917308642 W DAT 0x00 (CGRAM ref #0)
t_wall=1785583190.520 t=1917308695 W DAT 0x00 (CGRAM ref #0)
t_wall=1785583190.523 t=1917312526 W DAT 0x00 (CGRAM ref #0)
t_wall=1785583190.524 t=1917316371 W DAT 0x1F
t_wall=1785583190.526 t=1917320189 W DAT 0x00 (CGRAM ref #0)
t_wall=1785583190.530 t=1917324065 W DAT 0x00 (CGRAM ref #0)
t_wall=1785583190.534 t=1917327898 W DAT 0x06 (CGRAM ref #6)
t_wall=1785583190.536 t=1917327936 W DAT 0x00 (CGRAM ref #0)
t_wall=1785583190.538 t=1917331623 W CMD 0x0C [DISP_CTRL disp=1 cur=0 blink=0]
t_wall=1785583190.602 t=1917396721 W CMD 0x58 [SET_CGRAM 0x18]
t_wall=1785583190.602 t=1917396779 W DAT 0x04 (CGRAM ref #4)
t_wall=1785583190.603 t=1917396817 W DAT 0x04 (CGRAM ref #4)
t_wall=1785583190.604 t=1917396855 W DAT 0x04 (CGRAM ref #4)
t_wall=1785583190.604 t=1917396893 W DAT 0x18
t_wall=1785583190.606 t=1917400739 W DAT 0x04 (CGRAM ref #4)
t_wall=1785583190.606 t=1917400777 W DAT 0x04 (CGRAM ref #4)
t_wall=1785583190.607 t=1917400815 W DAT 0x06 (CGRAM ref #6)
t_wall=1785583190.607 t=1917400854 W DAT 0x04 (CGRAM ref #4)
t_wall=1785583190.608 t=1917401034 W CMD 0x0C [DISP_CTRL disp=1 cur=0 blink=0]
t_wall=1785583190.675 t=1917470123 W CMD 0x58 [SET_CGRAM 0x18]
t_wall=1785583190.676 t=1917470182 W DAT 0x00 (CGRAM ref #0)
t_wall=1785583190.676 t=1917470235 W DAT 0x00 (CGRAM ref #0)
t_wall=1785583190.677 t=1917472107 W DAT 0x00 (CGRAM ref #0)
t_wall=1785583190.680 t=1917475925 W DAT 0x1F
t_wall=1785583190.684 t=1917479741 W DAT 0x00 (CGRAM ref #0)
t_wall=1785583190.688 t=1917483618 W DAT 0x00 (CGRAM ref #0)
t_wall=1785583190.688 t=1917483656 W DAT 0x06 (CGRAM ref #6)
t_wall=1785583190.689 t=1917483694 W DAT 0x00 (CGRAM ref #0)
t_wall=1785583190.693 t=1917488660 W CMD 0x0C [DISP_CTRL disp=1 cur=0 blink=0]
t_wall=1785583190.757 t=1917552559 W CMD 0x58 [SET_CGRAM 0x18]
t_wall=1785583190.758 t=1917552618 W DAT 0x04 (CGRAM ref #4)
t_wall=1785583190.758 t=1917552656 W DAT 0x04 (CGRAM ref #4)
t_wall=1785583190.759 t=1917552694 W DAT 0x04 (CGRAM ref #4)
t_wall=1785583190.759 t=1917552732 W DAT 0x18
t_wall=1785583190.761 t=1917556550 W DAT 0x04 (CGRAM ref #4)
t_wall=1785583190.762 t=1917556588 W DAT 0x04 (CGRAM ref #4)
t_wall=1785583190.762 t=1917556627 W DAT 0x06 (CGRAM ref #6)
t_wall=1785583190.763 t=1917556665 W DAT 0x04 (CGRAM ref #4)
t_wall=1785583190.763 t=1917556873 W CMD 0x0C [DISP_CTRL disp=1 cur=0 blink=0]
t_wall=1785583190.830 t=1917625872 W CMD 0x58 [SET_CGRAM 0x18]
t_wall=1785583190.831 t=1917625931 W DAT 0x00 (CGRAM ref #0)
t_wall=1785583190.831 t=1917625983 W DAT 0x00 (CGRAM ref #0)
t_wall=1785583190.832 t=1917626314 W DAT 0x00 (CGRAM ref #0)
t_wall=1785583190.835 t=1917630147 W DAT 0x1F
t_wall=1785583190.839 t=1917633993 W DAT 0x00 (CGRAM ref #0)
t_wall=1785583190.842 t=1917637809 W DAT 0x00 (CGRAM ref #0)
t_wall=1785583190.843 t=1917637847 W DAT 0x06 (CGRAM ref #6)
t_wall=1785583190.843 t=1917637885 W DAT 0x00 (CGRAM ref #0)
t_wall=1785583190.844 t=1917638065 W CMD 0x0C [DISP_CTRL disp=1 cur=0 blink=0]
t_wall=1785583190.911 t=1917706728 W CMD 0x58 [SET_CGRAM 0x18]
t_wall=1785583190.912 t=1917706786 W DAT 0x04 (CGRAM ref #4)
t_wall=1785583190.912 t=1917706824 W DAT 0x04 (CGRAM ref #4)
t_wall=1785583190.912 t=1917706863 W DAT 0x04 (CGRAM ref #4)
t_wall=1785583190.912 t=1917706901 W DAT 0x18
t_wall=1785583190.915 t=1917710718 W DAT 0x04 (CGRAM ref #4)
t_wall=1785583190.915 t=1917710756 W DAT 0x04 (CGRAM ref #4)
t_wall=1785583190.916 t=1917710794 W DAT 0x06 (CGRAM ref #6)
t_wall=1785583190.916 t=1917710833 W DAT 0x04 (CGRAM ref #4)
t_wall=1785583190.916 t=1917711013 W CMD 0x0C [DISP_CTRL disp=1 cur=0 blink=0]
t_wall=1785583190.985 t=1917780015 W CMD 0x58 [SET_CGRAM 0x18]
t_wall=1785583190.985 t=1917780074 W DAT 0x00 (CGRAM ref #0)
t_wall=1785583190.986 t=1917780127 W DAT 0x00 (CGRAM ref #0)
t_wall=1785583190.989 t=1917783973 W DAT 0x00 (CGRAM ref #0)
t_wall=1785583190.992 t=1917787806 W DAT 0x1F
t_wall=1785583190.996 t=1917791652 W DAT 0x00 (CGRAM ref #0)
t_wall=1785583191.000 t=1917795468 W DAT 0x00 (CGRAM ref #0)
t_wall=1785583191.004 t=1917799316 W DAT 0x06 (CGRAM ref #6)
t_wall=1785583191.004 t=1917799378 W DAT 0x00 (CGRAM ref #0)
t_wall=1785583191.005 t=1917799558 W CMD 0x0C [DISP_CTRL disp=1 cur=0 blink=0]
t_wall=1785583191.017 t=1917812676 W CMD 0x50 [SET_CGRAM 0x10]
t_wall=1785583191.018 t=1917812734 W DAT 0x0A
t_wall=1785583191.018 t=1917812787 W DAT 0x0E
t_wall=1785583191.018 t=1917812840 W DAT 0x00 (CGRAM ref #0)
t_wall=1785583191.018 t=1917812893 W DAT 0x0B
t_wall=1785583191.019 t=1917812960 W DAT 0x0C
t_wall=1785583191.019 t=1917813013 W DAT 0x02 (CGRAM ref #2)
t_wall=1785583191.019 t=1917813051 W DAT 0x00 (CGRAM ref #0)
t_wall=1785583191.020 t=1917813104 W DAT 0x1A
t_wall=1785583191.020 t=1917814614 W CMD 0x0C [DISP_CTRL disp=1 cur=0 blink=0]
t_wall=1785583191.068 t=1917863254 W CMD 0x58 [SET_CGRAM 0x18]
t_wall=1785583191.069 t=1917863313 W DAT 0x04 (CGRAM ref #4)
t_wall=1785583191.069 t=1917863351 W DAT 0x04 (CGRAM ref #4)
t_wall=1785583191.070 t=1917863389 W DAT 0x04 (CGRAM ref #4)
t_wall=1785583191.070 t=1917863427 W DAT 0x18
t_wall=1785583191.072 t=1917867288 W DAT 0x04 (CGRAM ref #4)
t_wall=1785583191.072 t=1917867326 W DAT 0x04 (CGRAM ref #4)
t_wall=1785583191.073 t=1917867364 W DAT 0x06 (CGRAM ref #6)
t_wall=1785583191.073 t=1917867403 W DAT 0x04 (CGRAM ref #4)
t_wall=1785583191.074 t=1917867582 W CMD 0x0C [DISP_CTRL disp=1 cur=0 blink=0]
t_wall=1785583191.082 t=1917877311 W CMD 0x50 [SET_CGRAM 0x10]
t_wall=1785583191.082 t=1917877389 W DAT 0x08
t_wall=1785583191.082 t=1917877472 W DAT 0x0E
t_wall=1785583191.083 t=1917877524 W DAT 0x08
t_wall=1785583191.083 t=1917877577 W DAT 0x09
t_wall=1785583191.083 t=1917877645 W DAT 0x0E
t_wall=1785583191.084 t=1917877698 W DAT 0x00 (CGRAM ref #0)
t_wall=1785583191.084 t=1917877750 W DAT 0x00 (CGRAM ref #0)
t_wall=1785583191.084 t=1917877803 W DAT 0x18
t_wall=1785583191.085 t=1917879211 W CMD 0x0C [DISP_CTRL disp=1 cur=0 blink=0]
t_wall=1785583191.153 t=1917948900 W CMD 0x50 [SET_CGRAM 0x10]
t_wall=1785583191.154 t=1917948958 W DAT 0x08
t_wall=1785583191.154 t=1917949011 W DAT 0x06 (CGRAM ref #6)
t_wall=1785583191.154 t=1917949050 W DAT 0x08
t_wall=1785583191.154 t=1917949117 W DAT 0x09
t_wall=1785583191.154 t=1917949208 W DAT 0x0E
t_wall=1785583191.155 t=1917949261 W DAT 0x00 (CGRAM ref #0)
t_wall=1785583191.155 t=1917949313 W DAT 0x00 (CGRAM ref #0)
t_wall=1785583191.155 t=1917949352 W DAT 0x18
t_wall=1785583191.155 t=1917950834 W CMD 0x58 [SET_CGRAM 0x18]
t_wall=1785583191.156 t=1917950922 W DAT 0x00 (CGRAM ref #0)
t_wall=1785583191.156 t=1917950975 W DAT 0x00 (CGRAM ref #0)
t_wall=1785583191.159 t=1917954789 W DAT 0x00 (CGRAM ref #0)
t_wall=1785583191.163 t=1917958638 W DAT 0x1F
t_wall=1785583191.167 t=1917962501 W DAT 0x00 (CGRAM ref #0)
t_wall=1785583191.172 t=1917966317 W DAT 0x00 (CGRAM ref #0)
t_wall=1785583191.174 t=1917966355 W DAT 0x06 (CGRAM ref #6)
t_wall=1785583191.175 t=1917966393 W DAT 0x00 (CGRAM ref #0)
t_wall=1785583191.182 t=1917975089 W CMD 0x0C [DISP_CTRL disp=1 cur=0 blink=0]
t_wall=1785583191.226 t=1918021281 W CMD 0x78 [SET_CGRAM 0x38]
t_wall=1785583191.227 t=1918021339 W DAT 0x07 (CGRAM ref #7)
t_wall=1785583191.227 t=1918021377 W DAT 0x07 (CGRAM ref #7)
t_wall=1785583191.228 t=1918021415 W DAT 0x07 (CGRAM ref #7)
t_wall=1785583191.228 t=1918021454 W DAT 0x18
t_wall=1785583191.230 t=1918025314 W DAT 0x1F
t_wall=1785583191.234 t=1918029132 W DAT 0x19
t_wall=1785583191.238 t=1918032948 W DAT 0x19
t_wall=1785583191.241 t=1918036825 W DAT 0x1F
t_wall=1785583191.246 t=1918041759 W CMD 0x50 [SET_CGRAM 0x10]
t_wall=1785583191.247 t=1918041818 W DAT 0x00 (CGRAM ref #0)
t_wall=1785583191.247 t=1918041871 W DAT 0x0E
t_wall=1785583191.248 t=1918041924 W DAT 0x00 (CGRAM ref #0)
t_wall=1785583191.248 t=1918041976 W DAT 0x01 (CGRAM ref #1)
t_wall=1785583191.249 t=1918042044 W DAT 0x0E
t_wall=1785583191.249 t=1918042097 W DAT 0x00 (CGRAM ref #0)
t_wall=1785583191.250 t=1918042149 W DAT 0x00 (CGRAM ref #0)
t_wall=1785583191.250 t=1918042202 W DAT 0x10
t_wall=1785583191.251 t=1918042382 W CMD 0x0C [DISP_CTRL disp=1 cur=0 blink=0]
t_wall=1785583191.251 t=1918043743 W CMD 0x58 [SET_CGRAM 0x18]
t_wall=1785583191.252 t=1918043860 W DAT 0x04 (CGRAM ref #4)
t_wall=1785583191.252 t=1918043899 W DAT 0x04 (CGRAM ref #4)
t_wall=1785583191.253 t=1918043937 W DAT 0x04 (CGRAM ref #4)
t_wall=1785583191.253 t=1918043975 W DAT 0x18
t_wall=1785583191.254 t=1918044467 W DAT 0x04 (CGRAM ref #4)
t_wall=1785583191.254 t=1918044505 W DAT 0x04 (CGRAM ref #4)
t_wall=1785583191.255 t=1918044543 W DAT 0x06 (CGRAM ref #6)
t_wall=1785583191.255 t=1918044581 W DAT 0x04 (CGRAM ref #4)
t_wall=1785583191.256 t=1918044761 W CMD 0x0C [DISP_CTRL disp=1 cur=0 blink=0]
t_wall=1785583191.309 t=1918103532 W CMD 0x50 [SET_CGRAM 0x10]
t_wall=1785583191.309 t=1918103590 W DAT 0x0A
t_wall=1785583191.310 t=1918103644 W DAT 0x0E
t_wall=1785583191.311 t=1918103696 W DAT 0x0A
t_wall=1785583191.312 t=1918103749 W DAT 0x01 (CGRAM ref #1)
t_wall=1785583191.313 t=1918103802 W DAT 0x0E
t_wall=1785583191.314 t=1918103854 W DAT 0x02 (CGRAM ref #2)
t_wall=1785583191.315 t=1918103893 W DAT 0x00 (CGRAM ref #0)
t_wall=1785583191.315 t=1918103946 W DAT 0x12
t_wall=1785583191.316 t=1918104126 W CMD 0x0C [DISP_CTRL disp=1 cur=0 blink=0]
t_wall=1785583191.318 t=1918105443 W CMD 0x58 [SET_CGRAM 0x18]
t_wall=1785583191.319 t=1918105501 W DAT 0x00 (CGRAM ref #0)
t_wall=1785583191.322 t=1918105554 W DAT 0x00 (CGRAM ref #0)
t_wall=1785583191.327 t=1918109398 W DAT 0x00 (CGRAM ref #0)
t_wall=1785583191.331 t=1918113216 W DAT 0x1F
t_wall=1785583191.336 t=1918117066 W DAT 0x00 (CGRAM ref #0)
t_wall=1785583191.339 t=1918117104 W DAT 0x00 (CGRAM ref #0)
t_wall=1785583191.346 t=1918120964 W DAT 0x06 (CGRAM ref #6)
t_wall=1785583191.351 t=1918121003 W DAT 0x00 (CGRAM ref #0)
t_wall=1785583191.360 t=1918126801 W CMD 0x0C [DISP_CTRL disp=1 cur=0 blink=0]
t_wall=1785583191.394 t=1918181695 W CMD 0x58 [SET_CGRAM 0x18]
t_wall=1785583191.401 t=1918181753 W DAT 0x04 (CGRAM ref #4)
t_wall=1785583191.407 t=1918181791 W DAT 0x04 (CGRAM ref #4)
t_wall=1785583191.414 t=1918181830 W DAT 0x04 (CGRAM ref #4)
t_wall=1785583191.418 t=1918181868 W DAT 0x18
t_wall=1785583191.424 t=1918185713 W DAT 0x04 (CGRAM ref #4)
t_wall=1785583191.429 t=1918185751 W DAT 0x04 (CGRAM ref #4)
t_wall=1785583191.433 t=1918185790 W DAT 0x06 (CGRAM ref #6)
t_wall=1785583191.438 t=1918185828 W DAT 0x04 (CGRAM ref #4)
t_wall=1785583191.448 t=1918186008 W CMD 0x0C [DISP_CTRL disp=1 cur=0 blink=0]
t_wall=1785583191.455 t=1918195716 W CMD 0x50 [SET_CGRAM 0x10]
t_wall=1785583191.459 t=1918195775 W DAT 0x0A
t_wall=1785583191.463 t=1918195828 W DAT 0x0E
t_wall=1785583191.470 t=1918195880 W DAT 0x02 (CGRAM ref #2)
t_wall=1785583191.475 t=1918195918 W DAT 0x09
t_wall=1785583191.482 t=1918195986 W DAT 0x0E
t_wall=1785583191.488 t=1918196038 W DAT 0x02 (CGRAM ref #2)
t_wall=1785583191.496 t=1918196077 W DAT 0x00 (CGRAM ref #0)
t_wall=1785583191.498 t=1918196130 W DAT 0x1A
t_wall=1785583191.503 t=1918203458 W CMD 0x0C [DISP_CTRL disp=1 cur=0 blink=0]
t_wall=1785583191.507 t=1918257787 W CMD 0x58 [SET_CGRAM 0x18]
t_wall=1785583191.513 t=1918257846 W DAT 0x00 (CGRAM ref #0)
t_wall=1785583191.517 t=1918257898 W DAT 0x00 (CGRAM ref #0)
t_wall=1785583191.521 t=1918261731 W DAT 0x00 (CGRAM ref #0)
t_wall=1785583191.523 t=1918265549 W DAT 0x1F
t_wall=1785583191.528 t=1918269416 W DAT 0x00 (CGRAM ref #0)
t_wall=1785583191.536 t=1918273266 W DAT 0x00 (CGRAM ref #0)
t_wall=1785583191.542 t=1918277097 W DAT 0x06 (CGRAM ref #6)
t_wall=1785583191.548 t=1918277136 W DAT 0x00 (CGRAM ref #0)
t_wall=1785583191.558 t=1918282911 W CMD 0x0C [DISP_CTRL disp=1 cur=0 blink=0]
t_wall=1785583191.565 t=1918287921 W CMD 0x50 [SET_CGRAM 0x10]
t_wall=1785583191.568 t=1918287980 W DAT 0x0A
t_wall=1785583191.571 t=1918288033 W DAT 0x0A
t_wall=1785583191.574 t=1918288086 W DAT 0x0A
t_wall=1785583191.577 t=1918288211 W DAT 0x0B
t_wall=1785583191.580 t=1918288293 W DAT 0x0A
t_wall=1785583191.586 t=1918288346 W DAT 0x00 (CGRAM ref #0)
t_wall=1785583191.594 t=1918288399 W DAT 0x00 (CGRAM ref #0)
t_wall=1785583191.598 t=1918288451 W DAT 0x1A
t_wall=1785583191.605 t=1918289912 W CMD 0x0C [DISP_CTRL disp=1 cur=0 blink=0]
t_wall=1785583191.613 t=1918337320 W CMD 0x50 [SET_CGRAM 0x10]
t_wall=1785583191.617 t=1918337379 W DAT 0x0A
t_wall=1785583191.625 t=1918337431 W DAT 0x02 (CGRAM ref #2)
t_wall=1785583191.628 t=1918337470 W DAT 0x0A
t_wall=1785583191.630 t=1918337552 W DAT 0x0B
t_wall=1785583191.634 t=1918337605 W DAT 0x0A
t_wall=1785583191.639 t=1918337658 W DAT 0x00 (CGRAM ref #0)
t_wall=1785583191.644 t=1918337710 W DAT 0x00 (CGRAM ref #0)
t_wall=1785583191.648 t=1918337763 W DAT 0x1A
t_wall=1785583191.654 t=1918339223 W CMD 0x58 [SET_CGRAM 0x18]
t_wall=1785583191.659 t=1918339340 W DAT 0x04 (CGRAM ref #4)
t_wall=1785583191.666 t=1918339379 W DAT 0x04 (CGRAM ref #4)
t_wall=1785583191.672 t=1918339417 W DAT 0x04 (CGRAM ref #4)
t_wall=1785583191.676 t=1918339455 W DAT 0x18
t_wall=1785583191.683 t=1918343338 W DAT 0x04 (CGRAM ref #4)
t_wall=1785583191.691 t=1918343376 W DAT 0x04 (CGRAM ref #4)
t_wall=1785583191.695 t=1918343414 W DAT 0x06 (CGRAM ref #6)
t_wall=1785583191.700 t=1918343452 W DAT 0x04 (CGRAM ref #4)
t_wall=1785583191.708 t=1918343675 W CMD 0x0C [DISP_CTRL disp=1 cur=0 blink=0]
t_wall=1785583191.717 t=1918413270 W CMD 0x50 [SET_CGRAM 0x10]
t_wall=1785583191.727 t=1918413329 W DAT 0x02 (CGRAM ref #2)
t_wall=1785583191.731 t=1918413367 W DAT 0x0A
t_wall=1785583191.737 t=1918413449 W DAT 0x02 (CGRAM ref #2)
t_wall=1785583191.745 t=1918413487 W DAT 0x03 (CGRAM ref #3)
t_wall=1785583191.750 t=1918413525 W DAT 0x0A
t_wall=1785583191.756 t=1918413578 W DAT 0x00 (CGRAM ref #0)
t_wall=1785583191.763 t=1918413631 W DAT 0x00 (CGRAM ref #0)
t_wall=1785583191.768 t=1918413684 W DAT 0x12
t_wall=1785583191.778 t=1918413864 W CMD 0x0C [DISP_CTRL disp=1 cur=0 blink=0]
t_wall=1785583191.785 t=1918415272 W CMD 0x58 [SET_CGRAM 0x18]
t_wall=1785583191.791 t=1918415331 W DAT 0x00 (CGRAM ref #0)
t_wall=1785583191.796 t=1918415384 W DAT 0x00 (CGRAM ref #0)
t_wall=1785583191.802 t=1918419266 W DAT 0x00 (CGRAM ref #0)
t_wall=1785583191.807 t=1918423084 W DAT 0x1F
t_wall=1785583191.812 t=1918426900 W DAT 0x00 (CGRAM ref #0)
t_wall=1785583191.818 t=1918430777 W DAT 0x00 (CGRAM ref #0)
t_wall=1785583191.823 t=1918434553 W DAT 0x06 (CGRAM ref #6)
t_wall=1785583191.828 t=1918434649 W DAT 0x00 (CGRAM ref #0)
t_wall=1785583191.835 t=1918440442 W CMD 0x0C [DISP_CTRL disp=1 cur=0 blink=0]
t_wall=1785583191.841 t=1918441718 W CMD 0x78 [SET_CGRAM 0x38]
t_wall=1785583191.846 t=1918441797 W DAT 0x07 (CGRAM ref #7)
t_wall=1785583191.851 t=1918441836 W DAT 0x07 (CGRAM ref #7)
t_wall=1785583191.857 t=1918441874 W DAT 0x07 (CGRAM ref #7)
t_wall=1785583191.860 t=1918441912 W DAT 0x10
t_wall=1785583191.865 t=1918445729 W DAT 0x1F
t_wall=1785583191.870 t=1918449606 W DAT 0x19
t_wall=1785583191.873 t=1918453438 W DAT 0x19
t_wall=1785583191.877 t=1918457254 W DAT 0x1F
t_wall=1785583191.887 t=1918462145 W CMD 0x0C [DISP_CTRL disp=1 cur=0 blink=0]
t_wall=1785583191.894 t=1918500013 W CMD 0x50 [SET_CGRAM 0x10]
t_wall=1785583191.898 t=1918500072 W DAT 0x0A
t_wall=1785583191.902 t=1918500124 W DAT 0x0A
t_wall=1785583191.905 t=1918500177 W DAT 0x0A
t_wall=1785583191.910 t=1918500230 W DAT 0x03 (CGRAM ref #3)
t_wall=1785583191.913 t=1918500268 W DAT 0x0A
t_wall=1785583191.918 t=1918500336 W DAT 0x02 (CGRAM ref #2)
t_wall=1785583191.922 t=1918500374 W DAT 0x00 (CGRAM ref #0)
t_wall=1785583191.925 t=1918500412 W DAT 0x12
t_wall=1785583191.930 t=1918500593 W CMD 0x0C [DISP_CTRL disp=1 cur=0 blink=0]
t_wall=1785583191.934 t=1918502034 W CMD 0x58 [SET_CGRAM 0x18]
t_wall=1785583191.937 t=1918502093 W DAT 0x04 (CGRAM ref #4)
t_wall=1785583191.940 t=1918502131 W DAT 0x04 (CGRAM ref #4)
t_wall=1785583191.942 t=1918502169 W DAT 0x04 (CGRAM ref #4)
t_wall=1785583191.943 t=1918502207 W DAT 0x18
t_wall=1785583191.946 t=1918506023 W DAT 0x04 (CGRAM ref #4)
t_wall=1785583191.948 t=1918506061 W DAT 0x04 (CGRAM ref #4)
t_wall=1785583191.950 t=1918506099 W DAT 0x06 (CGRAM ref #6)
t_wall=1785583191.951 t=1918506138 W DAT 0x04 (CGRAM ref #4)
t_wall=1785583191.954 t=1918506318 W CMD 0x0C [DISP_CTRL disp=1 cur=0 blink=0]
t_wall=1785583191.956 t=1918575947 W CMD 0x50 [SET_CGRAM 0x10]
t_wall=1785583191.957 t=1918576020 W DAT 0x0A
t_wall=1785583191.958 t=1918576073 W DAT 0x0A
t_wall=1785583191.960 t=1918576125 W DAT 0x02 (CGRAM ref #2)
t_wall=1785583191.961 t=1918576164 W DAT 0x0B
t_wall=1785583191.961 t=1918576231 W DAT 0x0A
t_wall=1785583191.963 t=1918576284 W DAT 0x02 (CGRAM ref #2)
t_wall=1785583191.964 t=1918576322 W DAT 0x00 (CGRAM ref #0)
t_wall=1785583191.965 t=1918576375 W DAT 0x1A
t_wall=1785583191.967 t=1918577914 W CMD 0x58 [SET_CGRAM 0x18]
t_wall=1785583191.968 t=1918577972 W DAT 0x00 (CGRAM ref #0)
t_wall=1785583191.970 t=1918578025 W DAT 0x00 (CGRAM ref #0)
t_wall=1785583191.972 t=1918581840 W DAT 0x00 (CGRAM ref #0)
t_wall=1785583191.973 t=1918585657 W DAT 0x1F
t_wall=1785583191.974 t=1918589555 W DAT 0x00 (CGRAM ref #0)
t_wall=1785583191.975 t=1918593387 W DAT 0x00 (CGRAM ref #0)
t_wall=1785583191.976 t=1918597234 W DAT 0x06 (CGRAM ref #6)
t_wall=1785583191.977 t=1918597273 W DAT 0x00 (CGRAM ref #0)
t_wall=1785583191.978 t=1918604267 W CMD 0x0C [DISP_CTRL disp=1 cur=0 blink=0]
t_wall=1785583191.979 t=1918656778 W CMD 0x50 [SET_CGRAM 0x10]
t_wall=1785583191.980 t=1918656837 W DAT 0x0A
t_wall=1785583191.980 t=1918656890 W DAT 0x0A
t_wall=1785583191.981 t=1918656943 W DAT 0x0A
t_wall=1785583191.981 t=1918656996 W DAT 0x09
t_wall=1785583191.982 t=1918657063 W DAT 0x0A
t_wall=1785583191.982 t=1918657116 W DAT 0x00 (CGRAM ref #0)
t_wall=1785583191.983 t=1918657169 W DAT 0x00 (CGRAM ref #0)
t_wall=1785583191.984 t=1918657222 W DAT 0x18
t_wall=1785583191.984 t=1918659497 W CMD 0x58 [SET_CGRAM 0x18]
t_wall=1785583191.985 t=1918659556 W DAT 0x04 (CGRAM ref #4)
t_wall=1785583191.986 t=1918659594 W DAT 0x04 (CGRAM ref #4)
t_wall=1785583191.987 t=1918659632 W DAT 0x04 (CGRAM ref #4)
t_wall=1785583191.987 t=1918659670 W DAT 0x18
t_wall=1785583191.988 t=1918663515 W DAT 0x04 (CGRAM ref #4)
t_wall=1785583191.989 t=1918663554 W DAT 0x04 (CGRAM ref #4)
t_wall=1785583191.990 t=1918663592 W DAT 0x06 (CGRAM ref #6)
t_wall=1785583191.991 t=1918663630 W DAT 0x04 (CGRAM ref #4)
t_wall=1785583191.993 t=1918663811 W CMD 0x0C [DISP_CTRL disp=1 cur=0 blink=0]
t_wall=1785583191.993 t=1918732560 W CMD 0x50 [SET_CGRAM 0x10]
t_wall=1785583191.994 t=1918732619 W DAT 0x0A
t_wall=1785583191.995 t=1918732672 W DAT 0x02 (CGRAM ref #2)
t_wall=1785583191.995 t=1918732710 W DAT 0x0A
t_wall=1785583191.996 t=1918732778 W DAT 0x09
t_wall=1785583191.996 t=1918732845 W DAT 0x0A
t_wall=1785583191.997 t=1918732898 W DAT 0x00 (CGRAM ref #0)
t_wall=1785583191.998 t=1918732951 W DAT 0x00 (CGRAM ref #0)
t_wall=1785583191.998 t=1918733004 W DAT 0x18
t_wall=1785583191.999 t=1918735307 W CMD 0x58 [SET_CGRAM 0x18]
t_wall=1785583191.999 t=1918735366 W DAT 0x00 (CGRAM ref #0)
t_wall=1785583192.000 t=1918735476 W DAT 0x00 (CGRAM ref #0)
t_wall=1785583192.001 t=1918739252 W DAT 0x00 (CGRAM ref #0)
t_wall=1785583192.001 t=1918743070 W DAT 0x1F
t_wall=1785583192.002 t=1918746914 W DAT 0x00 (CGRAM ref #0)
t_wall=1785583192.002 t=1918750762 W DAT 0x00 (CGRAM ref #0)
t_wall=1785583192.003 t=1918750801 W DAT 0x06 (CGRAM ref #6)
t_wall=1785583192.004 t=1918750839 W DAT 0x00 (CGRAM ref #0)
t_wall=1785583192.005 t=1918751019 W CMD 0x0C [DISP_CTRL disp=1 cur=0 blink=0]
t_wall=1785583192.014 t=1918809286 W CMD 0x50 [SET_CGRAM 0x10]
t_wall=1785583192.015 t=1918809329 W DAT 0x02 (CGRAM ref #2)
t_wall=1785583192.015 t=1918809368 W DAT 0x0A
t_wall=1785583192.016 t=1918809435 W DAT 0x02 (CGRAM ref #2)
t_wall=1785583192.016 t=1918809501 W DAT 0x01 (CGRAM ref #1)
t_wall=1785583192.017 t=1918809554 W DAT 0x0A
t_wall=1785583192.017 t=1918809607 W DAT 0x00 (CGRAM ref #0)
t_wall=1785583192.018 t=1918809660 W DAT 0x00 (CGRAM ref #0)
t_wall=1785583192.018 t=1918809712 W DAT 0x10
t_wall=1785583192.019 t=1918809892 W CMD 0x0C [DISP_CTRL disp=1 cur=0 blink=0]
t_wall=1785583192.020 t=1918811287 W CMD 0x58 [SET_CGRAM 0x18]
t_wall=1785583192.020 t=1918811345 W DAT 0x04 (CGRAM ref #4)
t_wall=1785583192.021 t=1918811383 W DAT 0x04 (CGRAM ref #4)
t_wall=1785583192.021 t=1918811422 W DAT 0x04 (CGRAM ref #4)
t_wall=1785583192.022 t=1918811460 W DAT 0x18
t_wall=1785583192.022 t=1918812771 W DAT 0x04 (CGRAM ref #4)
t_wall=1785583192.023 t=1918812809 W DAT 0x04 (CGRAM ref #4)
t_wall=1785583192.024 t=1918812847 W DAT 0x06 (CGRAM ref #6)
t_wall=1785583192.024 t=1918812885 W DAT 0x04 (CGRAM ref #4)
t_wall=1785583192.025 t=1918813066 W CMD 0x0C [DISP_CTRL disp=1 cur=0 blink=0]
t_wall=1785583192.089 t=1918883972 W CMD 0x58 [SET_CGRAM 0x18]
t_wall=1785583192.089 t=1918884030 W DAT 0x00 (CGRAM ref #0)
t_wall=1785583192.089 t=1918884083 W DAT 0x00 (CGRAM ref #0)
t_wall=1785583192.092 t=1918887899 W DAT 0x00 (CGRAM ref #0)
t_wall=1785583192.096 t=1918891749 W DAT 0x1F
t_wall=1785583192.100 t=1918895609 W DAT 0x00 (CGRAM ref #0)
t_wall=1785583192.104 t=1918899427 W DAT 0x00 (CGRAM ref #0)
t_wall=1785583192.108 t=1918903266 W DAT 0x06 (CGRAM ref #6)
t_wall=1785583192.109 t=1918903304 W DAT 0x00 (CGRAM ref #0)
t_wall=1785583192.114 t=1918909106 W CMD 0x0C [DISP_CTRL disp=1 cur=0 blink=0]
t_wall=1785583192.115 t=1918910457 W CMD 0x78 [SET_CGRAM 0x38]
t_wall=1785583192.115 t=1918910515 W DAT 0x07 (CGRAM ref #7)
t_wall=1785583192.116 t=1918910553 W DAT 0x07 (CGRAM ref #7)
t_wall=1785583192.116 t=1918910592 W DAT 0x07 (CGRAM ref #7)
t_wall=1785583192.117 t=1918910630 W DAT 0x10
t_wall=1785583192.119 t=1918914447 W DAT 0x17
t_wall=1785583192.119 t=1918914486 W DAT 0x19
t_wall=1785583192.123 t=1918918330 W DAT 0x19
t_wall=1785583192.127 t=1918922179 W DAT 0x1F
t_wall=1785583192.132 t=1918927059 W CMD 0x50 [SET_CGRAM 0x10]
t_wall=1785583192.132 t=1918927118 W DAT 0x0A
t_wall=1785583192.133 t=1918927170 W DAT 0x08
t_wall=1785583192.133 t=1918927223 W DAT 0x0A
t_wall=1785583192.134 t=1918927276 W DAT 0x03 (CGRAM ref #3)
t_wall=1785583192.134 t=1918927314 W DAT 0x0A
t_wall=1785583192.135 t=1918927382 W DAT 0x02 (CGRAM ref #2)
t_wall=1785583192.135 t=1918927420 W DAT 0x00 (CGRAM ref #0)
t_wall=1785583192.136 t=1918927458 W DAT 0x12
t_wall=1785583192.137 t=1918927639 W CMD 0x0C [DISP_CTRL disp=1 cur=0 blink=0]
t_wall=1785583192.181 t=1918976362 W CMD 0x50 [SET_CGRAM 0x10]
t_wall=1785583192.181 t=1918976421 W DAT 0x0A
t_wall=1785583192.181 t=1918976474 W DAT 0x08
t_wall=1785583192.181 t=1918976527 W DAT 0x02 (CGRAM ref #2)
t_wall=1785583192.182 t=1918976565 W DAT 0x0B
t_wall=1785583192.182 t=1918976632 W DAT 0x0A
t_wall=1785583192.182 t=1918976685 W DAT 0x02 (CGRAM ref #2)
t_wall=1785583192.182 t=1918976723 W DAT 0x00 (CGRAM ref #0)
t_wall=1785583192.182 t=1918976762 W DAT 0x1A
t_wall=1785583192.183 t=1918978222 W CMD 0x58 [SET_CGRAM 0x18]
t_wall=1785583192.183 t=1918978281 W DAT 0x04 (CGRAM ref #4)
t_wall=1785583192.183 t=1918978319 W DAT 0x04 (CGRAM ref #4)
t_wall=1785583192.183 t=1918978357 W DAT 0x04 (CGRAM ref #4)
t_wall=1785583192.183 t=1918978395 W DAT 0x18
t_wall=1785583192.184 t=1918979384 W DAT 0x04 (CGRAM ref #4)
t_wall=1785583192.184 t=1918979422 W DAT 0x04 (CGRAM ref #4)
t_wall=1785583192.184 t=1918979460 W DAT 0x06 (CGRAM ref #6)
t_wall=1785583192.184 t=1918979522 W DAT 0x04 (CGRAM ref #4)
t_wall=1785583192.185 t=1918979701 W CMD 0x0C [DISP_CTRL disp=1 cur=0 blink=0]
t_wall=1785583192.253 t=1919048509 W CMD 0x50 [SET_CGRAM 0x10]
t_wall=1785583192.253 t=1919048568 W DAT 0x0A
t_wall=1785583192.254 t=1919048621 W DAT 0x08
t_wall=1785583192.254 t=1919048674 W DAT 0x0A
t_wall=1785583192.254 t=1919048726 W DAT 0x0B
t_wall=1785583192.255 t=1919048794 W DAT 0x0A
t_wall=1785583192.255 t=1919048847 W DAT 0x00 (CGRAM ref #0)
t_wall=1785583192.255 t=1919048900 W DAT 0x00 (CGRAM ref #0)
t_wall=1785583192.256 t=1919048952 W DAT 0x1A
t_wall=1785583192.256 t=1919051204 W CMD 0x58 [SET_CGRAM 0x18]
t_wall=1785583192.257 t=1919051291 W DAT 0x00 (CGRAM ref #0)
t_wall=1785583192.257 t=1919051367 W DAT 0x00 (CGRAM ref #0)
t_wall=1785583192.260 t=1919055228 W DAT 0x00 (CGRAM ref #0)
t_wall=1785583192.263 t=1919059044 W DAT 0x1F
t_wall=1785583192.267 t=1919062860 W DAT 0x00 (CGRAM ref #0)
t_wall=1785583192.271 t=1919066739 W DAT 0x00 (CGRAM ref #0)
t_wall=1785583192.275 t=1919070569 W DAT 0x06 (CGRAM ref #6)
t_wall=1785583192.276 t=1919070608 W DAT 0x00 (CGRAM ref #0)
t_wall=1785583192.279 t=1919074282 W CMD 0x0C [DISP_CTRL disp=1 cur=0 blink=0]
t_wall=1785583192.334 t=1919129207 W CMD 0x50 [SET_CGRAM 0x10]
t_wall=1785583192.334 t=1919129265 W DAT 0x0A
t_wall=1785583192.334 t=1919129341 W DAT 0x00 (CGRAM ref #0)
t_wall=1785583192.335 t=1919129423 W DAT 0x0A
t_wall=1785583192.335 t=1919129476 W DAT 0x0B
t_wall=1785583192.335 t=1919129529 W DAT 0x0A
t_wall=1785583192.336 t=1919129582 W DAT 0x00 (CGRAM ref #0)
t_wall=1785583192.336 t=1919129634 W DAT 0x00 (CGRAM ref #0)
t_wall=1785583192.337 t=1919129687 W DAT 0x1A
t_wall=1785583192.337 t=1919132014 W CMD 0x58 [SET_CGRAM 0x18]
t_wall=1785583192.338 t=1919132072 W DAT 0x04 (CGRAM ref #4)
t_wall=1785583192.339 t=1919132111 W DAT 0x04 (CGRAM ref #4)
t_wall=1785583192.339 t=1919132149 W DAT 0x04 (CGRAM ref #4)
t_wall=1785583192.340 t=1919132187 W DAT 0x18
t_wall=1785583192.341 t=1919136004 W DAT 0x04 (CGRAM ref #4)
t_wall=1785583192.341 t=1919136042 W DAT 0x04 (CGRAM ref #4)
t_wall=1785583192.342 t=1919136081 W DAT 0x06 (CGRAM ref #6)
t_wall=1785583192.343 t=1919136119 W DAT 0x04 (CGRAM ref #4)
t_wall=1785583192.344 t=1919136299 W CMD 0x0C [DISP_CTRL disp=1 cur=0 blink=0]
t_wall=1785583192.356 # ALIVE us=1919151458 ring_depth=0 drops=0
t_wall=1785583192.410 t=1919205068 W CMD 0x50 [SET_CGRAM 0x10]
t_wall=1785583192.411 t=1919205127 W DAT 0x02 (CGRAM ref #2)
t_wall=1785583192.412 t=1919205165 W DAT 0x08
t_wall=1785583192.412 t=1919205232 W DAT 0x02 (CGRAM ref #2)
t_wall=1785583192.413 t=1919205294 W DAT 0x03 (CGRAM ref #3)
t_wall=1785583192.413 t=1919205332 W DAT 0x0A
t_wall=1785583192.414 t=1919205400 W DAT 0x00 (CGRAM ref #0)
t_wall=1785583192.415 t=1919205453 W DAT 0x00 (CGRAM ref #0)
t_wall=1785583192.415 t=1919205506 W DAT 0x12
t_wall=1785583192.416 t=1919205685 W CMD 0x0C [DISP_CTRL disp=1 cur=0 blink=0]
t_wall=1785583192.417 t=1919207870 W CMD 0x58 [SET_CGRAM 0x18]
t_wall=1785583192.417 t=1919207928 W DAT 0x00 (CGRAM ref #0)
t_wall=1785583192.417 t=1919207981 W DAT 0x00 (CGRAM ref #0)
t_wall=1785583192.418 t=1919211814 W DAT 0x00 (CGRAM ref #0)
t_wall=1785583192.420 t=1919215661 W DAT 0x1F
t_wall=1785583192.424 t=1919219476 W DAT 0x00 (CGRAM ref #0)
t_wall=1785583192.424 t=1919219514 W DAT 0x00 (CGRAM ref #0)
t_wall=1785583192.428 t=1919223363 W DAT 0x06 (CGRAM ref #6)
t_wall=1785583192.429 t=1919223401 W DAT 0x00 (CGRAM ref #0)
t_wall=1785583192.429 t=1919223609 W CMD 0x0C [DISP_CTRL disp=1 cur=0 blink=0]
t_wall=1785583192.486 t=1919281887 W CMD 0x50 [SET_CGRAM 0x10]
t_wall=1785583192.487 t=1919281945 W DAT 0x08
t_wall=1785583192.487 t=1919281998 W DAT 0x0A
t_wall=1785583192.487 t=1919282051 W DAT 0x0A
t_wall=1785583192.488 t=1919282104 W DAT 0x03 (CGRAM ref #3)
t_wall=1785583192.488 t=1919282142 W DAT 0x0A
t_wall=1785583192.488 t=1919282209 W DAT 0x00 (CGRAM ref #0)
t_wall=1785583192.489 t=1919282262 W DAT 0x00 (CGRAM ref #0)
t_wall=1785583192.489 t=1919282315 W DAT 0x10
t_wall=1785583192.489 t=1919283799 W CMD 0x58 [SET_CGRAM 0x18]
t_wall=1785583192.490 t=1919283858 W DAT 0x04 (CGRAM ref #4)
t_wall=1785583192.490 t=1919283896 W DAT 0x04 (CGRAM ref #4)
t_wall=1785583192.491 t=1919283934 W DAT 0x04 (CGRAM ref #4)
t_wall=1785583192.491 t=1919283972 W DAT 0x18
t_wall=1785583192.492 t=1919287849 W DAT 0x04 (CGRAM ref #4)
t_wall=1785583192.493 t=1919287887 W DAT 0x04 (CGRAM ref #4)
t_wall=1785583192.493 t=1919287926 W DAT 0x06 (CGRAM ref #6)
t_wall=1785583192.494 t=1919287964 W DAT 0x04 (CGRAM ref #4)
t_wall=1785583192.494 t=1919288144 W CMD 0x0C [DISP_CTRL disp=1 cur=0 blink=0]
t_wall=1785583192.564 t=1919358882 W CMD 0x58 [SET_CGRAM 0x18]
t_wall=1785583192.564 t=1919358941 W DAT 0x00 (CGRAM ref #0)
t_wall=1785583192.565 t=1919358979 W DAT 0x00 (CGRAM ref #0)
t_wall=1785583192.566 t=1919359032 W DAT 0x00 (CGRAM ref #0)
t_wall=1785583192.567 t=1919362877 W DAT 0x1F
t_wall=1785583192.568 t=1919363422 W DAT 0x00 (CGRAM ref #0)
t_wall=1785583192.572 t=1919367269 W DAT 0x00 (CGRAM ref #0)
t_wall=1785583192.576 t=1919371103 W DAT 0x06 (CGRAM ref #6)
t_wall=1785583192.577 t=1919371141 W DAT 0x00 (CGRAM ref #0)
t_wall=1785583192.581 t=1919376130 W CMD 0x0C [DISP_CTRL disp=1 cur=0 blink=0]
t_wall=1785583192.582 t=1919377467 W CMD 0x78 [SET_CGRAM 0x38]
t_wall=1785583192.583 t=1919377525 W DAT 0x07 (CGRAM ref #7)
t_wall=1785583192.583 t=1919377564 W DAT 0x07 (CGRAM ref #7)
t_wall=1785583192.584 t=1919377602 W DAT 0x07 (CGRAM ref #7)
t_wall=1785583192.584 t=1919377640 W DAT 0x10
t_wall=1785583192.584 t=1919377702 W DAT 0x17
t_wall=1785583192.585 t=1919377740 W DAT 0x11
t_wall=1785583192.586 t=1919381587 W DAT 0x19
t_wall=1785583192.590 t=1919385449 W DAT 0x1F
t_wall=1785583192.595 t=1919390278 W CMD 0x50 [SET_CGRAM 0x10]
t_wall=1785583192.595 t=1919390336 W DAT 0x08
t_wall=1785583192.595 t=1919390389 W DAT 0x0A
t_wall=1785583192.596 t=1919390442 W DAT 0x02 (CGRAM ref #2)
t_wall=1785583192.596 t=1919390480 W DAT 0x0B
t_wall=1785583192.597 t=1919390563 W DAT 0x0A
t_wall=1785583192.597 t=1919390615 W DAT 0x00 (CGRAM ref #0)
t_wall=1785583192.597 t=1919390668 W DAT 0x00 (CGRAM ref #0)
t_wall=1785583192.598 t=1919390721 W DAT 0x18
t_wall=1785583192.598 t=1919392192 W CMD 0x0C [DISP_CTRL disp=1 cur=0 blink=0]
t_wall=1785583192.644 t=1919439661 W CMD 0x50 [SET_CGRAM 0x10]
t_wall=1785583192.645 t=1919439719 W DAT 0x0A
t_wall=1785583192.645 t=1919439772 W DAT 0x0A
t_wall=1785583192.646 t=1919439825 W DAT 0x08
t_wall=1785583192.646 t=1919439878 W DAT 0x0B
t_wall=1785583192.647 t=1919439945 W DAT 0x0A
t_wall=1785583192.647 t=1919440040 W DAT 0x00 (CGRAM ref #0)
t_wall=1785583192.648 t=1919440093 W DAT 0x00 (CGRAM ref #0)
t_wall=1785583192.648 t=1919440145 W DAT 0x1A
t_wall=1785583192.649 t=1919441604 W CMD 0x58 [SET_CGRAM 0x18]
t_wall=1785583192.650 t=1919441721 W DAT 0x04 (CGRAM ref #4)
t_wall=1785583192.650 t=1919441759 W DAT 0x04 (CGRAM ref #4)
t_wall=1785583192.651 t=1919441797 W DAT 0x04 (CGRAM ref #4)
t_wall=1785583192.651 t=1919441835 W DAT 0x18
t_wall=1785583192.652 t=1919445683 W DAT 0x04 (CGRAM ref #4)
t_wall=1785583192.653 t=1919445721 W DAT 0x04 (CGRAM ref #4)
t_wall=1785583192.653 t=1919445759 W DAT 0x06 (CGRAM ref #6)
t_wall=1785583192.654 t=1919445798 W DAT 0x04 (CGRAM ref #4)
t_wall=1785583192.655 t=1919445977 W CMD 0x0C [DISP_CTRL disp=1 cur=0 blink=0]
t_wall=1785583192.720 t=1919515579 W CMD 0x50 [SET_CGRAM 0x10]
t_wall=1785583192.721 t=1919515638 W DAT 0x0A
t_wall=1785583192.721 t=1919515691 W DAT 0x02 (CGRAM ref #2)
t_wall=1785583192.722 t=1919515729 W DAT 0x08
t_wall=1785583192.722 t=1919515811 W DAT 0x0B
t_wall=1785583192.722 t=1919515864 W DAT 0x0A
t_wall=1785583192.723 t=1919515917 W DAT 0x00 (CGRAM ref #0)
t_wall=1785583192.723 t=1919515970 W DAT 0x00 (CGRAM ref #0)
t_wall=1785583192.724 t=1919516022 W DAT 0x1A
t_wall=1785583192.724 t=1919517480 W CMD 0x58 [SET_CGRAM 0x18]
t_wall=1785583192.725 t=1919517538 W DAT 0x00 (CGRAM ref #0)
t_wall=1785583192.725 t=1919517591 W DAT 0x00 (CGRAM ref #0)
t_wall=1785583192.726 t=1919521435 W DAT 0x00 (CGRAM ref #0)
t_wall=1785583192.730 t=1919525284 W DAT 0x1F
t_wall=1785583192.734 t=1919529118 W DAT 0x00 (CGRAM ref #0)
t_wall=1785583192.737 t=1919532961 W DAT 0x00 (CGRAM ref #0)
t_wall=1785583192.738 t=1919532999 W DAT 0x06 (CGRAM ref #6)
t_wall=1785583192.738 t=1919533037 W DAT 0x00 (CGRAM ref #0)
t_wall=1785583192.739 t=1919533218 W CMD 0x0C [DISP_CTRL disp=1 cur=0 blink=0]
t_wall=1785583192.798 t=1919593630 W CMD 0x58 [SET_CGRAM 0x18]
t_wall=1785583192.799 t=1919593689 W DAT 0x04 (CGRAM ref #4)
t_wall=1785583192.800 t=1919593727 W DAT 0x04 (CGRAM ref #4)
t_wall=1785583192.800 t=1919593765 W DAT 0x04 (CGRAM ref #4)
t_wall=1785583192.800 t=1919593803 W DAT 0x18
t_wall=1785583192.802 t=1919597649 W DAT 0x04 (CGRAM ref #4)
t_wall=1785583192.803 t=1919597687 W DAT 0x04 (CGRAM ref #4)
t_wall=1785583192.804 t=1919597725 W DAT 0x06 (CGRAM ref #6)
t_wall=1785583192.805 t=1919597763 W DAT 0x04 (CGRAM ref #4)
t_wall=1785583192.806 t=1919597943 W CMD 0x0C [DISP_CTRL disp=1 cur=0 blink=0]
t_wall=1785583192.812 t=1919607684 W CMD 0x50 [SET_CGRAM 0x10]
t_wall=1785583192.813 t=1919607728 W DAT 0x02 (CGRAM ref #2)
t_wall=1785583192.813 t=1919607766 W DAT 0x0A
t_wall=1785583192.814 t=1919607833 W DAT 0x00 (CGRAM ref #0)
t_wall=1785583192.814 t=1919607886 W DAT 0x03 (CGRAM ref #3)
t_wall=1785583192.814 t=1919607924 W DAT 0x0A
t_wall=1785583192.815 t=1919607992 W DAT 0x00 (CGRAM ref #0)
t_wall=1785583192.815 t=1919608045 W DAT 0x00 (CGRAM ref #0)
t_wall=1785583192.816 t=1919608097 W DAT 0x12
t_wall=1785583192.816 t=1919608277 W CMD 0x0C [DISP_CTRL disp=1 cur=0 blink=0]
t_wall=1785583192.884 t=1919679054 W CMD 0x50 [SET_CGRAM 0x10]
t_wall=1785583192.884 t=1919679112 W DAT 0x0A
t_wall=1785583192.884 t=1919679165 W DAT 0x0A
t_wall=1785583192.885 t=1919679218 W DAT 0x08
t_wall=1785583192.885 t=1919679270 W DAT 0x03 (CGRAM ref #3)
t_wall=1785583192.885 t=1919679309 W DAT 0x08
t_wall=1785583192.886 t=1919679399 W DAT 0x02 (CGRAM ref #2)
t_wall=1785583192.886 t=1919679437 W DAT 0x00 (CGRAM ref #0)
t_wall=1785583192.886 t=1919679490 W DAT 0x12
t_wall=1785583192.887 t=1919679670 W CMD 0x0C [DISP_CTRL disp=1 cur=0 blink=0]
t_wall=1785583192.888 t=1919681032 W CMD 0x58 [SET_CGRAM 0x18]
t_wall=1785583192.888 t=1919681091 W DAT 0x00 (CGRAM ref #0)
t_wall=1785583192.888 t=1919681143 W DAT 0x00 (CGRAM ref #0)
t_wall=1785583192.889 t=1919684991 W DAT 0x00 (CGRAM ref #0)
t_wall=1785583192.893 t=1919688824 W DAT 0x1F
t_wall=1785583192.897 t=1919692671 W DAT 0x00 (CGRAM ref #0)
t_wall=1785583192.901 t=1919696487 W DAT 0x00 (CGRAM ref #0)
t_wall=1785583192.905 t=1919700336 W DAT 0x06 (CGRAM ref #6)
t_wall=1785583192.905 t=1919700374 W DAT 0x00 (CGRAM ref #0)
t_wall=1785583192.909 t=1919703965 W CMD 0x0C [DISP_CTRL disp=1 cur=0 blink=0]
t_wall=1785583192.964 t=1919759700 W CMD 0x50 [SET_CGRAM 0x10]
t_wall=1785583192.965 t=1919759758 W DAT 0x0A
t_wall=1785583192.965 t=1919759811 W DAT 0x0A
t_wall=1785583192.965 t=1919759864 W DAT 0x00 (CGRAM ref #0)
t_wall=1785583192.966 t=1919759916 W DAT 0x0B
t_wall=1785583192.966 t=1919759984 W DAT 0x08
t_wall=1785583192.966 t=1919760037 W DAT 0x02 (CGRAM ref #2)
t_wall=1785583192.967 t=1919760075 W DAT 0x00 (CGRAM ref #0)
t_wall=1785583192.967 t=1919760128 W DAT 0x1A
t_wall=1785583192.967 t=1919761680 W CMD 0x58 [SET_CGRAM 0x18]
t_wall=1785583192.968 t=1919761739 W DAT 0x04 (CGRAM ref #4)
t_wall=1785583192.968 t=1919761777 W DAT 0x04 (CGRAM ref #4)
t_wall=1785583192.969 t=1919761815 W DAT 0x04 (CGRAM ref #4)
t_wall=1785583192.969 t=1919761853 W DAT 0x18
t_wall=1785583192.970 t=1919765715 W DAT 0x04 (CGRAM ref #4)
t_wall=1785583192.971 t=1919765754 W DAT 0x04 (CGRAM ref #4)
t_wall=1785583192.971 t=1919765792 W DAT 0x06 (CGRAM ref #6)
t_wall=1785583192.971 t=1919765830 W DAT 0x04 (CGRAM ref #4)
t_wall=1785583192.972 t=1919766010 W CMD 0x0C [DISP_CTRL disp=1 cur=0 blink=0]
t_wall=1785583193.035 t=1919830974 W CMD 0x78 [SET_CGRAM 0x38]
t_wall=1785583193.036 t=1919831032 W DAT 0x07 (CGRAM ref #7)
t_wall=1785583193.036 t=1919831070 W DAT 0x07 (CGRAM ref #7)
t_wall=1785583193.037 t=1919831109 W DAT 0x07 (CGRAM ref #7)
t_wall=1785583193.037 t=1919831147 W DAT 0x10
t_wall=1785583193.039 t=1919834964 W DAT 0x17
t_wall=1785583193.039 t=1919835002 W DAT 0x11
t_wall=1785583193.043 t=1919838821 W DAT 0x11
t_wall=1785583193.047 t=1919842696 W DAT 0x1F
t_wall=1785583193.052 t=1919847657 W CMD 0x50 [SET_CGRAM 0x10]
t_wall=1785583193.052 t=1919847777 W DAT 0x08
t_wall=1785583193.053 t=1919847860 W DAT 0x0A
t_wall=1785583193.053 t=1919847912 W DAT 0x08
t_wall=1785583193.053 t=1919847965 W DAT 0x09
t_wall=1785583193.054 t=1919848033 W DAT 0x0A
t_wall=1785583193.054 t=1919848086 W DAT 0x00 (CGRAM ref #0)
t_wall=1785583193.054 t=1919848139 W DAT 0x00 (CGRAM ref #0)
t_wall=1785583193.055 t=1919848191 W DAT 0x18
t_wall=1785583193.055 t=1919849587 W CMD 0x58 [SET_CGRAM 0x18]
t_wall=1785583193.056 t=1919849645 W DAT 0x00 (CGRAM ref #0)
t_wall=1785583193.056 t=1919849698 W DAT 0x00 (CGRAM ref #0)
t_wall=1785583193.058 t=1919853567 W DAT 0x00 (CGRAM ref #0)
t_wall=1785583193.058 t=1919853606 W DAT 0x1F
t_wall=1785583193.062 t=1919857453 W DAT 0x00 (CGRAM ref #0)
t_wall=1785583193.066 t=1919861315 W DAT 0x00 (CGRAM ref #0)
t_wall=1785583193.070 t=1919865133 W DAT 0x06 (CGRAM ref #6)
t_wall=1785583193.070 t=1919865171 W DAT 0x00 (CGRAM ref #0)
t_wall=1785583193.076 t=1919871281 W CMD 0x0C [DISP_CTRL disp=1 cur=0 blink=0]
t_wall=1785583193.129 t=1919924606 W CMD 0x50 [SET_CGRAM 0x10]
t_wall=1785583193.129 t=1919924664 W DAT 0x08
t_wall=1785583193.130 t=1919924717 W DAT 0x02 (CGRAM ref #2)
t_wall=1785583193.130 t=1919924755 W DAT 0x08
t_wall=1785583193.130 t=1919924837 W DAT 0x09
t_wall=1785583193.131 t=1919924889 W DAT 0x0A
t_wall=1785583193.131 t=1919924943 W DAT 0x00 (CGRAM ref #0)
t_wall=1785583193.132 t=1919924995 W DAT 0x00 (CGRAM ref #0)
t_wall=1785583193.133 t=1919925048 W DAT 0x18
t_wall=1785583193.133 t=1919926527 W CMD 0x58 [SET_CGRAM 0x18]
t_wall=1785583193.133 t=1919926585 W DAT 0x04 (CGRAM ref #4)
t_wall=1785583193.133 t=1919926624 W DAT 0x04 (CGRAM ref #4)
t_wall=1785583193.134 t=1919926662 W DAT 0x04 (CGRAM ref #4)
t_wall=1785583193.134 t=1919926700 W DAT 0x18
t_wall=1785583193.135 t=1919930516 W DAT 0x04 (CGRAM ref #4)
t_wall=1785583193.135 t=1919930554 W DAT 0x04 (CGRAM ref #4)
t_wall=1785583193.135 t=1919930593 W DAT 0x06 (CGRAM ref #6)
t_wall=1785583193.136 t=1919930631 W DAT 0x04 (CGRAM ref #4)
t_wall=1785583193.136 t=1919930853 W CMD 0x0C [DISP_CTRL disp=1 cur=0 blink=0]
t_wall=1785583193.205 t=1920000432 W CMD 0x50 [SET_CGRAM 0x10]
t_wall=1785583193.206 t=1920000490 W DAT 0x00 (CGRAM ref #0)
t_wall=1785583193.206 t=1920000543 W DAT 0x0A
t_wall=1785583193.206 t=1920000596 W DAT 0x00 (CGRAM ref #0)
t_wall=1785583193.207 t=1920000648 W DAT 0x01 (CGRAM ref #1)
t_wall=1785583193.207 t=1920000701 W DAT 0x0A
t_wall=1785583193.208 t=1920000754 W DAT 0x00 (CGRAM ref #0)
t_wall=1785583193.208 t=1920000807 W DAT 0x00 (CGRAM ref #0)
t_wall=1785583193.208 t=1920000860 W DAT 0x10
t_wall=1785583193.209 t=1920002399 W CMD 0x58 [SET_CGRAM 0x18]
t_wall=1785583193.209 t=1920002457 W DAT 0x00 (CGRAM ref #0)
t_wall=1785583193.209 t=1920002510 W DAT 0x00 (CGRAM ref #0)
t_wall=1785583193.211 t=1920006325 W DAT 0x00 (CGRAM ref #0)
t_wall=1785583193.214 t=1920010170 W DAT 0x1F
t_wall=1785583193.219 t=1920014022 W DAT 0x00 (CGRAM ref #0)
t_wall=1785583193.219 t=1920014060 W DAT 0x00 (CGRAM ref #0)
t_wall=1785583193.222 t=1920017834 W DAT 0x06 (CGRAM ref #6)
t_wall=1785583193.223 t=1920017872 W DAT 0x00 (CGRAM ref #0)
t_wall=1785583193.227 t=1920021675 W CMD 0x0C [DISP_CTRL disp=1 cur=0 blink=0]
t_wall=1785583193.285 t=1920079897 W CMD 0x50 [SET_CGRAM 0x10]
t_wall=1785583193.285 t=1920079956 W DAT 0x08
t_wall=1785583193.285 t=1920080009 W DAT 0x08
t_wall=1785583193.286 t=1920080061 W DAT 0x08
t_wall=1785583193.286 t=1920080114 W DAT 0x01 (CGRAM ref #1)
t_wall=1785583193.287 t=1920080181 W DAT 0x08
t_wall=1785583193.287 t=1920080234 W DAT 0x00 (CGRAM ref #0)
t_wall=1785583193.287 t=1920080287 W DAT 0x00 (CGRAM ref #0)
t_wall=1785583193.288 t=1920080339 W DAT 0x10
t_wall=1785583193.288 t=1920080520 W CMD 0x0C [DISP_CTRL disp=1 cur=0 blink=0]
t_wall=1785583193.289 t=1920081896 W CMD 0x58 [SET_CGRAM 0x18]
t_wall=1785583193.289 t=1920082013 W DAT 0x04 (CGRAM ref #4)
t_wall=1785583193.290 t=1920082051 W DAT 0x04 (CGRAM ref #4)
t_wall=1785583193.290 t=1920082090 W DAT 0x04 (CGRAM ref #4)
t_wall=1785583193.291 t=1920082128 W DAT 0x18
t_wall=1785583193.291 t=1920085971 W DAT 0x04 (CGRAM ref #4)
t_wall=1785583193.291 t=1920086010 W DAT 0x04 (CGRAM ref #4)
t_wall=1785583193.292 t=1920086048 W DAT 0x06 (CGRAM ref #6)
t_wall=1785583193.292 t=1920086086 W DAT 0x04 (CGRAM ref #4)
t_wall=1785583193.293 t=1920086266 W CMD 0x0C [DISP_CTRL disp=1 cur=0 blink=0]
t_wall=1785583193.360 t=1920155789 W CMD 0x50 [SET_CGRAM 0x10]
t_wall=1785583193.360 t=1920155847 W DAT 0x08
t_wall=1785583193.361 t=1920155900 W DAT 0x08
t_wall=1785583193.361 t=1920155953 W DAT 0x00 (CGRAM ref #0)
t_wall=1785583193.361 t=1920156006 W DAT 0x09
t_wall=1785583193.361 t=1920156073 W DAT 0x08
t_wall=1785583193.362 t=1920156126 W DAT 0x00 (CGRAM ref #0)
t_wall=1785583193.362 t=1920156179 W DAT 0x00 (CGRAM ref #0)
t_wall=1785583193.362 t=1920156232 W DAT 0x18
t_wall=1785583193.363 t=1920157791 W CMD 0x58 [SET_CGRAM 0x18]
t_wall=1785583193.363 t=1920157850 W DAT 0x00 (CGRAM ref #0)
t_wall=1785583193.363 t=1920157902 W DAT 0x00 (CGRAM ref #0)
t_wall=1785583193.366 t=1920161756 W DAT 0x00 (CGRAM ref #0)
t_wall=1785583193.370 t=1920165575 W DAT 0x1F
t_wall=1785583193.374 t=1920169418 W DAT 0x00 (CGRAM ref #0)
t_wall=1785583193.378 t=1920173268 W DAT 0x00 (CGRAM ref #0)
t_wall=1785583193.381 t=1920177102 W DAT 0x06 (CGRAM ref #6)
t_wall=1785583193.382 t=1920177140 W DAT 0x00 (CGRAM ref #0)
t_wall=1785583193.382 t=1920177320 W CMD 0x0C [DISP_CTRL disp=1 cur=0 blink=0]
t_wall=1785583193.441 t=1920236501 W CMD 0x50 [SET_CGRAM 0x10]
t_wall=1785583193.441 t=1920236560 W DAT 0x08
t_wall=1785583193.442 t=1920236612 W DAT 0x08
t_wall=1785583193.442 t=1920236665 W DAT 0x08
t_wall=1785583193.442 t=1920236718 W DAT 0x01 (CGRAM ref #1)
t_wall=1785583193.443 t=1920236786 W DAT 0x08
t_wall=1785583193.443 t=1920236838 W DAT 0x08
t_wall=1785583193.443 t=1920236891 W DAT 0x00 (CGRAM ref #0)
t_wall=1785583193.444 t=1920236944 W DAT 0x18
t_wall=1785583193.444 t=1920238419 W CMD 0x58 [SET_CGRAM 0x18]
t_wall=1785583193.445 t=1920238536 W DAT 0x04 (CGRAM ref #4)
t_wall=1785583193.445 t=1920238574 W DAT 0x04 (CGRAM ref #4)
t_wall=1785583193.446 t=1920238612 W DAT 0x04 (CGRAM ref #4)
t_wall=1785583193.446 t=1920238651 W DAT 0x18
t_wall=1785583193.447 t=1920242482 W DAT 0x04 (CGRAM ref #4)
t_wall=1785583193.448 t=1920242520 W DAT 0x04 (CGRAM ref #4)
t_wall=1785583193.448 t=1920242558 W DAT 0x06 (CGRAM ref #6)
t_wall=1785583193.449 t=1920242596 W DAT 0x04 (CGRAM ref #4)
t_wall=1785583193.449 t=1920242805 W CMD 0x0C [DISP_CTRL disp=1 cur=0 blink=0]
t_wall=1785583193.517 t=1920311934 W CMD 0x58 [SET_CGRAM 0x18]
t_wall=1785583193.518 t=1920311993 W DAT 0x00 (CGRAM ref #0)
t_wall=1785583193.518 t=1920312046 W DAT 0x00 (CGRAM ref #0)
t_wall=1785583193.521 t=1920315895 W DAT 0x00 (CGRAM ref #0)
t_wall=1785583193.524 t=1920319777 W DAT 0x1F
t_wall=1785583193.528 t=1920323596 W DAT 0x00 (CGRAM ref #0)
t_wall=1785583193.532 t=1920327412 W DAT 0x00 (CGRAM ref #0)
t_wall=1785583193.536 t=1920331289 W DAT 0x06 (CGRAM ref #6)
t_wall=1785583193.537 t=1920331327 W DAT 0x00 (CGRAM ref #0)
t_wall=1785583193.538 t=1920331507 W CMD 0x0C [DISP_CTRL disp=1 cur=0 blink=0]
t_wall=1785583193.601 t=1920390128 W CMD 0x58 [SET_CGRAM 0x18]
t_wall=1785583193.607 t=1920390187 W DAT 0x04 (CGRAM ref #4)
t_wall=1785583193.611 t=1920390225 W DAT 0x04 (CGRAM ref #4)
t_wall=1785583193.616 t=1920390264 W DAT 0x04 (CGRAM ref #4)
t_wall=1785583193.620 t=1920390302 W DAT 0x18
t_wall=1785583193.625 t=1920394179 W DAT 0x04 (CGRAM ref #4)
t_wall=1785583193.628 t=1920394217 W DAT 0x04 (CGRAM ref #4)
t_wall=1785583193.631 t=1920394255 W DAT 0x06 (CGRAM ref #6)
t_wall=1785583193.634 t=1920394293 W DAT 0x04 (CGRAM ref #4)
t_wall=1785583193.638 t=1920394473 W CMD 0x0C [DISP_CTRL disp=1 cur=0 blink=0]
t_wall=1785583193.669 t=1920462748 W CMD 0x58 [SET_CGRAM 0x18]
t_wall=1785583193.671 t=1920462807 W DAT 0x00 (CGRAM ref #0)
t_wall=1785583193.673 t=1920462860 W DAT 0x00 (CGRAM ref #0)
t_wall=1785583193.675 t=1920466706 W DAT 0x00 (CGRAM ref #0)
t_wall=1785583193.676 t=1920470522 W DAT 0x1F
t_wall=1785583193.681 t=1920474370 W DAT 0x00 (CGRAM ref #0)
t_wall=1785583193.684 t=1920478233 W DAT 0x00 (CGRAM ref #0)
t_wall=1785583193.687 t=1920482048 W DAT 0x06 (CGRAM ref #6)
t_wall=1785583193.688 t=1920482086 W DAT 0x00 (CGRAM ref #0)
t_wall=1785583193.691 t=1920485789 W CMD 0x0C [DISP_CTRL disp=1 cur=0 blink=0]
t_wall=1785583193.756 t=1920551804 W CMD 0x58 [SET_CGRAM 0x18]
t_wall=1785583193.757 t=1920551891 W DAT 0x04 (CGRAM ref #4)
t_wall=1785583193.758 t=1920551929 W DAT 0x04 (CGRAM ref #4)
t_wall=1785583193.759 t=1920551968 W DAT 0x04 (CGRAM ref #4)
t_wall=1785583193.759 t=1920552006 W DAT 0x18
t_wall=1785583193.761 t=1920555856 W DAT 0x04 (CGRAM ref #4)
t_wall=1785583193.761 t=1920555894 W DAT 0x04 (CGRAM ref #4)
t_wall=1785583193.762 t=1920555932 W DAT 0x06 (CGRAM ref #6)
t_wall=1785583193.763 t=1920555970 W DAT 0x04 (CGRAM ref #4)
t_wall=1785583193.764 t=1920556151 W CMD 0x0C [DISP_CTRL disp=1 cur=0 blink=0]
t_wall=1785583193.829 t=1920624457 W CMD 0x58 [SET_CGRAM 0x18]
t_wall=1785583193.829 t=1920624516 W DAT 0x00 (CGRAM ref #0)
t_wall=1785583193.830 t=1920624568 W DAT 0x00 (CGRAM ref #0)
t_wall=1785583193.833 t=1920628412 W DAT 0x00 (CGRAM ref #0)
t_wall=1785583193.837 t=1920632261 W DAT 0x1F
t_wall=1785583193.841 t=1920636123 W DAT 0x00 (CGRAM ref #0)
t_wall=1785583193.844 t=1920639960 W DAT 0x00 (CGRAM ref #0)
t_wall=1785583193.848 t=1920643780 W DAT 0x06 (CGRAM ref #6)
t_wall=1785583193.849 t=1920643818 W DAT 0x00 (CGRAM ref #0)
t_wall=1785583193.849 t=1920643999 W CMD 0x0C [DISP_CTRL disp=1 cur=0 blink=0]
t_wall=1785583193.907 t=1920702699 W CMD 0x58 [SET_CGRAM 0x18]
t_wall=1785583193.908 t=1920702758 W DAT 0x04 (CGRAM ref #4)
t_wall=1785583193.909 t=1920702796 W DAT 0x04 (CGRAM ref #4)
t_wall=1785583193.909 t=1920702834 W DAT 0x04 (CGRAM ref #4)
t_wall=1785583193.909 t=1920702872 W DAT 0x18
t_wall=1785583193.911 t=1920706690 W DAT 0x04 (CGRAM ref #4)
t_wall=1785583193.912 t=1920706729 W DAT 0x04 (CGRAM ref #4)
t_wall=1785583193.912 t=1920706767 W DAT 0x06 (CGRAM ref #6)
t_wall=1785583193.913 t=1920706806 W DAT 0x04 (CGRAM ref #4)
t_wall=1785583193.914 t=1920706986 W CMD 0x0C [DISP_CTRL disp=1 cur=0 blink=0]
t_wall=1785583193.981 t=1920776121 W CMD 0x58 [SET_CGRAM 0x18]
t_wall=1785583193.981 t=1920776209 W DAT 0x00 (CGRAM ref #0)
t_wall=1785583193.981 t=1920776262 W DAT 0x00 (CGRAM ref #0)
t_wall=1785583193.984 t=1920780094 W DAT 0x00 (CGRAM ref #0)
t_wall=1785583193.988 t=1920783913 W DAT 0x1F
t_wall=1785583193.992 t=1920787779 W DAT 0x00 (CGRAM ref #0)
t_wall=1785583193.996 t=1920791629 W DAT 0x00 (CGRAM ref #0)
t_wall=1785583194.000 t=1920795489 W DAT 0x06 (CGRAM ref #6)
t_wall=1785583194.000 t=1920795527 W DAT 0x00 (CGRAM ref #0)
t_wall=1785583194.006 t=1920801264 W CMD 0x0C [DISP_CTRL disp=1 cur=0 blink=0]
t_wall=1785583194.059 t=1920854474 W CMD 0x58 [SET_CGRAM 0x18]
t_wall=1785583194.059 t=1920854547 W DAT 0x04 (CGRAM ref #4)
t_wall=1785583194.060 t=1920854586 W DAT 0x04 (CGRAM ref #4)
t_wall=1785583194.060 t=1920854624 W DAT 0x04 (CGRAM ref #4)
t_wall=1785583194.060 t=1920854662 W DAT 0x18
t_wall=1785583194.063 t=1920858522 W DAT 0x04 (CGRAM ref #4)
t_wall=1785583194.063 t=1920858560 W DAT 0x04 (CGRAM ref #4)
t_wall=1785583194.064 t=1920858598 W DAT 0x06 (CGRAM ref #6)
t_wall=1785583194.064 t=1920858636 W DAT 0x04 (CGRAM ref #4)
t_wall=1785583194.065 t=1920858816 W CMD 0x0C [DISP_CTRL disp=1 cur=0 blink=0]
t_wall=1785583194.143 t=1920938748 W CMD 0x58 [SET_CGRAM 0x18]
t_wall=1785583194.144 t=1920938807 W DAT 0x00 (CGRAM ref #0)
t_wall=1785583194.144 t=1920938860 W DAT 0x00 (CGRAM ref #0)
t_wall=1785583194.147 t=1920942677 W DAT 0x00 (CGRAM ref #0)
t_wall=1785583194.151 t=1920946524 W DAT 0x1F
t_wall=1785583194.155 t=1920950371 W DAT 0x00 (CGRAM ref #0)
t_wall=1785583194.158 t=1920954232 W DAT 0x00 (CGRAM ref #0)
t_wall=1785583194.162 t=1920958071 W DAT 0x06 (CGRAM ref #6)
t_wall=1785583194.163 t=1920958109 W DAT 0x00 (CGRAM ref #0)
t_wall=1785583194.167 t=1920963011 W CMD 0x0C [DISP_CTRL disp=1 cur=0 blink=0]
t_wall=1785583194.220 t=1921016202 W CMD 0x58 [SET_CGRAM 0x18]
t_wall=1785583194.221 t=1921016261 W DAT 0x04 (CGRAM ref #4)
t_wall=1785583194.221 t=1921016299 W DAT 0x04 (CGRAM ref #4)
t_wall=1785583194.221 t=1921016337 W DAT 0x04 (CGRAM ref #4)
t_wall=1785583194.221 t=1921016375 W DAT 0x18
t_wall=1785583194.224 t=1921020222 W DAT 0x04 (CGRAM ref #4)
t_wall=1785583194.225 t=1921020260 W DAT 0x04 (CGRAM ref #4)
t_wall=1785583194.225 t=1921020298 W DAT 0x06 (CGRAM ref #6)
t_wall=1785583194.225 t=1921020336 W DAT 0x04 (CGRAM ref #4)
t_wall=1785583194.225 t=1921020516 W CMD 0x0C [DISP_CTRL disp=1 cur=0 blink=0]
t_wall=1785583194.296 t=1921089614 W CMD 0x58 [SET_CGRAM 0x18]
t_wall=1785583194.299 t=1921089673 W DAT 0x00 (CGRAM ref #0)
t_wall=1785583194.301 t=1921089725 W DAT 0x00 (CGRAM ref #0)
t_wall=1785583194.304 t=1921093626 W DAT 0x00 (CGRAM ref #0)
t_wall=1785583194.306 t=1921097458 W DAT 0x1F
t_wall=1785583194.307 t=1921101275 W DAT 0x00 (CGRAM ref #0)
t_wall=1785583194.311 t=1921105122 W DAT 0x00 (CGRAM ref #0)
t_wall=1785583194.312 t=1921105160 W DAT 0x06 (CGRAM ref #6)
t_wall=1785583194.313 t=1921105198 W DAT 0x00 (CGRAM ref #0)
t_wall=1785583194.321 t=1921114839 W CMD 0x0C [DISP_CTRL disp=1 cur=0 blink=0]
t_wall=1785583194.356 # ALIVE us=1921151505 ring_depth=0 drops=0
t_wall=1785583194.380 t=1921175090 W CMD 0x58 [SET_CGRAM 0x18]
t_wall=1785583194.380 t=1921175149 W DAT 0x04 (CGRAM ref #4)
t_wall=1785583194.380 t=1921175187 W DAT 0x04 (CGRAM ref #4)
t_wall=1785583194.381 t=1921175226 W DAT 0x04 (CGRAM ref #4)
t_wall=1785583194.381 t=1921175264 W DAT 0x18
t_wall=1785583194.383 t=1921179109 W DAT 0x04 (CGRAM ref #4)
t_wall=1785583194.384 t=1921179147 W DAT 0x04 (CGRAM ref #4)
t_wall=1785583194.384 t=1921179186 W DAT 0x06 (CGRAM ref #6)
t_wall=1785583194.385 t=1921179224 W DAT 0x04 (CGRAM ref #4)
t_wall=1785583194.385 t=1921179405 W CMD 0x0C [DISP_CTRL disp=1 cur=0 blink=0]
t_wall=1785583194.452 t=1921247676 W CMD 0x58 [SET_CGRAM 0x18]
t_wall=1785583194.453 t=1921247734 W DAT 0x00 (CGRAM ref #0)
t_wall=1785583194.453 t=1921247787 W DAT 0x00 (CGRAM ref #0)
t_wall=1785583194.456 t=1921251663 W DAT 0x00 (CGRAM ref #0)
t_wall=1785583194.460 t=1921255497 W DAT 0x1F
t_wall=1785583194.464 t=1921259315 W DAT 0x00 (CGRAM ref #0)
t_wall=1785583194.468 t=1921263159 W DAT 0x00 (CGRAM ref #0)
t_wall=1785583194.472 t=1921267006 W DAT 0x06 (CGRAM ref #6)
t_wall=1785583194.472 t=1921267044 W DAT 0x00 (CGRAM ref #0)
t_wall=1785583194.476 t=1921271541 W CMD 0x0C [DISP_CTRL disp=1 cur=0 blink=0]
t_wall=1785583194.530 t=1921325967 W CMD 0x58 [SET_CGRAM 0x18]
t_wall=1785583194.531 t=1921326026 W DAT 0x04 (CGRAM ref #4)
t_wall=1785583194.532 t=1921326064 W DAT 0x04 (CGRAM ref #4)
t_wall=1785583194.532 t=1921326102 W DAT 0x04 (CGRAM ref #4)
t_wall=1785583194.533 t=1921326141 W DAT 0x18
t_wall=1785583194.535 t=1921329988 W DAT 0x04 (CGRAM ref #4)
t_wall=1785583194.536 t=1921330026 W DAT 0x04 (CGRAM ref #4)
t_wall=1785583194.537 t=1921330064 W DAT 0x06 (CGRAM ref #6)
t_wall=1785583194.537 t=1921330102 W DAT 0x04 (CGRAM ref #4)
t_wall=1785583194.538 t=1921330282 W CMD 0x0C [DISP_CTRL disp=1 cur=0 blink=0]
t_wall=1785583194.615 t=1921410186 W CMD 0x58 [SET_CGRAM 0x18]
t_wall=1785583194.616 t=1921410245 W DAT 0x00 (CGRAM ref #0)
t_wall=1785583194.619 t=1921414107 W DAT 0x00 (CGRAM ref #0)
t_wall=1785583194.623 t=1921417922 W DAT 0x00 (CGRAM ref #0)
t_wall=1785583194.626 t=1921421767 W DAT 0x1F
t_wall=1785583194.630 t=1921425617 W DAT 0x00 (CGRAM ref #0)
t_wall=1785583194.634 t=1921429448 W DAT 0x00 (CGRAM ref #0)
t_wall=1785583194.638 t=1921433293 W DAT 0x06 (CGRAM ref #6)
t_wall=1785583194.639 t=1921433332 W DAT 0x00 (CGRAM ref #0)
t_wall=1785583194.645 t=1921439490 W CMD 0x0C [DISP_CTRL disp=1 cur=0 blink=0]
t_wall=1785583194.697 t=1921492340 W CMD 0x58 [SET_CGRAM 0x18]
t_wall=1785583194.698 t=1921492428 W DAT 0x04 (CGRAM ref #4)
t_wall=1785583194.698 t=1921492466 W DAT 0x04 (CGRAM ref #4)
t_wall=1785583194.699 t=1921492504 W DAT 0x04 (CGRAM ref #4)
t_wall=1785583194.699 t=1921492543 W DAT 0x18
t_wall=1785583194.701 t=1921496389 W DAT 0x04 (CGRAM ref #4)
t_wall=1785583194.702 t=1921496427 W DAT 0x04 (CGRAM ref #4)
t_wall=1785583194.702 t=1921496465 W DAT 0x06 (CGRAM ref #6)
t_wall=1785583194.703 t=1921496503 W DAT 0x04 (CGRAM ref #4)
t_wall=1785583194.704 t=1921496683 W CMD 0x0C [DISP_CTRL disp=1 cur=0 blink=0]
t_wall=1785583194.769 t=1921564902 W CMD 0x58 [SET_CGRAM 0x18]
t_wall=1785583194.770 t=1921564961 W DAT 0x00 (CGRAM ref #0)
t_wall=1785583194.770 t=1921565014 W DAT 0x00 (CGRAM ref #0)
t_wall=1785583194.773 t=1921568863 W DAT 0x00 (CGRAM ref #0)
t_wall=1785583194.777 t=1921572723 W DAT 0x1F
t_wall=1785583194.781 t=1921576541 W DAT 0x00 (CGRAM ref #0)
t_wall=1785583194.785 t=1921580388 W DAT 0x00 (CGRAM ref #0)
t_wall=1785583194.789 t=1921584236 W DAT 0x06 (CGRAM ref #6)
t_wall=1785583194.789 t=1921584274 W DAT 0x00 (CGRAM ref #0)
t_wall=1785583194.793 t=1921588002 W CMD 0x0C [DISP_CTRL disp=1 cur=0 blink=0]
t_wall=1785583194.858 t=1921654012 W CMD 0x58 [SET_CGRAM 0x18]
t_wall=1785583194.859 t=1921654070 W DAT 0x04 (CGRAM ref #4)
t_wall=1785583194.859 t=1921654109 W DAT 0x04 (CGRAM ref #4)
t_wall=1785583194.859 t=1921654147 W DAT 0x04 (CGRAM ref #4)
t_wall=1785583194.860 t=1921654185 W DAT 0x18
t_wall=1785583194.862 t=1921658031 W DAT 0x04 (CGRAM ref #4)
t_wall=1785583194.863 t=1921658069 W DAT 0x04 (CGRAM ref #4)
t_wall=1785583194.863 t=1921658108 W DAT 0x06 (CGRAM ref #6)
t_wall=1785583194.863 t=1921658146 W DAT 0x04 (CGRAM ref #4)
t_wall=1785583194.864 t=1921658326 W CMD 0x0C [DISP_CTRL disp=1 cur=0 blink=0]
t_wall=1785583194.935 t=1921726619 W CMD 0x58 [SET_CGRAM 0x18]
t_wall=1785583194.939 t=1921726677 W DAT 0x00 (CGRAM ref #0)
t_wall=1785583194.943 t=1921726730 W DAT 0x00 (CGRAM ref #0)
t_wall=1785583194.946 t=1921730591 W DAT 0x00 (CGRAM ref #0)
t_wall=1785583194.948 t=1921730629 W DAT 0x1F
t_wall=1785583194.952 t=1921734447 W DAT 0x00 (CGRAM ref #0)
t_wall=1785583194.955 t=1921738264 W DAT 0x00 (CGRAM ref #0)
t_wall=1785583194.958 t=1921742161 W DAT 0x06 (CGRAM ref #6)
t_wall=1785583194.961 t=1921742199 W DAT 0x00 (CGRAM ref #0)
t_wall=1785583194.964 t=1921750505 W CMD 0x0C [DISP_CTRL disp=1 cur=0 blink=0]
t_wall=1785583195.007 t=1921801126 W CMD 0x58 [SET_CGRAM 0x18]
t_wall=1785583195.008 t=1921801185 W DAT 0x04 (CGRAM ref #4)
t_wall=1785583195.009 t=1921801223 W DAT 0x04 (CGRAM ref #4)
t_wall=1785583195.011 t=1921801261 W DAT 0x04 (CGRAM ref #4)
t_wall=1785583195.011 t=1921801299 W DAT 0x18
t_wall=1785583195.012 t=1921805175 W DAT 0x04 (CGRAM ref #4)
t_wall=1785583195.014 t=1921805213 W DAT 0x04 (CGRAM ref #4)
t_wall=1785583195.015 t=1921805251 W DAT 0x06 (CGRAM ref #6)
t_wall=1785583195.016 t=1921805289 W DAT 0x04 (CGRAM ref #4)
t_wall=1785583195.017 t=1921805469 W CMD 0x0C [DISP_CTRL disp=1 cur=0 blink=0]
t_wall=1785583195.090 t=1921885370 W CMD 0x58 [SET_CGRAM 0x18]
t_wall=1785583195.090 t=1921885429 W DAT 0x00 (CGRAM ref #0)
t_wall=1785583195.091 t=1921885481 W DAT 0x00 (CGRAM ref #0)
t_wall=1785583195.094 t=1921889344 W DAT 0x00 (CGRAM ref #0)
t_wall=1785583195.097 t=1921893161 W DAT 0x1F
t_wall=1785583195.101 t=1921896977 W DAT 0x00 (CGRAM ref #0)
t_wall=1785583195.105 t=1921900853 W DAT 0x00 (CGRAM ref #0)
t_wall=1785583195.109 t=1921904688 W DAT 0x06 (CGRAM ref #6)
t_wall=1785583195.110 t=1921904726 W DAT 0x00 (CGRAM ref #0)
t_wall=1785583195.111 t=1921904906 W CMD 0x0C [DISP_CTRL disp=1 cur=0 blink=0]
t_wall=1785583195.167 t=1921962741 W CMD 0x58 [SET_CGRAM 0x18]
t_wall=1785583195.168 t=1921962799 W DAT 0x04 (CGRAM ref #4)
t_wall=1785583195.168 t=1921962837 W DAT 0x04 (CGRAM ref #4)
t_wall=1785583195.168 t=1921962875 W DAT 0x04 (CGRAM ref #4)
t_wall=1785583195.169 t=1921962913 W DAT 0x18
t_wall=1785583195.171 t=1921966746 W DAT 0x04 (CGRAM ref #4)
t_wall=1785583195.171 t=1921966784 W DAT 0x04 (CGRAM ref #4)
t_wall=1785583195.172 t=1921966823 W DAT 0x06 (CGRAM ref #6)
t_wall=1785583195.172 t=1921966861 W DAT 0x04 (CGRAM ref #4)
t_wall=1785583195.173 t=1921967041 W CMD 0x0C [DISP_CTRL disp=1 cur=0 blink=0]
t_wall=1785583195.251 t=1922046935 W CMD 0x58 [SET_CGRAM 0x18]
t_wall=1785583195.252 t=1922046994 W DAT 0x00 (CGRAM ref #0)
t_wall=1785583195.252 t=1922047046 W DAT 0x00 (CGRAM ref #0)
t_wall=1785583195.255 t=1922050892 W DAT 0x00 (CGRAM ref #0)
t_wall=1785583195.259 t=1922054708 W DAT 0x1F
t_wall=1785583195.263 t=1922058584 W DAT 0x00 (CGRAM ref #0)
t_wall=1785583195.267 t=1922062419 W DAT 0x00 (CGRAM ref #0)
t_wall=1785583195.267 t=1922062457 W DAT 0x06 (CGRAM ref #6)
t_wall=1785583195.267 t=1922062495 W DAT 0x00 (CGRAM ref #0)
t_wall=1785583195.268 t=1922062675 W CMD 0x0C [DISP_CTRL disp=1 cur=0 blink=0]
t_wall=1785583195.325 t=1922120539 W CMD 0x58 [SET_CGRAM 0x18]
t_wall=1785583195.325 t=1922120597 W DAT 0x04 (CGRAM ref #4)
t_wall=1785583195.326 t=1922120635 W DAT 0x04 (CGRAM ref #4)
t_wall=1785583195.326 t=1922120673 W DAT 0x04 (CGRAM ref #4)
t_wall=1785583195.327 t=1922120711 W DAT 0x18
t_wall=1785583195.329 t=1922124573 W DAT 0x04 (CGRAM ref #4)
t_wall=1785583195.329 t=1922124611 W DAT 0x04 (CGRAM ref #4)
t_wall=1785583195.330 t=1922124650 W DAT 0x06 (CGRAM ref #6)
t_wall=1785583195.330 t=1922124688 W DAT 0x04 (CGRAM ref #4)
t_wall=1785583195.331 t=1922124868 W CMD 0x0C [DISP_CTRL disp=1 cur=0 blink=0]
t_wall=1785583195.409 t=1922204724 W CMD 0x58 [SET_CGRAM 0x18]
t_wall=1785583195.410 t=1922204782 W DAT 0x00 (CGRAM ref #0)
t_wall=1785583195.410 t=1922204835 W DAT 0x00 (CGRAM ref #0)
t_wall=1785583195.413 t=1922208681 W DAT 0x00 (CGRAM ref #0)
t_wall=1785583195.417 t=1922212497 W DAT 0x1F
t_wall=1785583195.421 t=1922216345 W DAT 0x00 (CGRAM ref #0)
t_wall=1785583195.425 t=1922220209 W DAT 0x00 (CGRAM ref #0)
t_wall=1785583195.428 t=1922224024 W DAT 0x06 (CGRAM ref #6)
t_wall=1785583195.429 t=1922224063 W DAT 0x00 (CGRAM ref #0)
t_wall=1785583195.432 t=1922227742 W CMD 0x0C [DISP_CTRL disp=1 cur=0 blink=0]
t_wall=1785583195.488 t=1922284077 W CMD 0x58 [SET_CGRAM 0x18]
t_wall=1785583195.489 t=1922284136 W DAT 0x04 (CGRAM ref #4)
t_wall=1785583195.489 t=1922284174 W DAT 0x04 (CGRAM ref #4)
t_wall=1785583195.489 t=1922284212 W DAT 0x04 (CGRAM ref #4)
t_wall=1785583195.489 t=1922284250 W DAT 0x18
t_wall=1785583195.492 t=1922288091 W DAT 0x04 (CGRAM ref #4)
t_wall=1785583195.492 t=1922288129 W DAT 0x04 (CGRAM ref #4)
t_wall=1785583195.493 t=1922288167 W DAT 0x06 (CGRAM ref #6)
t_wall=1785583195.493 t=1922288205 W DAT 0x04 (CGRAM ref #4)
t_wall=1785583195.493 t=1922288386 W CMD 0x0C [DISP_CTRL disp=1 cur=0 blink=0]
t_wall=1785583195.564 t=1922359102 W CMD 0x58 [SET_CGRAM 0x18]
t_wall=1785583195.564 t=1922359160 W DAT 0x00 (CGRAM ref #0)
t_wall=1785583195.565 t=1922359213 W DAT 0x00 (CGRAM ref #0)
t_wall=1785583195.567 t=1922363046 W DAT 0x00 (CGRAM ref #0)
t_wall=1785583195.571 t=1922366892 W DAT 0x1F
t_wall=1785583195.575 t=1922370708 W DAT 0x00 (CGRAM ref #0)
t_wall=1785583195.579 t=1922374556 W DAT 0x00 (CGRAM ref #0)
t_wall=1785583195.583 t=1922378440 W DAT 0x06 (CGRAM ref #6)
t_wall=1785583195.584 t=1922378478 W DAT 0x00 (CGRAM ref #0)
t_wall=1785583195.585 t=1922378659 W CMD 0x0C [DISP_CTRL disp=1 cur=0 blink=0]
t_wall=1785583195.641 t=1922436489 W CMD 0x58 [SET_CGRAM 0x18]
t_wall=1785583195.642 t=1922436547 W DAT 0x04 (CGRAM ref #4)
t_wall=1785583195.642 t=1922436586 W DAT 0x04 (CGRAM ref #4)
t_wall=1785583195.643 t=1922436624 W DAT 0x04 (CGRAM ref #4)
t_wall=1785583195.643 t=1922436662 W DAT 0x18
t_wall=1785583195.645 t=1922440524 W DAT 0x04 (CGRAM ref #4)
t_wall=1785583195.646 t=1922440563 W DAT 0x04 (CGRAM ref #4)
t_wall=1785583195.647 t=1922440601 W DAT 0x06 (CGRAM ref #6)
t_wall=1785583195.647 t=1922440639 W DAT 0x04 (CGRAM ref #4)
t_wall=1785583195.648 t=1922440819 W CMD 0x0C [DISP_CTRL disp=1 cur=0 blink=0]
t_wall=1785583195.714 t=1922509917 W CMD 0x58 [SET_CGRAM 0x18]
t_wall=1785583195.715 t=1922509976 W DAT 0x00 (CGRAM ref #0)
t_wall=1785583195.715 t=1922510029 W DAT 0x00 (CGRAM ref #0)
t_wall=1785583195.718 t=1922513846 W DAT 0x00 (CGRAM ref #0)
t_wall=1785583195.722 t=1922517724 W DAT 0x1F
t_wall=1785583195.726 t=1922521555 W DAT 0x00 (CGRAM ref #0)
t_wall=1785583195.730 t=1922525401 W DAT 0x00 (CGRAM ref #0)
t_wall=1785583195.730 t=1922525439 W DAT 0x06 (CGRAM ref #6)
t_wall=1785583195.730 t=1922525477 W DAT 0x00 (CGRAM ref #0)
t_wall=1785583195.735 t=1922530403 W CMD 0x0C [DISP_CTRL disp=1 cur=0 blink=0]
t_wall=1785583195.799 t=1922594348 W CMD 0x58 [SET_CGRAM 0x18]
t_wall=1785583195.800 t=1922594407 W DAT 0x04 (CGRAM ref #4)
t_wall=1785583195.800 t=1922594445 W DAT 0x04 (CGRAM ref #4)
t_wall=1785583195.801 t=1922594483 W DAT 0x04 (CGRAM ref #4)
t_wall=1785583195.801 t=1922594522 W DAT 0x18
t_wall=1785583195.803 t=1922598368 W DAT 0x04 (CGRAM ref #4)
t_wall=1785583195.803 t=1922598406 W DAT 0x04 (CGRAM ref #4)
t_wall=1785583195.804 t=1922598444 W DAT 0x06 (CGRAM ref #6)
t_wall=1785583195.805 t=1922598483 W DAT 0x04 (CGRAM ref #4)
t_wall=1785583195.805 t=1922598663 W CMD 0x0C [DISP_CTRL disp=1 cur=0 blink=0]
t_wall=1785583195.873 t=1922667798 W CMD 0x58 [SET_CGRAM 0x18]
t_wall=1785583195.875 t=1922667856 W DAT 0x00 (CGRAM ref #0)
t_wall=1785583195.876 t=1922667909 W DAT 0x00 (CGRAM ref #0)
t_wall=1785583195.877 t=1922671727 W DAT 0x00 (CGRAM ref #0)
t_wall=1785583195.880 t=1922675621 W DAT 0x1F
t_wall=1785583195.884 t=1922679455 W DAT 0x00 (CGRAM ref #0)
t_wall=1785583195.888 t=1922683273 W DAT 0x00 (CGRAM ref #0)
t_wall=1785583195.892 t=1922687117 W DAT 0x06 (CGRAM ref #6)
t_wall=1785583195.892 t=1922687155 W DAT 0x00 (CGRAM ref #0)
t_wall=1785583195.895 t=1922690896 W CMD 0x0C [DISP_CTRL disp=1 cur=0 blink=0]
t_wall=1785583195.961 t=1922756865 W CMD 0x58 [SET_CGRAM 0x18]
t_wall=1785583195.962 t=1922756953 W DAT 0x04 (CGRAM ref #4)
t_wall=1785583195.962 t=1922756991 W DAT 0x04 (CGRAM ref #4)
t_wall=1785583195.963 t=1922757087 W DAT 0x04 (CGRAM ref #4)
t_wall=1785583195.963 t=1922757125 W DAT 0x18
t_wall=1785583195.966 t=1922760930 W DAT 0x04 (CGRAM ref #4)
t_wall=1785583195.967 t=1922761010 W DAT 0x04 (CGRAM ref #4)
t_wall=1785583195.968 t=1922761049 W DAT 0x06 (CGRAM ref #6)
t_wall=1785583195.969 t=1922761087 W DAT 0x04 (CGRAM ref #4)
t_wall=1785583195.969 t=1922761267 W CMD 0x0C [DISP_CTRL disp=1 cur=0 blink=0]
t_wall=1785583196.035 t=1922830330 W CMD 0x58 [SET_CGRAM 0x18]
t_wall=1785583196.036 t=1922830389 W DAT 0x00 (CGRAM ref #0)
t_wall=1785583196.036 t=1922830441 W DAT 0x00 (CGRAM ref #0)
t_wall=1785583196.039 t=1922834318 W DAT 0x00 (CGRAM ref #0)
t_wall=1785583196.042 t=1922838153 W DAT 0x1F
t_wall=1785583196.046 t=1922841968 W DAT 0x00 (CGRAM ref #0)
t_wall=1785583196.050 t=1922845813 W DAT 0x00 (CGRAM ref #0)
t_wall=1785583196.050 t=1922845851 W DAT 0x06 (CGRAM ref #6)
t_wall=1785583196.051 t=1922845889 W DAT 0x00 (CGRAM ref #0)
t_wall=1785583196.056 t=1922852132 W CMD 0x0C [DISP_CTRL disp=1 cur=0 blink=0]
t_wall=1785583196.109 t=1922904019 W CMD 0x58 [SET_CGRAM 0x18]
t_wall=1785583196.109 t=1922904092 W DAT 0x04 (CGRAM ref #4)
t_wall=1785583196.110 t=1922904130 W DAT 0x04 (CGRAM ref #4)
t_wall=1785583196.111 t=1922904168 W DAT 0x04 (CGRAM ref #4)
t_wall=1785583196.112 t=1922904207 W DAT 0x18
t_wall=1785583196.113 t=1922908052 W DAT 0x04 (CGRAM ref #4)
t_wall=1785583196.113 t=1922908090 W DAT 0x04 (CGRAM ref #4)
t_wall=1785583196.114 t=1922908128 W DAT 0x06 (CGRAM ref #6)
t_wall=1785583196.114 t=1922908167 W DAT 0x04 (CGRAM ref #4)
t_wall=1785583196.115 t=1922908346 W CMD 0x0C [DISP_CTRL disp=1 cur=0 blink=0]
t_wall=1785583196.193 t=1922988312 W CMD 0x58 [SET_CGRAM 0x18]
t_wall=1785583196.193 t=1922988385 W DAT 0x00 (CGRAM ref #0)
t_wall=1785583196.194 t=1922988438 W DAT 0x00 (CGRAM ref #0)
t_wall=1785583196.197 t=1922992315 W DAT 0x00 (CGRAM ref #0)
t_wall=1785583196.200 t=1922996169 W DAT 0x1F
t_wall=1785583196.204 t=1922999987 W DAT 0x00 (CGRAM ref #0)
t_wall=1785583196.208 t=1923003831 W DAT 0x00 (CGRAM ref #0)
t_wall=1785583196.212 t=1923007680 W DAT 0x06 (CGRAM ref #6)
t_wall=1785583196.212 t=1923007718 W DAT 0x00 (CGRAM ref #0)
t_wall=1785583196.216 t=1923011338 W CMD 0x0C [DISP_CTRL disp=1 cur=0 blink=0]
t_wall=1785583196.271 t=1923066639 W CMD 0x58 [SET_CGRAM 0x18]
t_wall=1785583196.271 t=1923066697 W DAT 0x04 (CGRAM ref #4)
t_wall=1785583196.271 t=1923066735 W DAT 0x04 (CGRAM ref #4)
t_wall=1785583196.272 t=1923066773 W DAT 0x04 (CGRAM ref #4)
t_wall=1785583196.272 t=1923066812 W DAT 0x18
t_wall=1785583196.275 t=1923070660 W DAT 0x04 (CGRAM ref #4)
t_wall=1785583196.275 t=1923070698 W DAT 0x04 (CGRAM ref #4)
t_wall=1785583196.275 t=1923070737 W DAT 0x06 (CGRAM ref #6)
t_wall=1785583196.275 t=1923070775 W DAT 0x04 (CGRAM ref #4)
t_wall=1785583196.276 t=1923070955 W CMD 0x0C [DISP_CTRL disp=1 cur=0 blink=0]
t_wall=1785583196.344 t=1923139175 W CMD 0x58 [SET_CGRAM 0x18]
t_wall=1785583196.345 t=1923139234 W DAT 0x00 (CGRAM ref #0)
t_wall=1785583196.345 t=1923139287 W DAT 0x00 (CGRAM ref #0)
t_wall=1785583196.348 t=1923143133 W DAT 0x00 (CGRAM ref #0)
t_wall=1785583196.348 t=1923143171 W DAT 0x1F
t_wall=1785583196.352 t=1923146987 W DAT 0x00 (CGRAM ref #0)
t_wall=1785583196.355 t=1923150835 W DAT 0x00 (CGRAM ref #0)
t_wall=1785583196.356 t=1923150873 W DAT 0x06 (CGRAM ref #6)
t_wall=1785583196.357 t=1923150911 W DAT 0x00 (CGRAM ref #0)
t_wall=1785583196.357 t=1923151091 W CMD 0x0C [DISP_CTRL disp=1 cur=0 blink=0]
t_wall=1785583196.358 # ALIVE us=1923151552 ring_depth=0 drops=0
t_wall=1785583196.401 t=1923196069 W CMD 0x50 [SET_CGRAM 0x10]
t_wall=1785583196.401 t=1923196128 W DAT 0x00 (CGRAM ref #0)
t_wall=1785583196.401 t=1923196181 W DAT 0x08
t_wall=1785583196.402 t=1923196234 W DAT 0x08
t_wall=1785583196.402 t=1923196287 W DAT 0x09
t_wall=1785583196.402 t=1923196354 W DAT 0x08
t_wall=1785583196.403 t=1923196480 W DAT 0x00 (CGRAM ref #0)
t_wall=1785583196.403 t=1923196533 W DAT 0x00 (CGRAM ref #0)
t_wall=1785583196.403 t=1923196586 W DAT 0x10
t_wall=1785583196.404 t=1923196766 W CMD 0x0C [DISP_CTRL disp=1 cur=0 blink=0]
t_wall=1785583196.429 t=1923224614 W CMD 0x50 [SET_CGRAM 0x10]
t_wall=1785583196.430 t=1923224746 W DAT 0x08
t_wall=1785583196.430 t=1923224799 W DAT 0x08
t_wall=1785583196.431 t=1923224852 W DAT 0x08
t_wall=1785583196.431 t=1923224905 W DAT 0x09
t_wall=1785583196.432 t=1923224957 W DAT 0x08
t_wall=1785583196.432 t=1923225010 W DAT 0x08
t_wall=1785583196.433 t=1923225063 W DAT 0x00 (CGRAM ref #0)
t_wall=1785583196.433 t=1923225116 W DAT 0x18
t_wall=1785583196.434 t=1923226601 W CMD 0x58 [SET_CGRAM 0x18]
t_wall=1785583196.435 t=1923226659 W DAT 0x04 (CGRAM ref #4)
t_wall=1785583196.435 t=1923226697 W DAT 0x04 (CGRAM ref #4)
t_wall=1785583196.436 t=1923226736 W DAT 0x04 (CGRAM ref #4)
t_wall=1785583196.436 t=1923226774 W DAT 0x18
t_wall=1785583196.437 t=1923230621 W DAT 0x04 (CGRAM ref #4)
t_wall=1785583196.438 t=1923230659 W DAT 0x04 (CGRAM ref #4)
t_wall=1785583196.438 t=1923230697 W DAT 0x06 (CGRAM ref #6)
t_wall=1785583196.439 t=1923230735 W DAT 0x04 (CGRAM ref #4)
t_wall=1785583196.440 t=1923230916 W CMD 0x0C [DISP_CTRL disp=1 cur=0 blink=0]
t_wall=1785583196.505 t=1923300575 W CMD 0x50 [SET_CGRAM 0x10]
t_wall=1785583196.506 t=1923300633 W DAT 0x08
t_wall=1785583196.506 t=1923300686 W DAT 0x0A
t_wall=1785583196.507 t=1923300739 W DAT 0x00 (CGRAM ref #0)
t_wall=1785583196.507 t=1923300792 W DAT 0x09
t_wall=1785583196.508 t=1923300859 W DAT 0x02 (CGRAM ref #2)
t_wall=1785583196.508 t=1923300897 W DAT 0x08
t_wall=1785583196.509 t=1923300950 W DAT 0x00 (CGRAM ref #0)
t_wall=1785583196.509 t=1923300988 W DAT 0x18
t_wall=1785583196.510 t=1923302445 W CMD 0x58 [SET_CGRAM 0x18]
t_wall=1785583196.511 t=1923302504 W DAT 0x00 (CGRAM ref #0)
t_wall=1785583196.512 t=1923302557 W DAT 0x00 (CGRAM ref #0)
t_wall=1785583196.512 t=1923306373 W DAT 0x00 (CGRAM ref #0)
t_wall=1785583196.514 t=1923310221 W DAT 0x1F
t_wall=1785583196.518 t=1923314085 W DAT 0x00 (CGRAM ref #0)
t_wall=1785583196.522 t=1923317899 W DAT 0x00 (CGRAM ref #0)
t_wall=1785583196.526 t=1923321746 W DAT 0x06 (CGRAM ref #6)
t_wall=1785583196.527 t=1923321784 W DAT 0x00 (CGRAM ref #0)
t_wall=1785583196.534 t=1923329270 W CMD 0x0C [DISP_CTRL disp=1 cur=0 blink=0]
t_wall=1785583196.586 t=1923381272 W CMD 0x50 [SET_CGRAM 0x10]
t_wall=1785583196.586 t=1923381330 W DAT 0x08
t_wall=1785583196.587 t=1923381383 W DAT 0x02 (CGRAM ref #2)
t_wall=1785583196.588 t=1923381421 W DAT 0x08
t_wall=1785583196.588 t=1923381503 W DAT 0x09
t_wall=1785583196.588 t=1923381556 W DAT 0x0A
t_wall=1785583196.589 t=1923381609 W DAT 0x08
t_wall=1785583196.590 t=1923381662 W DAT 0x00 (CGRAM ref #0)
t_wall=1785583196.590 t=1923381715 W DAT 0x18
t_wall=1785583196.591 t=1923383178 W CMD 0x58 [SET_CGRAM 0x18]
t_wall=1785583196.591 t=1923383296 W DAT 0x04 (CGRAM ref #4)
t_wall=1785583196.592 t=1923383334 W DAT 0x04 (CGRAM ref #4)
t_wall=1785583196.593 t=1923383372 W DAT 0x04 (CGRAM ref #4)
t_wall=1785583196.593 t=1923383410 W DAT 0x18
t_wall=1785583196.594 t=1923387288 W DAT 0x04 (CGRAM ref #4)
t_wall=1785583196.594 t=1923387326 W DAT 0x04 (CGRAM ref #4)
t_wall=1785583196.595 t=1923387364 W DAT 0x06 (CGRAM ref #6)
t_wall=1785583196.596 t=1923387402 W DAT 0x04 (CGRAM ref #4)
t_wall=1785583196.597 t=1923387582 W CMD 0x0C [DISP_CTRL disp=1 cur=0 blink=0]
t_wall=1785583196.662 t=1923457197 W CMD 0x50 [SET_CGRAM 0x10]
t_wall=1785583196.663 t=1923457241 W DAT 0x0A
t_wall=1785583196.664 t=1923457294 W DAT 0x0A
t_wall=1785583196.665 t=1923457347 W DAT 0x08
t_wall=1785583196.666 t=1923457399 W DAT 0x03 (CGRAM ref #3)
t_wall=1785583196.667 t=1923457437 W DAT 0x08
t_wall=1785583196.668 t=1923457505 W DAT 0x0A
t_wall=1785583196.669 t=1923457557 W DAT 0x00 (CGRAM ref #0)
t_wall=1785583196.670 t=1923457652 W DAT 0x1A
t_wall=1785583196.671 t=1923459073 W CMD 0x58 [SET_CGRAM 0x18]
t_wall=1785583196.672 t=1923459132 W DAT 0x00 (CGRAM ref #0)
t_wall=1785583196.673 t=1923459185 W DAT 0x00 (CGRAM ref #0)
t_wall=1785583196.674 t=1923463031 W DAT 0x00 (CGRAM ref #0)
t_wall=1785583196.675 t=1923466878 W DAT 0x1F
t_wall=1785583196.676 t=1923470739 W DAT 0x00 (CGRAM ref #0)
t_wall=1785583196.680 t=1923474557 W DAT 0x00 (CGRAM ref #0)
t_wall=1785583196.684 t=1923478373 W DAT 0x06 (CGRAM ref #6)
t_wall=1785583196.685 t=1923478411 W DAT 0x00 (CGRAM ref #0)
t_wall=1785583196.687 t=1923478613 W CMD 0x0C [DISP_CTRL disp=1 cur=0 blink=0]
t_wall=1785583196.738 t=1923533138 W CMD 0x78 [SET_CGRAM 0x38]
t_wall=1785583196.738 t=1923533197 W DAT 0x07 (CGRAM ref #7)
t_wall=1785583196.739 t=1923533235 W DAT 0x07 (CGRAM ref #7)
t_wall=1785583196.739 t=1923533274 W DAT 0x07 (CGRAM ref #7)
t_wall=1785583196.739 t=1923533312 W DAT 0x10
t_wall=1785583196.741 t=1923537157 W DAT 0x17
t_wall=1785583196.742 t=1923537195 W DAT 0x11
t_wall=1785583196.745 t=1923541014 W DAT 0x19
t_wall=1785583196.749 t=1923544889 W DAT 0x1F
t_wall=1785583196.754 t=1923549873 W CMD 0x50 [SET_CGRAM 0x10]
t_wall=1785583196.755 t=1923549932 W DAT 0x02 (CGRAM ref #2)
t_wall=1785583196.755 t=1923549970 W DAT 0x0A
t_wall=1785583196.755 t=1923550037 W DAT 0x08
t_wall=1785583196.756 t=1923550090 W DAT 0x0B
t_wall=1785583196.756 t=1923550158 W DAT 0x08
t_wall=1785583196.756 t=1923550210 W DAT 0x02 (CGRAM ref #2)
t_wall=1785583196.757 t=1923550248 W DAT 0x00 (CGRAM ref #0)
t_wall=1785583196.757 t=1923550322 W DAT 0x12
t_wall=1785583196.758 t=1923550502 W CMD 0x0C [DISP_CTRL disp=1 cur=0 blink=0]
t_wall=1785583196.758 t=1923551757 W CMD 0x58 [SET_CGRAM 0x18]
t_wall=1785583196.758 t=1923551932 W DAT 0x04 (CGRAM ref #4)
t_wall=1785583196.759 t=1923551970 W DAT 0x04 (CGRAM ref #4)
t_wall=1785583196.759 t=1923552008 W DAT 0x04 (CGRAM ref #4)
t_wall=1785583196.759 t=1923552046 W DAT 0x18
t_wall=1785583196.760 t=1923555891 W DAT 0x04 (CGRAM ref #4)
t_wall=1785583196.761 t=1923555929 W DAT 0x04 (CGRAM ref #4)
t_wall=1785583196.761 t=1923555968 W DAT 0x06 (CGRAM ref #6)
t_wall=1785583196.762 t=1923556006 W DAT 0x04 (CGRAM ref #4)
t_wall=1785583196.762 t=1923556186 W CMD 0x0C [DISP_CTRL disp=1 cur=0 blink=0]
t_wall=1785583196.820 t=1923614923 W CMD 0x50 [SET_CGRAM 0x10]
t_wall=1785583196.820 t=1923614967 W DAT 0x0A
t_wall=1785583196.820 t=1923615020 W DAT 0x0A
t_wall=1785583196.821 t=1923615073 W DAT 0x08
t_wall=1785583196.821 t=1923615125 W DAT 0x0B
t_wall=1785583196.821 t=1923615178 W DAT 0x08
t_wall=1785583196.822 t=1923615231 W DAT 0x0A
t_wall=1785583196.822 t=1923615283 W DAT 0x00 (CGRAM ref #0)
t_wall=1785583196.822 t=1923615336 W DAT 0x1A
t_wall=1785583196.823 t=1923616839 W CMD 0x58 [SET_CGRAM 0x18]
t_wall=1785583196.823 t=1923616956 W DAT 0x00 (CGRAM ref #0)
t_wall=1785583196.824 t=1923617008 W DAT 0x00 (CGRAM ref #0)
t_wall=1785583196.825 t=1923620855 W DAT 0x00 (CGRAM ref #0)
t_wall=1785583196.829 t=1923624702 W DAT 0x1F
t_wall=1785583196.833 t=1923628536 W DAT 0x00 (CGRAM ref #0)
t_wall=1785583196.837 t=1923632403 W DAT 0x00 (CGRAM ref #0)
t_wall=1785583196.840 t=1923636220 W DAT 0x06 (CGRAM ref #6)
t_wall=1785583196.841 t=1923636258 W DAT 0x00 (CGRAM ref #0)
t_wall=1785583196.845 t=1923640790 W CMD 0x0C [DISP_CTRL disp=1 cur=0 blink=0]
t_wall=1785583196.900 t=1923695738 W CMD 0x50 [SET_CGRAM 0x10]
t_wall=1785583196.900 t=1923695797 W DAT 0x0A
t_wall=1785583196.901 t=1923695849 W DAT 0x0A
t_wall=1785583196.901 t=1923695902 W DAT 0x00 (CGRAM ref #0)
t_wall=1785583196.901 t=1923695955 W DAT 0x0B
t_wall=1785583196.902 t=1923696044 W DAT 0x02 (CGRAM ref #2)
t_wall=1785583196.902 t=1923696082 W DAT 0x08
t_wall=1785583196.903 t=1923696135 W DAT 0x00 (CGRAM ref #0)
t_wall=1785583196.903 t=1923696188 W DAT 0x1A
t_wall=1785583196.903 t=1923697646 W CMD 0x58 [SET_CGRAM 0x18]
t_wall=1785583196.904 t=1923697763 W DAT 0x04 (CGRAM ref #4)
t_wall=1785583196.904 t=1923697801 W DAT 0x04 (CGRAM ref #4)
t_wall=1785583196.905 t=1923697839 W DAT 0x04 (CGRAM ref #4)
t_wall=1785583196.905 t=1923697877 W DAT 0x18
t_wall=1785583196.906 t=1923701696 W DAT 0x04 (CGRAM ref #4)
t_wall=1785583196.906 t=1923701734 W DAT 0x04 (CGRAM ref #4)
t_wall=1785583196.907 t=1923701772 W DAT 0x06 (CGRAM ref #6)
t_wall=1785583196.907 t=1923701810 W DAT 0x04 (CGRAM ref #4)
t_wall=1785583196.908 t=1923701990 W CMD 0x0C [DISP_CTRL disp=1 cur=0 blink=0]
t_wall=1785583196.976 t=1923771573 W CMD 0x50 [SET_CGRAM 0x10]
t_wall=1785583196.977 t=1923771632 W DAT 0x0A
t_wall=1785583196.978 t=1923771684 W DAT 0x02 (CGRAM ref #2)
t_wall=1785583196.978 t=1923771723 W DAT 0x08
t_wall=1785583196.978 t=1923771790 W DAT 0x0B
t_wall=1785583196.979 t=1923771858 W DAT 0x0A
t_wall=1785583196.979 t=1923771910 W DAT 0x08
t_wall=1785583196.979 t=1923771985 W DAT 0x00 (CGRAM ref #0)
t_wall=1785583196.979 t=1923772038 W DAT 0x1A
t_wall=1785583196.980 t=1923773480 W CMD 0x58 [SET_CGRAM 0x18]
t_wall=1785583196.980 t=1923773597 W DAT 0x00 (CGRAM ref #0)
t_wall=1785583196.981 t=1923773650 W DAT 0x00 (CGRAM ref #0)
t_wall=1785583196.982 t=1923777468 W DAT 0x00 (CGRAM ref #0)
t_wall=1785583196.985 t=1923781312 W DAT 0x1F
t_wall=1785583196.989 t=1923785161 W DAT 0x00 (CGRAM ref #0)
t_wall=1785583196.993 t=1923789023 W DAT 0x00 (CGRAM ref #0)
t_wall=1785583196.994 t=1923789061 W DAT 0x06 (CGRAM ref #6)
t_wall=1785583196.994 t=1923789100 W DAT 0x00 (CGRAM ref #0)
t_wall=1785583197.000 t=1923795367 W CMD 0x0C [DISP_CTRL disp=1 cur=0 blink=0]
t_wall=1785583197.064 t=1923859408 W CMD 0x50 [SET_CGRAM 0x10]
t_wall=1785583197.065 t=1923859466 W DAT 0x08
t_wall=1785583197.065 t=1923859519 W DAT 0x0A
t_wall=1785583197.065 t=1923859571 W DAT 0x0A
t_wall=1785583197.066 t=1923859624 W DAT 0x03 (CGRAM ref #3)
t_wall=1785583197.066 t=1923859662 W DAT 0x0A
t_wall=1785583197.066 t=1923859729 W DAT 0x08
t_wall=1785583197.067 t=1923859782 W DAT 0x00 (CGRAM ref #0)
t_wall=1785583197.067 t=1923859835 W DAT 0x18
t_wall=1785583197.067 t=1923861256 W CMD 0x58 [SET_CGRAM 0x18]
t_wall=1785583197.068 t=1923861314 W DAT 0x04 (CGRAM ref #4)
t_wall=1785583197.068 t=1923861426 W DAT 0x04 (CGRAM ref #4)
t_wall=1785583197.068 t=1923861464 W DAT 0x04 (CGRAM ref #4)
t_wall=1785583197.069 t=1923861503 W DAT 0x18
t_wall=1785583197.070 t=1923865306 W DAT 0x04 (CGRAM ref #4)
t_wall=1785583197.070 t=1923865403 W DAT 0x04 (CGRAM ref #4)
t_wall=1785583197.070 t=1923865441 W DAT 0x06 (CGRAM ref #6)
t_wall=1785583197.071 t=1923865479 W DAT 0x04 (CGRAM ref #4)
t_wall=1785583197.071 t=1923865659 W CMD 0x0C [DISP_CTRL disp=1 cur=0 blink=0]
t_wall=1785583197.140 t=1923935251 W CMD 0x50 [SET_CGRAM 0x10]
t_wall=1785583197.141 t=1923935309 W DAT 0x00 (CGRAM ref #0)
t_wall=1785583197.141 t=1923935362 W DAT 0x0A
t_wall=1785583197.141 t=1923935415 W DAT 0x0A
t_wall=1785583197.141 t=1923935467 W DAT 0x0B
t_wall=1785583197.142 t=1923935535 W DAT 0x0A
t_wall=1785583197.142 t=1923935588 W DAT 0x00 (CGRAM ref #0)
t_wall=1785583197.143 t=1923935641 W DAT 0x00 (CGRAM ref #0)
t_wall=1785583197.143 t=1923935694 W DAT 0x10
t_wall=1785583197.144 t=1923935874 W CMD 0x0C [DISP_CTRL disp=1 cur=0 blink=0]
t_wall=1785583197.144 t=1923937227 W CMD 0x58 [SET_CGRAM 0x18]
t_wall=1785583197.145 t=1923937285 W DAT 0x00 (CGRAM ref #0)
t_wall=1785583197.145 t=1923937338 W DAT 0x00 (CGRAM ref #0)
t_wall=1785583197.146 t=1923941187 W DAT 0x00 (CGRAM ref #0)
t_wall=1785583197.149 t=1923945020 W DAT 0x1F
t_wall=1785583197.152 t=1923947857 W DAT 0x00 (CGRAM ref #0)
t_wall=1785583197.156 t=1923951675 W DAT 0x00 (CGRAM ref #0)
t_wall=1785583197.160 t=1923955490 W DAT 0x06 (CGRAM ref #6)
t_wall=1785583197.161 t=1923955528 W DAT 0x00 (CGRAM ref #0)
t_wall=1785583197.167 t=1923960540 W CMD 0x0C [DISP_CTRL disp=1 cur=0 blink=0]
t_wall=1785583197.216 t=1924010438 W CMD 0x78 [SET_CGRAM 0x38]
t_wall=1785583197.217 t=1924010497 W DAT 0x07 (CGRAM ref #7)
t_wall=1785583197.218 t=1924010535 W DAT 0x07 (CGRAM ref #7)
t_wall=1785583197.220 t=1924010573 W DAT 0x07 (CGRAM ref #7)
t_wall=1785583197.220 t=1924010612 W DAT 0x10
t_wall=1785583197.221 t=1924014457 W DAT 0x17
t_wall=1785583197.222 t=1924014495 W DAT 0x19
t_wall=1785583197.223 t=1924018313 W DAT 0x19
t_wall=1785583197.227 t=1924022188 W DAT 0x1F
t_wall=1785583197.232 t=1924027093 W CMD 0x50 [SET_CGRAM 0x10]
t_wall=1785583197.232 t=1924027152 W DAT 0x08
t_wall=1785583197.233 t=1924027204 W DAT 0x0A
t_wall=1785583197.233 t=1924027257 W DAT 0x0A
t_wall=1785583197.234 t=1924027310 W DAT 0x0B
t_wall=1785583197.234 t=1924027378 W DAT 0x0A
t_wall=1785583197.235 t=1924027430 W DAT 0x08
t_wall=1785583197.236 t=1924027483 W DAT 0x00 (CGRAM ref #0)
t_wall=1785583197.236 t=1924027536 W DAT 0x18
t_wall=1785583197.237 t=1924028994 W CMD 0x58 [SET_CGRAM 0x18]
t_wall=1785583197.238 t=1924029053 W DAT 0x04 (CGRAM ref #4)
t_wall=1785583197.238 t=1924029091 W DAT 0x04 (CGRAM ref #4)
t_wall=1785583197.239 t=1924029129 W DAT 0x04 (CGRAM ref #4)
t_wall=1785583197.239 t=1924029167 W DAT 0x18
t_wall=1785583197.240 t=1924033015 W DAT 0x04 (CGRAM ref #4)
t_wall=1785583197.241 t=1924033053 W DAT 0x04 (CGRAM ref #4)
t_wall=1785583197.241 t=1924033091 W DAT 0x06 (CGRAM ref #6)
t_wall=1785583197.242 t=1924033130 W DAT 0x04 (CGRAM ref #4)
t_wall=1785583197.243 t=1924033309 W CMD 0x0C [DISP_CTRL disp=1 cur=0 blink=0]
t_wall=1785583197.297 t=1924092127 W CMD 0x50 [SET_CGRAM 0x10]
t_wall=1785583197.297 t=1924092200 W DAT 0x0A
t_wall=1785583197.297 t=1924092253 W DAT 0x08
t_wall=1785583197.298 t=1924092305 W DAT 0x02 (CGRAM ref #2)
t_wall=1785583197.298 t=1924092343 W DAT 0x0B
t_wall=1785583197.299 t=1924092411 W DAT 0x02 (CGRAM ref #2)
t_wall=1785583197.299 t=1924092449 W DAT 0x08
t_wall=1785583197.299 t=1924092502 W DAT 0x00 (CGRAM ref #0)
t_wall=1785583197.300 t=1924092540 W DAT 0x1A
t_wall=1785583197.300 t=1924093997 W CMD 0x58 [SET_CGRAM 0x18]
t_wall=1785583197.300 t=1924094055 W DAT 0x00 (CGRAM ref #0)
t_wall=1785583197.301 t=1924094108 W DAT 0x00 (CGRAM ref #0)
t_wall=1785583197.302 t=1924097955 W DAT 0x00 (CGRAM ref #0)
t_wall=1785583197.306 t=1924101802 W DAT 0x1F
t_wall=1785583197.310 t=1924105635 W DAT 0x00 (CGRAM ref #0)
t_wall=1785583197.314 t=1924109481 W DAT 0x00 (CGRAM ref #0)
t_wall=1785583197.314 t=1924109519 W DAT 0x06 (CGRAM ref #6)
t_wall=1785583197.315 t=1924109557 W DAT 0x00 (CGRAM ref #0)
t_wall=1785583197.318 t=1924113233 W CMD 0x0C [DISP_CTRL disp=1 cur=0 blink=0]
t_wall=1785583197.385 t=1924179819 W CMD 0x50 [SET_CGRAM 0x10]
t_wall=1785583197.386 t=1924179878 W DAT 0x0A
t_wall=1785583197.387 t=1924179931 W DAT 0x00 (CGRAM ref #0)
t_wall=1785583197.388 t=1924179983 W DAT 0x0A
t_wall=1785583197.389 t=1924180036 W DAT 0x0B
t_wall=1785583197.390 t=1924180104 W DAT 0x0A
t_wall=1785583197.390 t=1924180156 W DAT 0x08
t_wall=1785583197.391 t=1924180209 W DAT 0x00 (CGRAM ref #0)
t_wall=1785583197.392 t=1924180262 W DAT 0x1A
t_wall=1785583197.393 t=1924181748 W CMD 0x58 [SET_CGRAM 0x18]
t_wall=1785583197.394 t=1924181807 W DAT 0x04 (CGRAM ref #4)
t_wall=1785583197.395 t=1924181845 W DAT 0x04 (CGRAM ref #4)
t_wall=1785583197.396 t=1924181883 W DAT 0x04 (CGRAM ref #4)
t_wall=1785583197.397 t=1924181921 W DAT 0x18
t_wall=1785583197.398 t=1924185755 W DAT 0x04 (CGRAM ref #4)
t_wall=1785583197.399 t=1924185794 W DAT 0x04 (CGRAM ref #4)
t_wall=1785583197.399 t=1924185832 W DAT 0x06 (CGRAM ref #6)
t_wall=1785583197.400 t=1924185870 W DAT 0x04 (CGRAM ref #4)
t_wall=1785583197.401 t=1924186092 W CMD 0x0C [DISP_CTRL disp=1 cur=0 blink=0]
t_wall=1785583197.460 t=1924255679 W CMD 0x50 [SET_CGRAM 0x10]
t_wall=1785583197.461 t=1924255737 W DAT 0x0A
t_wall=1785583197.462 t=1924255790 W DAT 0x08
t_wall=1785583197.462 t=1924255843 W DAT 0x0A
t_wall=1785583197.463 t=1924255896 W DAT 0x03 (CGRAM ref #3)
t_wall=1785583197.463 t=1924255934 W DAT 0x0A
t_wall=1785583197.464 t=1924256001 W DAT 0x0A
t_wall=1785583197.464 t=1924256054 W DAT 0x00 (CGRAM ref #0)
t_wall=1785583197.465 t=1924256107 W DAT 0x1A
t_wall=1785583197.465 t=1924257637 W CMD 0x58 [SET_CGRAM 0x18]
t_wall=1785583197.466 t=1924257695 W DAT 0x00 (CGRAM ref #0)
t_wall=1785583197.466 t=1924257748 W DAT 0x00 (CGRAM ref #0)
t_wall=1785583197.466 t=1924261582 W DAT 0x00 (CGRAM ref #0)
t_wall=1785583197.470 t=1924265398 W DAT 0x1F
t_wall=1785583197.473 t=1924269242 W DAT 0x00 (CGRAM ref #0)
t_wall=1785583197.477 t=1924273092 W DAT 0x00 (CGRAM ref #0)
t_wall=1785583197.481 t=1924276895 W DAT 0x06 (CGRAM ref #6)
t_wall=1785583197.481 t=1924276933 W DAT 0x00 (CGRAM ref #0)
t_wall=1785583197.482 t=1924277171 W CMD 0x0C [DISP_CTRL disp=1 cur=0 blink=0]
t_wall=1785583197.540 t=1924335435 W CMD 0x50 [SET_CGRAM 0x10]
t_wall=1785583197.541 t=1924335493 W DAT 0x02 (CGRAM ref #2)
t_wall=1785583197.541 t=1924335532 W DAT 0x08
t_wall=1785583197.542 t=1924335599 W DAT 0x0A
t_wall=1785583197.542 t=1924335652 W DAT 0x0B
t_wall=1785583197.542 t=1924335705 W DAT 0x0A
t_wall=1785583197.543 t=1924335758 W DAT 0x02 (CGRAM ref #2)
t_wall=1785583197.543 t=1924335796 W DAT 0x00 (CGRAM ref #0)
t_wall=1785583197.544 t=1924335848 W DAT 0x12
t_wall=1785583197.545 t=1924336029 W CMD 0x0C [DISP_CTRL disp=1 cur=0 blink=0]
t_wall=1785583197.545 t=1924337439 W CMD 0x58 [SET_CGRAM 0x18]
t_wall=1785583197.546 t=1924337497 W DAT 0x04 (CGRAM ref #4)
t_wall=1785583197.547 t=1924337535 W DAT 0x04 (CGRAM ref #4)
t_wall=1785583197.548 t=1924337573 W DAT 0x04 (CGRAM ref #4)
t_wall=1785583197.548 t=1924337612 W DAT 0x18
t_wall=1785583197.549 t=1924341472 W DAT 0x04 (CGRAM ref #4)
t_wall=1785583197.549 t=1924341510 W DAT 0x04 (CGRAM ref #4)
t_wall=1785583197.552 t=1924341548 W DAT 0x06 (CGRAM ref #6)
t_wall=1785583197.553 t=1924341586 W DAT 0x04 (CGRAM ref #4)
t_wall=1785583197.554 t=1924341766 W CMD 0x0C [DISP_CTRL disp=1 cur=0 blink=0]
t_wall=1785583197.620 t=1924411301 W CMD 0x50 [SET_CGRAM 0x10]
t_wall=1785583197.624 t=1924411360 W DAT 0x0A
t_wall=1785583197.627 t=1924411412 W DAT 0x08
t_wall=1785583197.630 t=1924411465 W DAT 0x0A
t_wall=1785583197.632 t=1924411518 W DAT 0x0B
t_wall=1785583197.634 t=1924411627 W DAT 0x0A
t_wall=1785583197.638 t=1924411680 W DAT 0x0A
t_wall=1785583197.642 t=1924411733 W DAT 0x00 (CGRAM ref #0)
t_wall=1785583197.646 t=1924411786 W DAT 0x1A
t_wall=1785583197.650 t=1924413263 W CMD 0x58 [SET_CGRAM 0x18]
t_wall=1785583197.653 t=1924413322 W DAT 0x00 (CGRAM ref #0)
t_wall=1785583197.658 t=1924413375 W DAT 0x00 (CGRAM ref #0)
t_wall=1785583197.661 t=1924417250 W DAT 0x00 (CGRAM ref #0)
t_wall=1785583197.663 t=1924417288 W DAT 0x1F
t_wall=1785583197.667 t=1924421122 W DAT 0x00 (CGRAM ref #0)
t_wall=1785583197.670 t=1924424940 W DAT 0x00 (CGRAM ref #0)
t_wall=1785583197.673 t=1924428806 W DAT 0x06 (CGRAM ref #6)
t_wall=1785583197.676 t=1924428844 W DAT 0x00 (CGRAM ref #0)
t_wall=1785583197.682 t=1924433328 W CMD 0x0C [DISP_CTRL disp=1 cur=0 blink=0]
t_wall=1785583197.696 t=1924489471 W CMD 0x58 [SET_CGRAM 0x18]
t_wall=1785583197.698 t=1924489529 W DAT 0x04 (CGRAM ref #4)
t_wall=1785583197.700 t=1924489567 W DAT 0x04 (CGRAM ref #4)
t_wall=1785583197.702 t=1924489605 W DAT 0x04 (CGRAM ref #4)
t_wall=1785583197.704 t=1924489644 W DAT 0x18
t_wall=1785583197.706 t=1924493460 W DAT 0x04 (CGRAM ref #4)
t_wall=1785583197.708 t=1924493498 W DAT 0x04 (CGRAM ref #4)
t_wall=1785583197.710 t=1924493537 W DAT 0x06 (CGRAM ref #6)
t_wall=1785583197.712 t=1924493575 W DAT 0x04 (CGRAM ref #4)
t_wall=1785583197.715 t=1924493756 W CMD 0x0C [DISP_CTRL disp=1 cur=0 blink=0]
t_wall=1785583197.717 t=1924499740 W CMD 0x78 [SET_CGRAM 0x38]
t_wall=1785583197.718 t=1924499799 W DAT 0x07 (CGRAM ref #7)
t_wall=1785583197.719 t=1924499837 W DAT 0x07 (CGRAM ref #7)
t_wall=1785583197.721 t=1924499875 W DAT 0x07 (CGRAM ref #7)
t_wall=1785583197.722 t=1924499913 W DAT 0x10
t_wall=1785583197.723 t=1924503731 W DAT 0x1F
t_wall=1785583197.723 t=1924507547 W DAT 0x19
t_wall=1785583197.725 t=1924511423 W DAT 0x19
t_wall=1785583197.726 t=1924515258 W DAT 0x1F
t_wall=1785583197.728 t=1924520108 W CMD 0x50 [SET_CGRAM 0x10]
t_wall=1785583197.729 t=1924520167 W DAT 0x0A
t_wall=1785583197.730 t=1924520220 W DAT 0x0A
t_wall=1785583197.731 t=1924520272 W DAT 0x02 (CGRAM ref #2)
t_wall=1785583197.733 t=1924520311 W DAT 0x09
t_wall=1785583197.735 t=1924520378 W DAT 0x02 (CGRAM ref #2)
t_wall=1785583197.736 t=1924520416 W DAT 0x08
t_wall=1785583197.737 t=1924520469 W DAT 0x00 (CGRAM ref #0)
t_wall=1785583197.738 t=1924520507 W DAT 0x18
t_wall=1785583197.740 t=1924522027 W CMD 0x0C [DISP_CTRL disp=1 cur=0 blink=0]
t_wall=1785583197.785 t=1924580849 W CMD 0x50 [SET_CGRAM 0x10]
t_wall=1785583197.786 t=1924580907 W DAT 0x0A
t_wall=1785583197.787 t=1924580960 W DAT 0x02 (CGRAM ref #2)
t_wall=1785583197.787 t=1924580998 W DAT 0x0A
t_wall=1785583197.787 t=1924581080 W DAT 0x09
t_wall=1785583197.788 t=1924581133 W DAT 0x0A
t_wall=1785583197.788 t=1924581186 W DAT 0x08
t_wall=1785583197.789 t=1924581239 W DAT 0x00 (CGRAM ref #0)
t_wall=1785583197.789 t=1924581292 W DAT 0x18
t_wall=1785583197.790 t=1924582808 W CMD 0x58 [SET_CGRAM 0x18]
t_wall=1785583197.790 t=1924582867 W DAT 0x00 (CGRAM ref #0)
t_wall=1785583197.791 t=1924582919 W DAT 0x00 (CGRAM ref #0)
t_wall=1785583197.792 t=1924586786 W DAT 0x00 (CGRAM ref #0)
t_wall=1785583197.795 t=1924590636 W DAT 0x1F
t_wall=1785583197.799 t=1924594467 W DAT 0x00 (CGRAM ref #0)
t_wall=1785583197.803 t=1924598312 W DAT 0x00 (CGRAM ref #0)
t_wall=1785583197.803 t=1924598350 W DAT 0x06 (CGRAM ref #6)
t_wall=1785583197.804 t=1924598389 W DAT 0x00 (CGRAM ref #0)
t_wall=1785583197.809 t=1924604534 W CMD 0x0C [DISP_CTRL disp=1 cur=0 blink=0]
t_wall=1785583197.862 t=1924657897 W CMD 0x50 [SET_CGRAM 0x10]
t_wall=1785583197.862 t=1924657941 W DAT 0x0A
t_wall=1785583197.863 t=1924657993 W DAT 0x0A
t_wall=1785583197.863 t=1924658046 W DAT 0x0A
t_wall=1785583197.864 t=1924658099 W DAT 0x03 (CGRAM ref #3)
t_wall=1785583197.864 t=1924658137 W DAT 0x0A
t_wall=1785583197.864 t=1924658205 W DAT 0x0A
t_wall=1785583197.865 t=1924658258 W DAT 0x00 (CGRAM ref #0)
t_wall=1785583197.865 t=1924658310 W DAT 0x1A
t_wall=1785583197.865 t=1924659759 W CMD 0x58 [SET_CGRAM 0x18]
t_wall=1785583197.866 t=1924659847 W DAT 0x04 (CGRAM ref #4)
t_wall=1785583197.866 t=1924659885 W DAT 0x04 (CGRAM ref #4)
t_wall=1785583197.867 t=1924659924 W DAT 0x04 (CGRAM ref #4)
t_wall=1785583197.867 t=1924659962 W DAT 0x18
t_wall=1785583197.868 t=1924663779 W DAT 0x04 (CGRAM ref #4)
t_wall=1785583197.868 t=1924663818 W DAT 0x04 (CGRAM ref #4)
t_wall=1785583197.869 t=1924663856 W DAT 0x06 (CGRAM ref #6)
t_wall=1785583197.869 t=1924663894 W DAT 0x04 (CGRAM ref #4)
t_wall=1785583197.870 t=1924664074 W CMD 0x0C [DISP_CTRL disp=1 cur=0 blink=0]
t_wall=1785583197.938 t=1924733788 W CMD 0x50 [SET_CGRAM 0x10]
t_wall=1785583197.938 t=1924733847 W DAT 0x02 (CGRAM ref #2)
t_wall=1785583197.939 t=1924733885 W DAT 0x0A
t_wall=1785583197.939 t=1924733952 W DAT 0x0A
t_wall=1785583197.939 t=1924734005 W DAT 0x0B
t_wall=1785583197.939 t=1924734058 W DAT 0x0A
t_wall=1785583197.940 t=1924734110 W DAT 0x02 (CGRAM ref #2)
t_wall=1785583197.940 t=1924734149 W DAT 0x00 (CGRAM ref #0)
t_wall=1785583197.940 t=1924734201 W DAT 0x12
t_wall=1785583197.941 t=1924734382 W CMD 0x0C [DISP_CTRL disp=1 cur=0 blink=0]
t_wall=1785583197.941 t=1924735662 W CMD 0x58 [SET_CGRAM 0x18]
t_wall=1785583197.942 t=1924735838 W DAT 0x00 (CGRAM ref #0)
t_wall=1785583197.942 t=1924735890 W DAT 0x00 (CGRAM ref #0)
t_wall=1785583197.944 t=1924739724 W DAT 0x00 (CGRAM ref #0)
t_wall=1785583197.948 t=1924743540 W DAT 0x1F
t_wall=1785583197.952 t=1924747385 W DAT 0x00 (CGRAM ref #0)
t_wall=1785583197.955 t=1924751235 W DAT 0x00 (CGRAM ref #0)
t_wall=1785583197.959 t=1924755118 W DAT 0x06 (CGRAM ref #6)
t_wall=1785583197.960 t=1924755156 W DAT 0x00 (CGRAM ref #0)
t_wall=1785583197.963 t=1924758756 W CMD 0x0C [DISP_CTRL disp=1 cur=0 blink=0]
t_wall=1785583198.018 t=1924813690 W CMD 0x50 [SET_CGRAM 0x10]
t_wall=1785583198.018 t=1924813748 W DAT 0x0A
t_wall=1785583198.019 t=1924813802 W DAT 0x0A
t_wall=1785583198.019 t=1924813854 W DAT 0x0A
t_wall=1785583198.019 t=1924813907 W DAT 0x0B
t_wall=1785583198.019 t=1924813975 W DAT 0x0A
t_wall=1785583198.019 t=1924814027 W DAT 0x0A
t_wall=1785583198.020 t=1924814080 W DAT 0x00 (CGRAM ref #0)
t_wall=1785583198.020 t=1924814133 W DAT 0x1A
t_wall=1785583198.021 t=1924816442 W CMD 0x58 [SET_CGRAM 0x18]
t_wall=1785583198.021 t=1924816529 W DAT 0x04 (CGRAM ref #4)
t_wall=1785583198.021 t=1924816567 W DAT 0x04 (CGRAM ref #4)
t_wall=1785583198.022 t=1924816605 W DAT 0x04 (CGRAM ref #4)
t_wall=1785583198.022 t=1924816666 W DAT 0x18
t_wall=1785583198.025 t=1924820512 W DAT 0x04 (CGRAM ref #4)
t_wall=1785583198.025 t=1924820551 W DAT 0x04 (CGRAM ref #4)
t_wall=1785583198.026 t=1924820589 W DAT 0x06 (CGRAM ref #6)
t_wall=1785583198.026 t=1924820627 W DAT 0x04 (CGRAM ref #4)
t_wall=1785583198.026 t=1924820828 W CMD 0x0C [DISP_CTRL disp=1 cur=0 blink=0]
t_wall=1785583198.090 t=1924885881 W CMD 0x78 [SET_CGRAM 0x38]
t_wall=1785583198.091 t=1924885939 W DAT 0x07 (CGRAM ref #7)
t_wall=1785583198.091 t=1924885977 W DAT 0x07 (CGRAM ref #7)
t_wall=1785583198.092 t=1924886016 W DAT 0x07 (CGRAM ref #7)
t_wall=1785583198.092 t=1924886054 W DAT 0x18
t_wall=1785583198.094 t=1924889873 W DAT 0x1F
t_wall=1785583198.098 t=1924893749 W DAT 0x19
t_wall=1785583198.102 t=1924897582 W DAT 0x19
t_wall=1785583198.105 t=1924901400 W DAT 0x1F
t_wall=1785583198.111 t=1924906477 W CMD 0x50 [SET_CGRAM 0x10]
t_wall=1785583198.111 t=1924906535 W DAT 0x0A
t_wall=1785583198.111 t=1924906588 W DAT 0x0A
t_wall=1785583198.112 t=1924906641 W DAT 0x02 (CGRAM ref #2)
t_wall=1785583198.112 t=1924906679 W DAT 0x0B
t_wall=1785583198.113 t=1924906747 W DAT 0x02 (CGRAM ref #2)
t_wall=1785583198.113 t=1924906785 W DAT 0x08
t_wall=1785583198.113 t=1924906838 W DAT 0x00 (CGRAM ref #0)
t_wall=1785583198.114 t=1924906876 W DAT 0x1A
t_wall=1785583198.114 t=1924909091 W CMD 0x58 [SET_CGRAM 0x18]
t_wall=1785583198.114 t=1924909208 W DAT 0x00 (CGRAM ref #0)
t_wall=1785583198.115 t=1924909260 W DAT 0x00 (CGRAM ref #0)
t_wall=1785583198.117 t=1924913117 W DAT 0x00 (CGRAM ref #0)
t_wall=1785583198.118 t=1924913155 W DAT 0x1F
t_wall=1785583198.121 t=1924916998 W DAT 0x00 (CGRAM ref #0)
t_wall=1785583198.125 t=1924920814 W DAT 0x00 (CGRAM ref #0)
t_wall=1785583198.125 t=1924920852 W DAT 0x06 (CGRAM ref #6)
t_wall=1785583198.126 t=1924920890 W DAT 0x00 (CGRAM ref #0)
t_wall=1785583198.131 t=1924925810 W CMD 0x0C [DISP_CTRL disp=1 cur=0 blink=0]
t_wall=1785583198.173 t=1924968676 W CMD 0x50 [SET_CGRAM 0x10]
t_wall=1785583198.174 t=1924968735 W DAT 0x0A
t_wall=1785583198.174 t=1924968788 W DAT 0x02 (CGRAM ref #2)
t_wall=1785583198.175 t=1924968826 W DAT 0x0A
t_wall=1785583198.175 t=1924968908 W DAT 0x0B
t_wall=1785583198.175 t=1924968960 W DAT 0x0A
t_wall=1785583198.176 t=1924969014 W DAT 0x08
t_wall=1785583198.176 t=1924969066 W DAT 0x00 (CGRAM ref #0)
t_wall=1785583198.177 t=1924969119 W DAT 0x1A
t_wall=1785583198.178 t=1924970649 W CMD 0x58 [SET_CGRAM 0x18]
t_wall=1785583198.178 t=1924970707 W DAT 0x04 (CGRAM ref #4)
t_wall=1785583198.179 t=1924970745 W DAT 0x04 (CGRAM ref #4)
t_wall=1785583198.179 t=1924970783 W DAT 0x04 (CGRAM ref #4)
t_wall=1785583198.180 t=1924970822 W DAT 0x18
t_wall=1785583198.180 t=1924974676 W DAT 0x04 (CGRAM ref #4)
t_wall=1785583198.181 t=1924974715 W DAT 0x04 (CGRAM ref #4)
t_wall=1785583198.182 t=1924974753 W DAT 0x06 (CGRAM ref #6)
t_wall=1785583198.182 t=1924974791 W DAT 0x04 (CGRAM ref #4)
t_wall=1785583198.183 t=1924974971 W CMD 0x0C [DISP_CTRL disp=1 cur=0 blink=0]
t_wall=1785583198.249 t=1925044590 W CMD 0x50 [SET_CGRAM 0x10]
t_wall=1785583198.249 t=1925044648 W DAT 0x0A
t_wall=1785583198.249 t=1925044701 W DAT 0x0E
t_wall=1785583198.250 t=1925044754 W DAT 0x0A
t_wall=1785583198.250 t=1925044807 W DAT 0x01 (CGRAM ref #1)
t_wall=1785583198.250 t=1925044916 W DAT 0x0E
t_wall=1785583198.250 t=1925044969 W DAT 0x0A
t_wall=1785583198.251 t=1925045022 W DAT 0x00 (CGRAM ref #0)
t_wall=1785583198.251 t=1925045075 W DAT 0x1A
t_wall=1785583198.251 t=1925047343 W CMD 0x58 [SET_CGRAM 0x18]
t_wall=1785583198.252 t=1925047402 W DAT 0x00 (CGRAM ref #0)
t_wall=1785583198.252 t=1925047455 W DAT 0x00 (CGRAM ref #0)
t_wall=1785583198.256 t=1925051304 W DAT 0x00 (CGRAM ref #0)
t_wall=1785583198.259 t=1925055167 W DAT 0x1F
t_wall=1785583198.263 t=1925058982 W DAT 0x00 (CGRAM ref #0)
t_wall=1785583198.263 t=1925059020 W DAT 0x00 (CGRAM ref #0)
t_wall=1785583198.267 t=1925062865 W DAT 0x06 (CGRAM ref #6)
t_wall=1785583198.267 t=1925062903 W DAT 0x00 (CGRAM ref #0)
t_wall=1785583198.271 t=1925066570 W CMD 0x0C [DISP_CTRL disp=1 cur=0 blink=0]
t_wall=1785583198.326 t=1925121457 W CMD 0x50 [SET_CGRAM 0x10]
t_wall=1785583198.326 t=1925121516 W DAT 0x02 (CGRAM ref #2)
t_wall=1785583198.327 t=1925121554 W DAT 0x0E
t_wall=1785583198.327 t=1925121621 W DAT 0x0A
t_wall=1785583198.327 t=1925121674 W DAT 0x09
t_wall=1785583198.328 t=1925121741 W DAT 0x0E
t_wall=1785583198.328 t=1925121794 W DAT 0x02 (CGRAM ref #2)
t_wall=1785583198.329 t=1925121832 W DAT 0x00 (CGRAM ref #0)
t_wall=1785583198.329 t=1925121885 W DAT 0x12
t_wall=1785583198.330 t=1925122065 W CMD 0x0C [DISP_CTRL disp=1 cur=0 blink=0]
t_wall=1785583198.330 t=1925123387 W CMD 0x58 [SET_CGRAM 0x18]
t_wall=1785583198.331 t=1925123446 W DAT 0x04 (CGRAM ref #4)
t_wall=1785583198.331 t=1925123484 W DAT 0x04 (CGRAM ref #4)
t_wall=1785583198.332 t=1925123522 W DAT 0x04 (CGRAM ref #4)
t_wall=1785583198.332 t=1925123561 W DAT 0x18
t_wall=1785583198.333 t=1925127408 W DAT 0x04 (CGRAM ref #4)
t_wall=1785583198.333 t=1925127446 W DAT 0x04 (CGRAM ref #4)
t_wall=1785583198.334 t=1925127484 W DAT 0x06 (CGRAM ref #6)
t_wall=1785583198.334 t=1925127522 W DAT 0x04 (CGRAM ref #4)
t_wall=1785583198.335 t=1925127702 W CMD 0x0C [DISP_CTRL disp=1 cur=0 blink=0]
t_wall=1785583198.360 # ALIVE us=1925151594 ring_depth=0 drops=0
t_wall=1785583198.403 t=1925197345 W CMD 0x50 [SET_CGRAM 0x10]
t_wall=1785583198.404 t=1925197404 W DAT 0x0A
t_wall=1785583198.405 t=1925197456 W DAT 0x0E
t_wall=1785583198.406 t=1925197509 W DAT 0x0A
t_wall=1785583198.406 t=1925197562 W DAT 0x09
t_wall=1785583198.407 t=1925197629 W DAT 0x0E
t_wall=1785583198.408 t=1925197682 W DAT 0x0A
t_wall=1785583198.409 t=1925197735 W DAT 0x00 (CGRAM ref #0)
t_wall=1785583198.410 t=1925197788 W DAT 0x1A
t_wall=1785583198.412 t=1925199290 W CMD 0x58 [SET_CGRAM 0x18]
t_wall=1785583198.413 t=1925199406 W DAT 0x00 (CGRAM ref #0)
t_wall=1785583198.415 t=1925199459 W DAT 0x00 (CGRAM ref #0)
t_wall=1785583198.418 t=1925203306 W DAT 0x00 (CGRAM ref #0)
t_wall=1785583198.420 t=1925207079 W DAT 0x1F
t_wall=1785583198.424 t=1925210929 W DAT 0x00 (CGRAM ref #0)
t_wall=1785583198.427 t=1925214812 W DAT 0x00 (CGRAM ref #0)
t_wall=1785583198.431 t=1925218629 W DAT 0x06 (CGRAM ref #6)
t_wall=1785583198.434 t=1925218667 W DAT 0x00 (CGRAM ref #0)
t_wall=1785583198.439 t=1925227066 W CMD 0x0C [DISP_CTRL disp=1 cur=0 blink=0]
t_wall=1785583198.484 t=1925278239 W CMD 0x50 [SET_CGRAM 0x10]
t_wall=1785583198.485 t=1925278298 W DAT 0x08
t_wall=1785583198.487 t=1925278350 W DAT 0x0E
t_wall=1785583198.488 t=1925278403 W DAT 0x00 (CGRAM ref #0)
t_wall=1785583198.489 t=1925278519 W DAT 0x09
t_wall=1785583198.491 t=1925278572 W DAT 0x06 (CGRAM ref #6)
t_wall=1785583198.493 t=1925278610 W DAT 0x08
t_wall=1785583198.494 t=1925278663 W DAT 0x00 (CGRAM ref #0)
t_wall=1785583198.495 t=1925278701 W DAT 0x18
t_wall=1785583198.497 t=1925280269 W CMD 0x58 [SET_CGRAM 0x18]
t_wall=1785583198.499 t=1925280328 W DAT 0x04 (CGRAM ref #4)
t_wall=1785583198.501 t=1925280366 W DAT 0x04 (CGRAM ref #4)
t_wall=1785583198.502 t=1925280405 W DAT 0x04 (CGRAM ref #4)
t_wall=1785583198.503 t=1925280443 W DAT 0x18
t_wall=1785583198.504 t=1925284282 W DAT 0x04 (CGRAM ref #4)
t_wall=1785583198.506 t=1925284320 W DAT 0x04 (CGRAM ref #4)
t_wall=1785583198.507 t=1925284358 W DAT 0x06 (CGRAM ref #6)
t_wall=1785583198.508 t=1925284397 W DAT 0x04 (CGRAM ref #4)
t_wall=1785583198.510 t=1925284577 W CMD 0x0C [DISP_CTRL disp=1 cur=0 blink=0]
t_wall=1785583198.559 t=1925354289 W CMD 0x50 [SET_CGRAM 0x10]
t_wall=1785583198.559 t=1925354347 W DAT 0x08
t_wall=1785583198.560 t=1925354453 W DAT 0x06 (CGRAM ref #6)
t_wall=1785583198.560 t=1925354491 W DAT 0x08
t_wall=1785583198.560 t=1925354573 W DAT 0x09
t_wall=1785583198.560 t=1925354626 W DAT 0x0E
t_wall=1785583198.561 t=1925354679 W DAT 0x08
t_wall=1785583198.562 t=1925354732 W DAT 0x00 (CGRAM ref #0)
t_wall=1785583198.562 t=1925354784 W DAT 0x18
t_wall=1785583198.563 t=1925357035 W CMD 0x58 [SET_CGRAM 0x18]
t_wall=1785583198.563 t=1925357093 W DAT 0x00 (CGRAM ref #0)
t_wall=1785583198.564 t=1925357146 W DAT 0x00 (CGRAM ref #0)
t_wall=1785583198.565 t=1925360992 W DAT 0x00 (CGRAM ref #0)
t_wall=1785583198.569 t=1925364811 W DAT 0x1F
t_wall=1785583198.573 t=1925368658 W DAT 0x00 (CGRAM ref #0)
t_wall=1785583198.577 t=1925372518 W DAT 0x00 (CGRAM ref #0)
t_wall=1785583198.581 t=1925376337 W DAT 0x06 (CGRAM ref #6)
t_wall=1785583198.581 t=1925376375 W DAT 0x00 (CGRAM ref #0)
t_wall=1785583198.586 t=1925381333 W CMD 0x0C [DISP_CTRL disp=1 cur=0 blink=0]
t_wall=1785583198.587 t=1925382696 W CMD 0x78 [SET_CGRAM 0x38]
t_wall=1785583198.587 t=1925382755 W DAT 0x07 (CGRAM ref #7)
t_wall=1785583198.588 t=1925382793 W DAT 0x07 (CGRAM ref #7)
t_wall=1785583198.588 t=1925382831 W DAT 0x0F
t_wall=1785583198.591 t=1925386663 W DAT 0x18
t_wall=1785583198.595 t=1925390480 W DAT 0x1F
t_wall=1785583198.598 t=1925394327 W DAT 0x19
t_wall=1785583198.602 t=1925398174 W DAT 0x19
t_wall=1785583198.606 t=1925402008 W DAT 0x1F
t_wall=1785583198.611 t=1925406899 W CMD 0x0C [DISP_CTRL disp=1 cur=0 blink=0]
t_wall=1785583198.650 t=1925445096 W CMD 0x50 [SET_CGRAM 0x10]
t_wall=1785583198.650 t=1925445154 W DAT 0x0A
t_wall=1785583198.651 t=1925445207 W DAT 0x0E
t_wall=1785583198.651 t=1925445260 W DAT 0x08
t_wall=1785583198.652 t=1925445313 W DAT 0x03 (CGRAM ref #3)
t_wall=1785583198.652 t=1925445352 W DAT 0x0C
t_wall=1785583198.652 t=1925445419 W DAT 0x0A
t_wall=1785583198.653 t=1925445472 W DAT 0x00 (CGRAM ref #0)
t_wall=1785583198.653 t=1925445525 W DAT 0x1A
t_wall=1785583198.654 t=1925447721 W CMD 0x58 [SET_CGRAM 0x18]
t_wall=1785583198.655 t=1925447809 W DAT 0x04 (CGRAM ref #4)
t_wall=1785583198.655 t=1925447847 W DAT 0x04 (CGRAM ref #4)
t_wall=1785583198.656 t=1925447885 W DAT 0x04 (CGRAM ref #4)
t_wall=1785583198.656 t=1925447924 W DAT 0x18
t_wall=1785583198.657 t=1925451184 W DAT 0x04 (CGRAM ref #4)
t_wall=1785583198.657 t=1925451222 W DAT 0x04 (CGRAM ref #4)
t_wall=1785583198.658 t=1925451260 W DAT 0x06 (CGRAM ref #6)
t_wall=1785583198.658 t=1925451298 W DAT 0x04 (CGRAM ref #4)
t_wall=1785583198.659 t=1925451478 W CMD 0x0C [DISP_CTRL disp=1 cur=0 blink=0]
t_wall=1785583198.727 t=1925522702 W CMD 0x50 [SET_CGRAM 0x10]
t_wall=1785583198.728 t=1925522745 W DAT 0x02 (CGRAM ref #2)
t_wall=1785583198.728 t=1925522784 W DAT 0x0E
t_wall=1785583198.728 t=1925522851 W DAT 0x08
t_wall=1785583198.728 t=1925522904 W DAT 0x0B
t_wall=1785583198.729 t=1925522971 W DAT 0x0C
t_wall=1785583198.729 t=1925523024 W DAT 0x02 (CGRAM ref #2)
t_wall=1785583198.730 t=1925523063 W DAT 0x00 (CGRAM ref #0)
t_wall=1785583198.730 t=1925523101 W DAT 0x12
t_wall=1785583198.731 t=1925523281 W CMD 0x0C [DISP_CTRL disp=1 cur=0 blink=0]
t_wall=1785583198.731 t=1925525531 W CMD 0x58 [SET_CGRAM 0x18]
t_wall=1785583198.732 t=1925525589 W DAT 0x00 (CGRAM ref #0)
t_wall=1785583198.732 t=1925525642 W DAT 0x00 (CGRAM ref #0)
t_wall=1785583198.734 t=1925529505 W DAT 0x00 (CGRAM ref #0)
t_wall=1785583198.737 t=1925533322 W DAT 0x1F
t_wall=1785583198.741 t=1925537139 W DAT 0x00 (CGRAM ref #0)
t_wall=1785583198.745 t=1925541016 W DAT 0x00 (CGRAM ref #0)
t_wall=1785583198.749 t=1925544851 W DAT 0x06 (CGRAM ref #6)
t_wall=1785583198.750 t=1925544889 W DAT 0x00 (CGRAM ref #0)
t_wall=1785583198.753 t=1925548485 W CMD 0x0C [DISP_CTRL disp=1 cur=0 blink=0]
t_wall=1785583198.808 t=1925603428 W CMD 0x50 [SET_CGRAM 0x10]
t_wall=1785583198.808 t=1925603487 W DAT 0x0A
t_wall=1785583198.808 t=1925603539 W DAT 0x0E
t_wall=1785583198.808 t=1925603592 W DAT 0x08
t_wall=1785583198.809 t=1925603645 W DAT 0x03 (CGRAM ref #3)
t_wall=1785583198.809 t=1925603683 W DAT 0x0C
t_wall=1785583198.809 t=1925603778 W DAT 0x02 (CGRAM ref #2)
t_wall=1785583198.810 t=1925603817 W DAT 0x00 (CGRAM ref #0)
t_wall=1785583198.810 t=1925603869 W DAT 0x12
t_wall=1785583198.811 t=1925604050 W CMD 0x0C [DISP_CTRL disp=1 cur=0 blink=0]
t_wall=1785583198.811 t=1925605397 W CMD 0x58 [SET_CGRAM 0x18]
t_wall=1785583198.811 t=1925605455 W DAT 0x04 (CGRAM ref #4)
t_wall=1785583198.812 t=1925605493 W DAT 0x04 (CGRAM ref #4)
t_wall=1785583198.812 t=1925605531 W DAT 0x04 (CGRAM ref #4)
t_wall=1785583198.812 t=1925605570 W DAT 0x18
t_wall=1785583198.814 t=1925609402 W DAT 0x04 (CGRAM ref #4)
t_wall=1785583198.814 t=1925609441 W DAT 0x04 (CGRAM ref #4)
t_wall=1785583198.814 t=1925609479 W DAT 0x06 (CGRAM ref #6)
t_wall=1785583198.815 t=1925609517 W DAT 0x04 (CGRAM ref #4)
t_wall=1785583198.815 t=1925609696 W CMD 0x0C [DISP_CTRL disp=1 cur=0 blink=0]
t_wall=1785583198.883 t=1925678838 W CMD 0x58 [SET_CGRAM 0x18]
t_wall=1785583198.883 t=1925678896 W DAT 0x00 (CGRAM ref #0)
t_wall=1785583198.884 t=1925678949 W DAT 0x00 (CGRAM ref #0)
t_wall=1785583198.887 t=1925682820 W DAT 0x00 (CGRAM ref #0)
t_wall=1785583198.891 t=1925686654 W DAT 0x1F
t_wall=1785583198.895 t=1925690501 W DAT 0x00 (CGRAM ref #0)
t_wall=1785583198.898 t=1925694316 W DAT 0x00 (CGRAM ref #0)
t_wall=1785583198.899 t=1925694355 W DAT 0x06 (CGRAM ref #6)
t_wall=1785583198.899 t=1925694393 W DAT 0x00 (CGRAM ref #0)
t_wall=1785583198.907 t=1925702791 W CMD 0x0C [DISP_CTRL disp=1 cur=0 blink=0]
t_wall=1785583198.957 t=1925753385 W CMD 0x58 [SET_CGRAM 0x18]
t_wall=1785583198.958 t=1925753486 W DAT 0x04 (CGRAM ref #4)
t_wall=1785583198.958 t=1925753524 W DAT 0x04 (CGRAM ref #4)
t_wall=1785583198.958 t=1925753562 W DAT 0x04 (CGRAM ref #4)
t_wall=1785583198.958 t=1925753600 W DAT 0x18
t_wall=1785583198.961 t=1925757415 W DAT 0x04 (CGRAM ref #4)
t_wall=1785583198.962 t=1925757453 W DAT 0x04 (CGRAM ref #4)
t_wall=1785583198.962 t=1925757491 W DAT 0x06 (CGRAM ref #6)
t_wall=1785583198.962 t=1925757529 W DAT 0x04 (CGRAM ref #4)
t_wall=1785583198.962 t=1925757710 W CMD 0x0C [DISP_CTRL disp=1 cur=0 blink=0]
t_wall=1785583199.042 t=1925837674 W CMD 0x58 [SET_CGRAM 0x18]
t_wall=1785583199.043 t=1925837732 W DAT 0x00 (CGRAM ref #0)
t_wall=1785583199.044 t=1925837785 W DAT 0x00 (CGRAM ref #0)
t_wall=1785583199.046 t=1925841634 W DAT 0x00 (CGRAM ref #0)
t_wall=1785583199.050 t=1925845469 W DAT 0x1F
t_wall=1785583199.054 t=1925849313 W DAT 0x00 (CGRAM ref #0)
t_wall=1785583199.057 t=1925853153 W DAT 0x00 (CGRAM ref #0)
t_wall=1785583199.061 t=1925857000 W DAT 0x06 (CGRAM ref #6)
t_wall=1785583199.062 t=1925857038 W DAT 0x00 (CGRAM ref #0)
t_wall=1785583199.065 t=1925860687 W CMD 0x0C [DISP_CTRL disp=1 cur=0 blink=0]
t_wall=1785583199.119 t=1925915130 W CMD 0x58 [SET_CGRAM 0x18]
t_wall=1785583199.120 t=1925915188 W DAT 0x04 (CGRAM ref #4)
t_wall=1785583199.120 t=1925915227 W DAT 0x04 (CGRAM ref #4)
t_wall=1785583199.121 t=1925915265 W DAT 0x04 (CGRAM ref #4)
t_wall=1785583199.121 t=1925915303 W DAT 0x18
t_wall=1785583199.123 t=1925919119 W DAT 0x04 (CGRAM ref #4)
t_wall=1785583199.124 t=1925919157 W DAT 0x04 (CGRAM ref #4)
t_wall=1785583199.124 t=1925919195 W DAT 0x06 (CGRAM ref #6)
t_wall=1785583199.125 t=1925919233 W DAT 0x04 (CGRAM ref #4)
t_wall=1785583199.125 t=1925919412 W CMD 0x0C [DISP_CTRL disp=1 cur=0 blink=0]
t_wall=1785583199.193 t=1925988553 W CMD 0x58 [SET_CGRAM 0x18]
t_wall=1785583199.193 t=1925988633 W DAT 0x00 (CGRAM ref #0)
t_wall=1785583199.193 t=1925988671 W DAT 0x00 (CGRAM ref #0)
t_wall=1785583199.194 t=1925988723 W DAT 0x00 (CGRAM ref #0)
t_wall=1785583199.196 t=1925992541 W DAT 0x1F
t_wall=1785583199.200 t=1925996356 W DAT 0x00 (CGRAM ref #0)
t_wall=1785583199.204 t=1926000234 W DAT 0x00 (CGRAM ref #0)
t_wall=1785583199.205 t=1926000272 W DAT 0x06 (CGRAM ref #6)
t_wall=1785583199.205 t=1926000310 W DAT 0x00 (CGRAM ref #0)
t_wall=1785583199.209 t=1926005279 W CMD 0x0C [DISP_CTRL disp=1 cur=0 blink=0]
t_wall=1785583199.273 t=1926069182 W CMD 0x58 [SET_CGRAM 0x18]
t_wall=1785583199.274 t=1926069241 W DAT 0x04 (CGRAM ref #4)
t_wall=1785583199.274 t=1926069279 W DAT 0x04 (CGRAM ref #4)
t_wall=1785583199.275 t=1926069317 W DAT 0x04 (CGRAM ref #4)
t_wall=1785583199.275 t=1926069355 W DAT 0x18
t_wall=1785583199.278 t=1926073199 W DAT 0x04 (CGRAM ref #4)
t_wall=1785583199.279 t=1926073237 W DAT 0x04 (CGRAM ref #4)
t_wall=1785583199.280 t=1926073275 W DAT 0x06 (CGRAM ref #6)
t_wall=1785583199.280 t=1926073313 W DAT 0x04 (CGRAM ref #4)
t_wall=1785583199.281 t=1926073493 W CMD 0x0C [DISP_CTRL disp=1 cur=0 blink=0]
t_wall=1785583199.347 t=1926142615 W CMD 0x58 [SET_CGRAM 0x18]
t_wall=1785583199.348 t=1926142674 W DAT 0x00 (CGRAM ref #0)
t_wall=1785583199.348 t=1926142726 W DAT 0x00 (CGRAM ref #0)
t_wall=1785583199.351 t=1926146609 W DAT 0x00 (CGRAM ref #0)
t_wall=1785583199.355 t=1926150427 W DAT 0x1F
t_wall=1785583199.358 t=1926154245 W DAT 0x00 (CGRAM ref #0)
t_wall=1785583199.362 t=1926158121 W DAT 0x00 (CGRAM ref #0)
t_wall=1785583199.366 t=1926161954 W DAT 0x06 (CGRAM ref #6)
t_wall=1785583199.367 t=1926161992 W DAT 0x00 (CGRAM ref #0)
t_wall=1785583199.371 t=1926166451 W CMD 0x0C [DISP_CTRL disp=1 cur=0 blink=0]
t_wall=1785583199.425 t=1926220935 W CMD 0x58 [SET_CGRAM 0x18]
t_wall=1785583199.426 t=1926220994 W DAT 0x04 (CGRAM ref #4)
t_wall=1785583199.426 t=1926221032 W DAT 0x04 (CGRAM ref #4)
t_wall=1785583199.426 t=1926221070 W DAT 0x04 (CGRAM ref #4)
t_wall=1785583199.427 t=1926221108 W DAT 0x18
t_wall=1785583199.429 t=1926224940 W DAT 0x04 (CGRAM ref #4)
t_wall=1785583199.429 t=1926224978 W DAT 0x04 (CGRAM ref #4)
t_wall=1785583199.430 t=1926225017 W DAT 0x06 (CGRAM ref #6)
t_wall=1785583199.430 t=1926225055 W DAT 0x04 (CGRAM ref #4)
t_wall=1785583199.431 t=1926225235 W CMD 0x0C [DISP_CTRL disp=1 cur=0 blink=0]
t_wall=1785583199.509 t=1926305209 W CMD 0x58 [SET_CGRAM 0x18]
t_wall=1785583199.510 t=1926305267 W DAT 0x00 (CGRAM ref #0)
t_wall=1785583199.510 t=1926305320 W DAT 0x00 (CGRAM ref #0)
t_wall=1785583199.513 t=1926309139 W DAT 0x00 (CGRAM ref #0)
t_wall=1785583199.517 t=1926312955 W DAT 0x1F
t_wall=1785583199.521 t=1926316832 W DAT 0x00 (CGRAM ref #0)
t_wall=1785583199.525 t=1926320668 W DAT 0x00 (CGRAM ref #0)
t_wall=1785583199.528 t=1926324483 W DAT 0x06 (CGRAM ref #6)
t_wall=1785583199.529 t=1926324521 W DAT 0x00 (CGRAM ref #0)
t_wall=1785583199.529 t=1926324701 W CMD 0x0C [DISP_CTRL disp=1 cur=0 blink=0]
t_wall=1785583199.587 t=1926382554 W CMD 0x58 [SET_CGRAM 0x18]
t_wall=1785583199.587 t=1926382613 W DAT 0x04 (CGRAM ref #4)
t_wall=1785583199.587 t=1926382674 W DAT 0x04 (CGRAM ref #4)
t_wall=1785583199.588 t=1926382713 W DAT 0x04 (CGRAM ref #4)
t_wall=1785583199.588 t=1926382751 W DAT 0x18
t_wall=1785583199.591 t=1926386583 W DAT 0x04 (CGRAM ref #4)
t_wall=1785583199.591 t=1926386621 W DAT 0x04 (CGRAM ref #4)
t_wall=1785583199.591 t=1926386659 W DAT 0x06 (CGRAM ref #6)
t_wall=1785583199.592 t=1926386697 W DAT 0x04 (CGRAM ref #4)
t_wall=1785583199.592 t=1926386941 W CMD 0x0C [DISP_CTRL disp=1 cur=0 blink=0]
t_wall=1785583199.661 t=1926456033 W CMD 0x58 [SET_CGRAM 0x18]
t_wall=1785583199.662 t=1926456120 W DAT 0x00 (CGRAM ref #0)
t_wall=1785583199.664 t=1926456173 W DAT 0x00 (CGRAM ref #0)
t_wall=1785583199.665 t=1926460023 W DAT 0x00 (CGRAM ref #0)
t_wall=1785583199.666 t=1926460061 W DAT 0x1F
t_wall=1785583199.669 t=1926463922 W DAT 0x00 (CGRAM ref #0)
t_wall=1785583199.673 t=1926467739 W DAT 0x00 (CGRAM ref #0)
t_wall=1785583199.676 t=1926471558 W DAT 0x06 (CGRAM ref #6)
t_wall=1785583199.678 t=1926471596 W DAT 0x00 (CGRAM ref #0)
t_wall=1785583199.680 t=1926475311 W CMD 0x0C [DISP_CTRL disp=1 cur=0 blink=0]
t_wall=1785583199.746 t=1926541424 W CMD 0x58 [SET_CGRAM 0x18]
t_wall=1785583199.746 t=1926541512 W DAT 0x04 (CGRAM ref #4)
t_wall=1785583199.746 t=1926541551 W DAT 0x04 (CGRAM ref #4)
t_wall=1785583199.747 t=1926541589 W DAT 0x04 (CGRAM ref #4)
t_wall=1785583199.747 t=1926541627 W DAT 0x18
t_wall=1785583199.750 t=1926545445 W DAT 0x04 (CGRAM ref #4)
t_wall=1785583199.750 t=1926545483 W DAT 0x04 (CGRAM ref #4)
t_wall=1785583199.750 t=1926545521 W DAT 0x06 (CGRAM ref #6)
t_wall=1785583199.751 t=1926545560 W DAT 0x04 (CGRAM ref #4)
t_wall=1785583199.751 t=1926545740 W CMD 0x0C [DISP_CTRL disp=1 cur=0 blink=0]
t_wall=1785583199.818 t=1926614009 W CMD 0x58 [SET_CGRAM 0x18]
t_wall=1785583199.819 t=1926614067 W DAT 0x00 (CGRAM ref #0)
t_wall=1785583199.819 t=1926614120 W DAT 0x00 (CGRAM ref #0)
t_wall=1785583199.822 t=1926617969 W DAT 0x00 (CGRAM ref #0)
t_wall=1785583199.826 t=1926621800 W DAT 0x1F
t_wall=1785583199.830 t=1926625645 W DAT 0x00 (CGRAM ref #0)
t_wall=1785583199.834 t=1926629464 W DAT 0x00 (CGRAM ref #0)
t_wall=1785583199.837 t=1926633312 W DAT 0x06 (CGRAM ref #6)
t_wall=1785583199.838 t=1926633350 W DAT 0x00 (CGRAM ref #0)
t_wall=1785583199.838 t=1926633558 W CMD 0x0C [DISP_CTRL disp=1 cur=0 blink=0]
t_wall=1785583199.907 t=1926703024 W CMD 0x58 [SET_CGRAM 0x18]
t_wall=1785583199.908 t=1926703111 W DAT 0x04 (CGRAM ref #4)
t_wall=1785583199.908 t=1926703149 W DAT 0x04 (CGRAM ref #4)
t_wall=1785583199.908 t=1926703187 W DAT 0x04 (CGRAM ref #4)
t_wall=1785583199.909 t=1926703226 W DAT 0x18
t_wall=1785583199.911 t=1926707043 W DAT 0x04 (CGRAM ref #4)
t_wall=1785583199.915 t=1926710888 W DAT 0x04 (CGRAM ref #4)
t_wall=1785583199.915 t=1926710926 W DAT 0x06 (CGRAM ref #6)
t_wall=1785583199.916 t=1926710964 W DAT 0x04 (CGRAM ref #4)
t_wall=1785583199.916 t=1926711166 W CMD 0x0C [DISP_CTRL disp=1 cur=0 blink=0]
t_wall=1785583199.974 t=1926769431 W CMD 0x58 [SET_CGRAM 0x18]
t_wall=1785583199.974 t=1926769490 W DAT 0x00 (CGRAM ref #0)
t_wall=1785583199.974 t=1926769543 W DAT 0x00 (CGRAM ref #0)
t_wall=1785583199.978 t=1926773387 W DAT 0x00 (CGRAM ref #0)
t_wall=1785583199.981 t=1926777235 W DAT 0x1F
t_wall=1785583199.985 t=1926781069 W DAT 0x00 (CGRAM ref #0)
t_wall=1785583199.989 t=1926784935 W DAT 0x00 (CGRAM ref #0)
t_wall=1785583199.993 t=1926788753 W DAT 0x06 (CGRAM ref #6)
t_wall=1785583199.994 t=1926788791 W DAT 0x00 (CGRAM ref #0)
t_wall=1785583199.994 t=1926788971 W CMD 0x0C [DISP_CTRL disp=1 cur=0 blink=0]
t_wall=1785583200.063 t=1926858561 W CMD 0x58 [SET_CGRAM 0x18]
t_wall=1785583200.063 t=1926858648 W DAT 0x04 (CGRAM ref #4)
t_wall=1785583200.063 t=1926858686 W DAT 0x04 (CGRAM ref #4)
t_wall=1785583200.063 t=1926858724 W DAT 0x04 (CGRAM ref #4)
t_wall=1785583200.063 t=1926858762 W DAT 0x18
t_wall=1785583200.067 t=1926862604 W DAT 0x04 (CGRAM ref #4)
t_wall=1785583200.067 t=1926862642 W DAT 0x04 (CGRAM ref #4)
t_wall=1785583200.067 t=1926862680 W DAT 0x06 (CGRAM ref #6)
t_wall=1785583200.067 t=1926862718 W DAT 0x04 (CGRAM ref #4)
t_wall=1785583200.068 t=1926862898 W CMD 0x0C [DISP_CTRL disp=1 cur=0 blink=0]
t_wall=1785583200.136 t=1926931999 W CMD 0x58 [SET_CGRAM 0x18]
t_wall=1785583200.137 t=1926932057 W DAT 0x00 (CGRAM ref #0)
t_wall=1785583200.137 t=1926932110 W DAT 0x00 (CGRAM ref #0)
t_wall=1785583200.140 t=1926935959 W DAT 0x00 (CGRAM ref #0)
t_wall=1785583200.144 t=1926939794 W DAT 0x1F
t_wall=1785583200.148 t=1926943639 W DAT 0x00 (CGRAM ref #0)
t_wall=1785583200.152 t=1926947456 W DAT 0x00 (CGRAM ref #0)
t_wall=1785583200.155 t=1926951305 W DAT 0x06 (CGRAM ref #6)
t_wall=1785583200.156 t=1926951343 W DAT 0x00 (CGRAM ref #0)
t_wall=1785583200.164 t=1926960068 W CMD 0x0C [DISP_CTRL disp=1 cur=0 blink=0]
t_wall=1785583200.214 t=1927009514 W CMD 0x58 [SET_CGRAM 0x18]
t_wall=1785583200.214 t=1927009572 W DAT 0x04 (CGRAM ref #4)
t_wall=1785583200.214 t=1927009610 W DAT 0x04 (CGRAM ref #4)
t_wall=1785583200.214 t=1927009649 W DAT 0x04 (CGRAM ref #4)
t_wall=1785583200.215 t=1927009687 W DAT 0x18
t_wall=1785583200.218 t=1927013535 W DAT 0x04 (CGRAM ref #4)
t_wall=1785583200.218 t=1927013573 W DAT 0x04 (CGRAM ref #4)
t_wall=1785583200.218 t=1927013611 W DAT 0x06 (CGRAM ref #6)
t_wall=1785583200.218 t=1927013649 W DAT 0x04 (CGRAM ref #4)
t_wall=1785583200.219 t=1927013829 W CMD 0x0C [DISP_CTRL disp=1 cur=0 blink=0]
t_wall=1785583200.298 t=1927093797 W CMD 0x58 [SET_CGRAM 0x18]
t_wall=1785583200.299 t=1927093855 W DAT 0x00 (CGRAM ref #0)
t_wall=1785583200.300 t=1927093908 W DAT 0x00 (CGRAM ref #0)
t_wall=1785583200.302 t=1927097741 W DAT 0x00 (CGRAM ref #0)
t_wall=1785583200.306 t=1927101585 W DAT 0x1F
t_wall=1785583200.310 t=1927105401 W DAT 0x00 (CGRAM ref #0)
t_wall=1785583200.313 t=1927109273 W DAT 0x00 (CGRAM ref #0)
t_wall=1785583200.317 t=1927113135 W DAT 0x06 (CGRAM ref #6)
t_wall=1785583200.318 t=1927113173 W DAT 0x00 (CGRAM ref #0)
t_wall=1785583200.318 t=1927113376 W CMD 0x0C [DISP_CTRL disp=1 cur=0 blink=0]
t_wall=1785583200.356 # ALIVE us=1927151641 ring_depth=0 drops=0
t_wall=1785583200.376 t=1927172088 W CMD 0x58 [SET_CGRAM 0x18]
t_wall=1785583200.377 t=1927172147 W DAT 0x04 (CGRAM ref #4)
t_wall=1785583200.377 t=1927172185 W DAT 0x04 (CGRAM ref #4)
t_wall=1785583200.378 t=1927172223 W DAT 0x04 (CGRAM ref #4)
t_wall=1785583200.378 t=1927172261 W DAT 0x18
t_wall=1785583200.380 t=1927176123 W DAT 0x04 (CGRAM ref #4)
t_wall=1785583200.381 t=1927176161 W DAT 0x04 (CGRAM ref #4)
t_wall=1785583200.381 t=1927176199 W DAT 0x06 (CGRAM ref #6)
t_wall=1785583200.382 t=1927176238 W DAT 0x04 (CGRAM ref #4)
t_wall=1785583200.382 t=1927176418 W CMD 0x0C [DISP_CTRL disp=1 cur=0 blink=0]
t_wall=1785583200.449 t=1927244607 W CMD 0x58 [SET_CGRAM 0x18]
t_wall=1785583200.449 t=1927244717 W DAT 0x00 (CGRAM ref #0)
t_wall=1785583200.453 t=1927248534 W DAT 0x00 (CGRAM ref #0)
t_wall=1785583200.453 t=1927248572 W DAT 0x00 (CGRAM ref #0)
t_wall=1785583200.456 t=1927252448 W DAT 0x1F
t_wall=1785583200.460 t=1927256282 W DAT 0x00 (CGRAM ref #0)
t_wall=1785583200.464 t=1927260126 W DAT 0x00 (CGRAM ref #0)
t_wall=1785583200.468 t=1927263942 W DAT 0x06 (CGRAM ref #6)
t_wall=1785583200.468 t=1927263980 W DAT 0x00 (CGRAM ref #0)
t_wall=1785583200.469 t=1927264160 W CMD 0x0C [DISP_CTRL disp=1 cur=0 blink=0]
t_wall=1785583200.527 t=1927322862 W CMD 0x58 [SET_CGRAM 0x18]
t_wall=1785583200.527 t=1927322921 W DAT 0x04 (CGRAM ref #4)
t_wall=1785583200.527 t=1927322959 W DAT 0x04 (CGRAM ref #4)
t_wall=1785583200.528 t=1927322997 W DAT 0x04 (CGRAM ref #4)
t_wall=1785583200.528 t=1927323036 W DAT 0x18
t_wall=1785583200.531 t=1927326881 W DAT 0x04 (CGRAM ref #4)
t_wall=1785583200.531 t=1927326920 W DAT 0x04 (CGRAM ref #4)
t_wall=1785583200.531 t=1927326958 W DAT 0x06 (CGRAM ref #6)
t_wall=1785583200.531 t=1927326996 W DAT 0x04 (CGRAM ref #4)
t_wall=1785583200.532 t=1927327176 W CMD 0x0C [DISP_CTRL disp=1 cur=0 blink=0]
t_wall=1785583200.616 t=1927407070 W CMD 0x58 [SET_CGRAM 0x18]
t_wall=1785583200.622 t=1927407129 W DAT 0x00 (CGRAM ref #0)
t_wall=1785583200.626 t=1927407182 W DAT 0x00 (CGRAM ref #0)
t_wall=1785583200.632 t=1927411059 W DAT 0x00 (CGRAM ref #0)
t_wall=1785583200.635 t=1927414891 W DAT 0x1F
t_wall=1785583200.641 t=1927418708 W DAT 0x00 (CGRAM ref #0)
t_wall=1785583200.647 t=1927422555 W DAT 0x00 (CGRAM ref #0)
t_wall=1785583200.650 t=1927426402 W DAT 0x06 (CGRAM ref #6)
t_wall=1785583200.656 t=1927426440 W DAT 0x00 (CGRAM ref #0)
t_wall=1785583200.662 t=1927430137 W CMD 0x0C [DISP_CTRL disp=1 cur=0 blink=0]
t_wall=1785583200.695 t=1927484571 W CMD 0x58 [SET_CGRAM 0x18]
t_wall=1785583200.701 t=1927484629 W DAT 0x04 (CGRAM ref #4)
t_wall=1785583200.706 t=1927484667 W DAT 0x04 (CGRAM ref #4)
t_wall=1785583200.711 t=1927484705 W DAT 0x04 (CGRAM ref #4)
t_wall=1785583200.715 t=1927484744 W DAT 0x18
t_wall=1785583200.720 t=1927488594 W DAT 0x04 (CGRAM ref #4)
t_wall=1785583200.726 t=1927488632 W DAT 0x04 (CGRAM ref #4)
t_wall=1785583200.732 t=1927488670 W DAT 0x06 (CGRAM ref #6)
t_wall=1785583200.738 t=1927488709 W DAT 0x04 (CGRAM ref #4)
t_wall=1785583200.745 t=1927488889 W CMD 0x0C [DISP_CTRL disp=1 cur=0 blink=0]
t_wall=1785583200.764 t=1927557980 W CMD 0x58 [SET_CGRAM 0x18]
t_wall=1785583200.767 t=1927558067 W DAT 0x00 (CGRAM ref #0)
t_wall=1785583200.772 t=1927558120 W DAT 0x00 (CGRAM ref #0)
t_wall=1785583200.775 t=1927561936 W DAT 0x00 (CGRAM ref #0)
t_wall=1785583200.776 t=1927565755 W DAT 0x1F
t_wall=1785583200.779 t=1927569629 W DAT 0x00 (CGRAM ref #0)
t_wall=1785583200.781 t=1927573464 W DAT 0x00 (CGRAM ref #0)
t_wall=1785583200.783 t=1927577282 W DAT 0x06 (CGRAM ref #6)
t_wall=1785583200.786 t=1927577320 W DAT 0x00 (CGRAM ref #0)
t_wall=1785583200.790 t=1927577500 W CMD 0x0C [DISP_CTRL disp=1 cur=0 blink=0]
t_wall=1785583200.851 t=1927647062 W CMD 0x58 [SET_CGRAM 0x18]
t_wall=1785583200.852 t=1927647121 W DAT 0x04 (CGRAM ref #4)
t_wall=1785583200.853 t=1927647159 W DAT 0x04 (CGRAM ref #4)
t_wall=1785583200.854 t=1927647197 W DAT 0x04 (CGRAM ref #4)
t_wall=1785583200.854 t=1927647235 W DAT 0x18
t_wall=1785583200.855 t=1927651091 W DAT 0x04 (CGRAM ref #4)
t_wall=1785583200.856 t=1927651129 W DAT 0x04 (CGRAM ref #4)
t_wall=1785583200.857 t=1927651167 W DAT 0x06 (CGRAM ref #6)
t_wall=1785583200.857 t=1927651206 W DAT 0x04 (CGRAM ref #4)
t_wall=1785583200.858 t=1927651386 W CMD 0x0C [DISP_CTRL disp=1 cur=0 blink=0]
t_wall=1785583200.927 t=1927723087 W CMD 0x58 [SET_CGRAM 0x18]
t_wall=1785583200.928 t=1927723146 W DAT 0x00 (CGRAM ref #0)
t_wall=1785583200.928 t=1927723198 W DAT 0x00 (CGRAM ref #0)
t_wall=1785583200.931 t=1927727096 W DAT 0x00 (CGRAM ref #0)
t_wall=1785583200.935 t=1927730929 W DAT 0x1F
t_wall=1785583200.939 t=1927734747 W DAT 0x00 (CGRAM ref #0)
t_wall=1785583200.939 t=1927734785 W DAT 0x00 (CGRAM ref #0)
t_wall=1785583200.943 t=1927738629 W DAT 0x06 (CGRAM ref #6)
t_wall=1785583200.943 t=1927738668 W DAT 0x00 (CGRAM ref #0)
t_wall=1785583200.944 t=1927738847 W CMD 0x0C [DISP_CTRL disp=1 cur=0 blink=0]
t_wall=1785583201.001 t=1927796771 W CMD 0x58 [SET_CGRAM 0x18]
t_wall=1785583201.002 t=1927796858 W DAT 0x04 (CGRAM ref #4)
t_wall=1785583201.002 t=1927796896 W DAT 0x04 (CGRAM ref #4)
t_wall=1785583201.003 t=1927796935 W DAT 0x04 (CGRAM ref #4)
t_wall=1785583201.004 t=1927796973 W DAT 0x18
t_wall=1785583201.005 t=1927800789 W DAT 0x04 (CGRAM ref #4)
t_wall=1785583201.006 t=1927800827 W DAT 0x04 (CGRAM ref #4)
t_wall=1785583201.007 t=1927800888 W DAT 0x06 (CGRAM ref #6)
t_wall=1785583201.007 t=1927800926 W DAT 0x04 (CGRAM ref #4)
t_wall=1785583201.008 t=1927801107 W CMD 0x0C [DISP_CTRL disp=1 cur=0 blink=0]
t_wall=1785583201.075 t=1927870214 W CMD 0x58 [SET_CGRAM 0x18]
t_wall=1785583201.075 t=1927870272 W DAT 0x00 (CGRAM ref #0)
t_wall=1785583201.076 t=1927870325 W DAT 0x00 (CGRAM ref #0)
t_wall=1785583201.078 t=1927874160 W DAT 0x00 (CGRAM ref #0)
t_wall=1785583201.078 t=1927874198 W DAT 0x1F
t_wall=1785583201.082 t=1927878042 W DAT 0x00 (CGRAM ref #0)
t_wall=1785583201.086 t=1927881859 W DAT 0x00 (CGRAM ref #0)
t_wall=1785583201.086 t=1927881897 W DAT 0x06 (CGRAM ref #6)
t_wall=1785583201.087 t=1927881935 W DAT 0x00 (CGRAM ref #0)
t_wall=1785583201.087 t=1927882116 W CMD 0x0C [DISP_CTRL disp=1 cur=0 blink=0]
t_wall=1785583201.155 t=1927950830 W CMD 0x58 [SET_CGRAM 0x18]
t_wall=1785583201.155 t=1927950889 W DAT 0x04 (CGRAM ref #4)
t_wall=1785583201.156 t=1927950928 W DAT 0x04 (CGRAM ref #4)
t_wall=1785583201.156 t=1927950966 W DAT 0x04 (CGRAM ref #4)
t_wall=1785583201.156 t=1927951004 W DAT 0x18
t_wall=1785583201.159 t=1927954843 W DAT 0x04 (CGRAM ref #4)
t_wall=1785583201.159 t=1927954881 W DAT 0x04 (CGRAM ref #4)
t_wall=1785583201.160 t=1927954919 W DAT 0x06 (CGRAM ref #6)
t_wall=1785583201.160 t=1927954958 W DAT 0x04 (CGRAM ref #4)
t_wall=1785583201.160 t=1927955138 W CMD 0x0C [DISP_CTRL disp=1 cur=0 blink=0]
t_wall=1785583201.229 t=1928024280 W CMD 0x58 [SET_CGRAM 0x18]
t_wall=1785583201.229 t=1928024338 W DAT 0x00 (CGRAM ref #0)
t_wall=1785583201.230 t=1928024420 W DAT 0x00 (CGRAM ref #0)
t_wall=1785583201.232 t=1928028271 W DAT 0x00 (CGRAM ref #0)
t_wall=1785583201.236 t=1928032102 W DAT 0x1F
t_wall=1785583201.240 t=1928035947 W DAT 0x00 (CGRAM ref #0)
t_wall=1785583201.244 t=1928039766 W DAT 0x00 (CGRAM ref #0)
t_wall=1785583201.248 t=1928043613 W DAT 0x06 (CGRAM ref #6)
t_wall=1785583201.248 t=1928043652 W DAT 0x00 (CGRAM ref #0)
t_wall=1785583201.249 t=1928043832 W CMD 0x0C [DISP_CTRL disp=1 cur=0 blink=0]
t_wall=1785583201.319 t=1928113366 W CMD 0x58 [SET_CGRAM 0x18]
t_wall=1785583201.320 t=1928113425 W DAT 0x04 (CGRAM ref #4)
t_wall=1785583201.322 t=1928113463 W DAT 0x04 (CGRAM ref #4)
t_wall=1785583201.323 t=1928113501 W DAT 0x04 (CGRAM ref #4)
t_wall=1785583201.324 t=1928113539 W DAT 0x18
t_wall=1785583201.325 t=1928117358 W DAT 0x04 (CGRAM ref #4)
t_wall=1785583201.326 t=1928117396 W DAT 0x04 (CGRAM ref #4)
t_wall=1785583201.327 t=1928117434 W DAT 0x06 (CGRAM ref #6)
t_wall=1785583201.328 t=1928117472 W DAT 0x04 (CGRAM ref #4)
t_wall=1785583201.330 t=1928117653 W CMD 0x0C [DISP_CTRL disp=1 cur=0 blink=0]
t_wall=1785583201.391 t=1928186771 W CMD 0x58 [SET_CGRAM 0x18]
t_wall=1785583201.392 t=1928186829 W DAT 0x00 (CGRAM ref #0)
t_wall=1785583201.393 t=1928186882 W DAT 0x00 (CGRAM ref #0)
t_wall=1785583201.395 t=1928190717 W DAT 0x00 (CGRAM ref #0)
t_wall=1785583201.399 t=1928194563 W DAT 0x1F
t_wall=1785583201.403 t=1928198379 W DAT 0x00 (CGRAM ref #0)
t_wall=1785583201.406 t=1928202227 W DAT 0x00 (CGRAM ref #0)
t_wall=1785583201.410 t=1928206090 W DAT 0x06 (CGRAM ref #6)
t_wall=1785583201.411 t=1928206128 W DAT 0x00 (CGRAM ref #0)
t_wall=1785583201.414 t=1928209744 W CMD 0x0C [DISP_CTRL disp=1 cur=0 blink=0]
t_wall=1785583201.469 t=1928264154 W CMD 0x58 [SET_CGRAM 0x18]
t_wall=1785583201.469 t=1928264213 W DAT 0x04 (CGRAM ref #4)
t_wall=1785583201.470 t=1928264251 W DAT 0x04 (CGRAM ref #4)
t_wall=1785583201.470 t=1928264290 W DAT 0x04 (CGRAM ref #4)
t_wall=1785583201.471 t=1928264328 W DAT 0x18
t_wall=1785583201.472 t=1928268161 W DAT 0x04 (CGRAM ref #4)
t_wall=1785583201.473 t=1928268199 W DAT 0x04 (CGRAM ref #4)
t_wall=1785583201.474 t=1928268237 W DAT 0x06 (CGRAM ref #6)
t_wall=1785583201.474 t=1928268275 W DAT 0x04 (CGRAM ref #4)
t_wall=1785583201.475 t=1928268484 W CMD 0x0C [DISP_CTRL disp=1 cur=0 blink=0]
t_wall=1785583201.542 t=1928337513 W CMD 0x58 [SET_CGRAM 0x18]
t_wall=1785583201.542 t=1928337571 W DAT 0x00 (CGRAM ref #0)
t_wall=1785583201.542 t=1928337624 W DAT 0x00 (CGRAM ref #0)
t_wall=1785583201.545 t=1928341439 W DAT 0x00 (CGRAM ref #0)
t_wall=1785583201.549 t=1928345315 W DAT 0x1F
t_wall=1785583201.550 t=1928346157 W DAT 0x00 (CGRAM ref #0)
t_wall=1785583201.550 t=1928346195 W DAT 0x00 (CGRAM ref #0)
t_wall=1785583201.554 t=1928349972 W DAT 0x06 (CGRAM ref #6)
t_wall=1785583201.554 t=1928350010 W DAT 0x00 (CGRAM ref #0)
t_wall=1785583201.565 t=1928361400 W CMD 0x0C [DISP_CTRL disp=1 cur=0 blink=0]
t_wall=1785583201.624 t=1928419170 W CMD 0x58 [SET_CGRAM 0x18]
t_wall=1785583201.624 t=1928419229 W DAT 0x04 (CGRAM ref #4)
t_wall=1785583201.625 t=1928419267 W DAT 0x04 (CGRAM ref #4)
t_wall=1785583201.626 t=1928419305 W DAT 0x04 (CGRAM ref #4)
t_wall=1785583201.627 t=1928419343 W DAT 0x18
t_wall=1785583201.629 t=1928423191 W DAT 0x04 (CGRAM ref #4)
t_wall=1785583201.631 t=1928423229 W DAT 0x04 (CGRAM ref #4)
t_wall=1785583201.636 t=1928423267 W DAT 0x06 (CGRAM ref #6)
t_wall=1785583201.642 t=1928423306 W DAT 0x04 (CGRAM ref #4)
t_wall=1785583201.652 t=1928423486 W CMD 0x0C [DISP_CTRL disp=1 cur=0 blink=0]
t_wall=1785583201.711 t=1928503392 W CMD 0x58 [SET_CGRAM 0x18]
t_wall=1785583201.716 t=1928503451 W DAT 0x00 (CGRAM ref #0)
t_wall=1785583201.719 t=1928503504 W DAT 0x00 (CGRAM ref #0)
t_wall=1785583201.722 t=1928507337 W DAT 0x00 (CGRAM ref #0)
t_wall=1785583201.724 t=1928511153 W DAT 0x1F
t_wall=1785583201.727 t=1928514998 W DAT 0x00 (CGRAM ref #0)
t_wall=1785583201.729 t=1928518849 W DAT 0x00 (CGRAM ref #0)
t_wall=1785583201.731 t=1928522680 W DAT 0x06 (CGRAM ref #6)
t_wall=1785583201.733 t=1928522718 W DAT 0x00 (CGRAM ref #0)
t_wall=1785583201.739 t=1928532793 W CMD 0x0C [DISP_CTRL disp=1 cur=0 blink=0]
t_wall=1785583201.785 t=1928580993 W CMD 0x58 [SET_CGRAM 0x18]
t_wall=1785583201.786 t=1928581051 W DAT 0x04 (CGRAM ref #4)
t_wall=1785583201.786 t=1928581090 W DAT 0x04 (CGRAM ref #4)
t_wall=1785583201.787 t=1928581128 W DAT 0x04 (CGRAM ref #4)
t_wall=1785583201.787 t=1928581166 W DAT 0x18
t_wall=1785583201.789 t=1928585016 W DAT 0x04 (CGRAM ref #4)
t_wall=1785583201.790 t=1928585054 W DAT 0x04 (CGRAM ref #4)
t_wall=1785583201.791 t=1928585092 W DAT 0x06 (CGRAM ref #6)
t_wall=1785583201.791 t=1928585131 W DAT 0x04 (CGRAM ref #4)
t_wall=1785583201.792 t=1928585311 W CMD 0x0C [DISP_CTRL disp=1 cur=0 blink=0]
t_wall=1785583201.858 t=1928654356 W CMD 0x58 [SET_CGRAM 0x18]
t_wall=1785583201.859 t=1928654415 W DAT 0x00 (CGRAM ref #0)
t_wall=1785583201.859 t=1928654468 W DAT 0x00 (CGRAM ref #0)
t_wall=1785583201.862 t=1928658284 W DAT 0x00 (CGRAM ref #0)
t_wall=1785583201.866 t=1928662162 W DAT 0x1F
t_wall=1785583201.870 t=1928665994 W DAT 0x00 (CGRAM ref #0)
t_wall=1785583201.874 t=1928669811 W DAT 0x00 (CGRAM ref #0)
t_wall=1785583201.875 t=1928669849 W DAT 0x06 (CGRAM ref #6)
t_wall=1785583201.876 t=1928669887 W DAT 0x00 (CGRAM ref #0)
t_wall=1785583201.878 t=1928673573 W CMD 0x0C [DISP_CTRL disp=1 cur=0 blink=0]
t_wall=1785583201.943 t=1928738839 W CMD 0x58 [SET_CGRAM 0x18]
t_wall=1785583201.944 t=1928738898 W DAT 0x04 (CGRAM ref #4)
t_wall=1785583201.945 t=1928738936 W DAT 0x04 (CGRAM ref #4)
t_wall=1785583201.945 t=1928738974 W DAT 0x04 (CGRAM ref #4)
t_wall=1785583201.946 t=1928739012 W DAT 0x18
t_wall=1785583201.947 t=1928742844 W DAT 0x04 (CGRAM ref #4)
t_wall=1785583201.948 t=1928742882 W DAT 0x04 (CGRAM ref #4)
t_wall=1785583201.948 t=1928742943 W DAT 0x06 (CGRAM ref #6)
t_wall=1785583201.949 t=1928742981 W DAT 0x04 (CGRAM ref #4)
t_wall=1785583201.950 t=1928743162 W CMD 0x0C [DISP_CTRL disp=1 cur=0 blink=0]
t_wall=1785583202.016 t=1928812264 W CMD 0x58 [SET_CGRAM 0x18]
t_wall=1785583202.017 t=1928812322 W DAT 0x00 (CGRAM ref #0)
t_wall=1785583202.017 t=1928812360 W DAT 0x00 (CGRAM ref #0)
t_wall=1785583202.018 t=1928812414 W DAT 0x00 (CGRAM ref #0)
t_wall=1785583202.020 t=1928816232 W DAT 0x1F
t_wall=1785583202.024 t=1928820079 W DAT 0x00 (CGRAM ref #0)
t_wall=1785583202.028 t=1928823942 W DAT 0x00 (CGRAM ref #0)
t_wall=1785583202.028 t=1928823980 W DAT 0x06 (CGRAM ref #6)
t_wall=1785583202.029 t=1928824018 W DAT 0x00 (CGRAM ref #0)
t_wall=1785583202.032 t=1928827694 W CMD 0x0C [DISP_CTRL disp=1 cur=0 blink=0]
t_wall=1785583202.098 t=1928893459 W CMD 0x58 [SET_CGRAM 0x18]
t_wall=1785583202.098 t=1928893518 W DAT 0x04 (CGRAM ref #4)
t_wall=1785583202.099 t=1928893556 W DAT 0x04 (CGRAM ref #4)
t_wall=1785583202.099 t=1928893594 W DAT 0x04 (CGRAM ref #4)
t_wall=1785583202.099 t=1928893632 W DAT 0x18
t_wall=1785583202.102 t=1928897508 W DAT 0x04 (CGRAM ref #4)
t_wall=1785583202.102 t=1928897546 W DAT 0x04 (CGRAM ref #4)
t_wall=1785583202.102 t=1928897584 W DAT 0x06 (CGRAM ref #6)
t_wall=1785583202.103 t=1928897623 W DAT 0x04 (CGRAM ref #4)
t_wall=1785583202.104 t=1928897803 W CMD 0x0C [DISP_CTRL disp=1 cur=0 blink=0]
t_wall=1785583202.171 t=1928966785 W CMD 0x58 [SET_CGRAM 0x18]
t_wall=1785583202.171 t=1928966858 W DAT 0x00 (CGRAM ref #0)
t_wall=1785583202.172 t=1928966911 W DAT 0x00 (CGRAM ref #0)
t_wall=1785583202.175 t=1928970778 W DAT 0x00 (CGRAM ref #0)
t_wall=1785583202.178 t=1928974596 W DAT 0x1F
t_wall=1785583202.182 t=1928978447 W DAT 0x00 (CGRAM ref #0)
t_wall=1785583202.186 t=1928982307 W DAT 0x00 (CGRAM ref #0)
t_wall=1785583202.190 t=1928986124 W DAT 0x06 (CGRAM ref #6)
t_wall=1785583202.190 t=1928986162 W DAT 0x00 (CGRAM ref #0)
t_wall=1785583202.199 t=1928994484 W CMD 0x0C [DISP_CTRL disp=1 cur=0 blink=0]
t_wall=1785583202.249 t=1929045144 W CMD 0x58 [SET_CGRAM 0x18]
t_wall=1785583202.249 t=1929045203 W DAT 0x04 (CGRAM ref #4)
t_wall=1785583202.250 t=1929045241 W DAT 0x04 (CGRAM ref #4)
t_wall=1785583202.250 t=1929045279 W DAT 0x04 (CGRAM ref #4)
t_wall=1785583202.250 t=1929045318 W DAT 0x18
t_wall=1785583202.253 t=1929049135 W DAT 0x04 (CGRAM ref #4)
t_wall=1785583202.253 t=1929049173 W DAT 0x04 (CGRAM ref #4)
t_wall=1785583202.254 t=1929049211 W DAT 0x06 (CGRAM ref #6)
t_wall=1785583202.254 t=1929049249 W DAT 0x04 (CGRAM ref #4)
t_wall=1785583202.254 t=1929049429 W CMD 0x0C [DISP_CTRL disp=1 cur=0 blink=0]
t_wall=1785583202.335 t=1929129293 W CMD 0x58 [SET_CGRAM 0x18]
t_wall=1785583202.337 t=1929129351 W DAT 0x00 (CGRAM ref #0)
t_wall=1785583202.339 t=1929129404 W DAT 0x00 (CGRAM ref #0)
t_wall=1785583202.340 t=1929133223 W DAT 0x00 (CGRAM ref #0)
t_wall=1785583202.341 t=1929137091 W DAT 0x1F
t_wall=1785583202.346 t=1929140954 W DAT 0x00 (CGRAM ref #0)
t_wall=1785583202.350 t=1929144770 W DAT 0x00 (CGRAM ref #0)
t_wall=1785583202.353 t=1929148587 W DAT 0x06 (CGRAM ref #6)
t_wall=1785583202.355 t=1929148625 W DAT 0x00 (CGRAM ref #0)
t_wall=1785583202.356 # ALIVE us=1929151688 ring_depth=0 drops=0
t_wall=1785583202.358 t=1929153558 W CMD 0x0C [DISP_CTRL disp=1 cur=0 blink=0]
t_wall=1785583202.412 t=1929207552 W CMD 0x58 [SET_CGRAM 0x18]
t_wall=1785583202.412 t=1929207610 W DAT 0x04 (CGRAM ref #4)
t_wall=1785583202.413 t=1929207648 W DAT 0x04 (CGRAM ref #4)
t_wall=1785583202.413 t=1929207686 W DAT 0x04 (CGRAM ref #4)
t_wall=1785583202.413 t=1929207725 W DAT 0x18
t_wall=1785583202.416 t=1929211543 W DAT 0x04 (CGRAM ref #4)
t_wall=1785583202.416 t=1929211581 W DAT 0x04 (CGRAM ref #4)
t_wall=1785583202.416 t=1929211619 W DAT 0x06 (CGRAM ref #6)
t_wall=1785583202.417 t=1929211657 W DAT 0x04 (CGRAM ref #4)
t_wall=1785583202.418 t=1929211837 W CMD 0x0C [DISP_CTRL disp=1 cur=0 blink=0]
t_wall=1785583202.484 t=1929280106 W CMD 0x58 [SET_CGRAM 0x18]
t_wall=1785583202.484 t=1929280164 W DAT 0x00 (CGRAM ref #0)
t_wall=1785583202.485 t=1929280274 W DAT 0x00 (CGRAM ref #0)
t_wall=1785583202.488 t=1929284051 W DAT 0x00 (CGRAM ref #0)
t_wall=1785583202.488 t=1929284089 W DAT 0x1F
t_wall=1785583202.492 t=1929287932 W DAT 0x00 (CGRAM ref #0)
t_wall=1785583202.496 t=1929291750 W DAT 0x00 (CGRAM ref #0)
t_wall=1785583202.499 t=1929295598 W DAT 0x06 (CGRAM ref #6)
t_wall=1785583202.500 t=1929295637 W DAT 0x00 (CGRAM ref #0)
t_wall=1785583202.503 t=1929299335 W CMD 0x0C [DISP_CTRL disp=1 cur=0 blink=0]
t_wall=1785583202.569 t=1929365347 W CMD 0x58 [SET_CGRAM 0x18]
t_wall=1785583202.570 t=1929365406 W DAT 0x04 (CGRAM ref #4)
t_wall=1785583202.573 t=1929365444 W DAT 0x04 (CGRAM ref #4)
t_wall=1785583202.573 t=1929365482 W DAT 0x04 (CGRAM ref #4)
t_wall=1785583202.574 t=1929365521 W DAT 0x18
t_wall=1785583202.574 t=1929369339 W DAT 0x04 (CGRAM ref #4)
t_wall=1785583202.575 t=1929369377 W DAT 0x04 (CGRAM ref #4)
t_wall=1785583202.575 t=1929369415 W DAT 0x06 (CGRAM ref #6)
t_wall=1785583202.575 t=1929369453 W DAT 0x04 (CGRAM ref #4)
t_wall=1785583202.576 t=1929369633 W CMD 0x0C [DISP_CTRL disp=1 cur=0 blink=0]
t_wall=1785583202.642 t=1929437824 W CMD 0x58 [SET_CGRAM 0x18]
t_wall=1785583202.643 t=1929437882 W DAT 0x00 (CGRAM ref #0)
t_wall=1785583202.643 t=1929437935 W DAT 0x00 (CGRAM ref #0)
t_wall=1785583202.646 t=1929441770 W DAT 0x00 (CGRAM ref #0)
t_wall=1785583202.649 t=1929445586 W DAT 0x1F
t_wall=1785583202.654 t=1929449432 W DAT 0x00 (CGRAM ref #0)
t_wall=1785583202.657 t=1929453283 W DAT 0x00 (CGRAM ref #0)
t_wall=1785583202.658 t=1929453321 W DAT 0x06 (CGRAM ref #6)
t_wall=1785583202.658 t=1929453359 W DAT 0x00 (CGRAM ref #0)
t_wall=1785583202.662 t=1929457048 W CMD 0x0C [DISP_CTRL disp=1 cur=0 blink=0]
t_wall=1785583202.727 t=1929523085 W CMD 0x58 [SET_CGRAM 0x18]
t_wall=1785583202.728 t=1929523143 W DAT 0x04 (CGRAM ref #4)
t_wall=1785583202.728 t=1929523181 W DAT 0x04 (CGRAM ref #4)
t_wall=1785583202.729 t=1929523220 W DAT 0x04 (CGRAM ref #4)
t_wall=1785583202.729 t=1929523258 W DAT 0x18
t_wall=1785583202.731 t=1929527076 W DAT 0x04 (CGRAM ref #4)
t_wall=1785583202.732 t=1929527114 W DAT 0x04 (CGRAM ref #4)
t_wall=1785583202.732 t=1929527152 W DAT 0x06 (CGRAM ref #6)
t_wall=1785583202.732 t=1929527191 W DAT 0x04 (CGRAM ref #4)
t_wall=1785583202.733 t=1929527371 W CMD 0x0C [DISP_CTRL disp=1 cur=0 blink=0]
t_wall=1785583202.800 t=1929595549 W CMD 0x58 [SET_CGRAM 0x18]
t_wall=1785583202.802 t=1929595607 W DAT 0x00 (CGRAM ref #0)
t_wall=1785583202.802 t=1929595645 W DAT 0x00 (CGRAM ref #0)
t_wall=1785583202.803 t=1929595698 W DAT 0x00 (CGRAM ref #0)
t_wall=1785583202.804 t=1929599532 W DAT 0x1F
t_wall=1785583202.807 t=1929603347 W DAT 0x00 (CGRAM ref #0)
t_wall=1785583202.811 t=1929607193 W DAT 0x00 (CGRAM ref #0)
t_wall=1785583202.815 t=1929611044 W DAT 0x06 (CGRAM ref #6)
t_wall=1785583202.815 t=1929611082 W DAT 0x00 (CGRAM ref #0)
t_wall=1785583202.816 t=1929611283 W CMD 0x0C [DISP_CTRL disp=1 cur=0 blink=0]
t_wall=1785583202.885 t=1929680805 W CMD 0x58 [SET_CGRAM 0x18]
t_wall=1785583202.885 t=1929680864 W DAT 0x04 (CGRAM ref #4)
t_wall=1785583202.886 t=1929680924 W DAT 0x04 (CGRAM ref #4)
t_wall=1785583202.886 t=1929680962 W DAT 0x04 (CGRAM ref #4)
t_wall=1785583202.886 t=1929681000 W DAT 0x18
t_wall=1785583202.889 t=1929684819 W DAT 0x04 (CGRAM ref #4)
t_wall=1785583202.889 t=1929684857 W DAT 0x04 (CGRAM ref #4)
t_wall=1785583202.890 t=1929684895 W DAT 0x06 (CGRAM ref #6)
t_wall=1785583202.890 t=1929684933 W DAT 0x04 (CGRAM ref #4)
t_wall=1785583202.891 t=1929685134 W CMD 0x0C [DISP_CTRL disp=1 cur=0 blink=0]
t_wall=1785583202.958 t=1929754196 W CMD 0x58 [SET_CGRAM 0x18]
t_wall=1785583202.959 t=1929754255 W DAT 0x00 (CGRAM ref #0)
t_wall=1785583202.960 t=1929754307 W DAT 0x00 (CGRAM ref #0)
t_wall=1785583202.962 t=1929758169 W DAT 0x00 (CGRAM ref #0)
t_wall=1785583202.966 t=1929761987 W DAT 0x1F
t_wall=1785583202.970 t=1929765831 W DAT 0x00 (CGRAM ref #0)
t_wall=1785583202.974 t=1929769679 W DAT 0x00 (CGRAM ref #0)
t_wall=1785583202.974 t=1929769717 W DAT 0x06 (CGRAM ref #6)
t_wall=1785583202.975 t=1929769755 W DAT 0x00 (CGRAM ref #0)
t_wall=1785583202.978 t=1929773389 W CMD 0x0C [DISP_CTRL disp=1 cur=0 blink=0]
t_wall=1785583203.032 t=1929827681 W CMD 0x58 [SET_CGRAM 0x18]
t_wall=1785583203.032 t=1929827740 W DAT 0x04 (CGRAM ref #4)
t_wall=1785583203.033 t=1929827778 W DAT 0x04 (CGRAM ref #4)
t_wall=1785583203.033 t=1929827816 W DAT 0x04 (CGRAM ref #4)
t_wall=1785583203.034 t=1929827855 W DAT 0x18
t_wall=1785583203.036 t=1929831730 W DAT 0x04 (CGRAM ref #4)
t_wall=1785583203.036 t=1929831768 W DAT 0x04 (CGRAM ref #4)
t_wall=1785583203.037 t=1929831807 W DAT 0x06 (CGRAM ref #6)
t_wall=1785583203.037 t=1929831845 W DAT 0x04 (CGRAM ref #4)
t_wall=1785583203.038 t=1929832025 W CMD 0x0C [DISP_CTRL disp=1 cur=0 blink=0]
t_wall=1785583203.116 t=1929911894 W CMD 0x58 [SET_CGRAM 0x18]
t_wall=1785583203.116 t=1929911981 W DAT 0x00 (CGRAM ref #0)
t_wall=1785583203.117 t=1929912034 W DAT 0x00 (CGRAM ref #0)
t_wall=1785583203.120 t=1929915896 W DAT 0x00 (CGRAM ref #0)
t_wall=1785583203.124 t=1929919714 W DAT 0x1F
t_wall=1785583203.127 t=1929923529 W DAT 0x00 (CGRAM ref #0)
t_wall=1785583203.131 t=1929927406 W DAT 0x00 (CGRAM ref #0)
t_wall=1785583203.135 t=1929931240 W DAT 0x06 (CGRAM ref #6)
t_wall=1785583203.136 t=1929931299 W DAT 0x00 (CGRAM ref #0)
t_wall=1785583203.143 t=1929938744 W CMD 0x0C [DISP_CTRL disp=1 cur=0 blink=0]
t_wall=1785583203.195 t=1929989414 W CMD 0x58 [SET_CGRAM 0x18]
t_wall=1785583203.196 t=1929989472 W DAT 0x04 (CGRAM ref #4)
t_wall=1785583203.197 t=1929989511 W DAT 0x04 (CGRAM ref #4)
t_wall=1785583203.199 t=1929989549 W DAT 0x04 (CGRAM ref #4)
t_wall=1785583203.200 t=1929989587 W DAT 0x18
t_wall=1785583203.201 t=1929993422 W DAT 0x04 (CGRAM ref #4)
t_wall=1785583203.202 t=1929993460 W DAT 0x04 (CGRAM ref #4)
t_wall=1785583203.203 t=1929993498 W DAT 0x06 (CGRAM ref #6)
t_wall=1785583203.204 t=1929993536 W DAT 0x04 (CGRAM ref #4)
t_wall=1785583203.205 t=1929993716 W CMD 0x0C [DISP_CTRL disp=1 cur=0 blink=0]
t_wall=1785583203.267 t=1930062802 W CMD 0x58 [SET_CGRAM 0x18]
t_wall=1785583203.268 t=1930062889 W DAT 0x00 (CGRAM ref #0)
t_wall=1785583203.268 t=1930062942 W DAT 0x00 (CGRAM ref #0)
t_wall=1785583203.271 t=1930066782 W DAT 0x00 (CGRAM ref #0)
t_wall=1785583203.274 t=1930070629 W DAT 0x1F
t_wall=1785583203.279 t=1930074491 W DAT 0x00 (CGRAM ref #0)
t_wall=1785583203.282 t=1930078309 W DAT 0x00 (CGRAM ref #0)
t_wall=1785583203.287 t=1930082125 W DAT 0x06 (CGRAM ref #6)
t_wall=1785583203.287 t=1930082163 W DAT 0x00 (CGRAM ref #0)
t_wall=1785583203.294 t=1930089267 W CMD 0x0C [DISP_CTRL disp=1 cur=0 blink=0]
t_wall=1785583203.345 t=1930141084 W CMD 0x58 [SET_CGRAM 0x18]
t_wall=1785583203.346 t=1930141143 W DAT 0x04 (CGRAM ref #4)
t_wall=1785583203.346 t=1930141181 W DAT 0x04 (CGRAM ref #4)
t_wall=1785583203.346 t=1930141219 W DAT 0x04 (CGRAM ref #4)
t_wall=1785583203.347 t=1930141257 W DAT 0x18
t_wall=1785583203.349 t=1930145073 W DAT 0x04 (CGRAM ref #4)
t_wall=1785583203.350 t=1930145112 W DAT 0x04 (CGRAM ref #4)
t_wall=1785583203.350 t=1930145150 W DAT 0x06 (CGRAM ref #6)
t_wall=1785583203.350 t=1930145188 W DAT 0x04 (CGRAM ref #4)
t_wall=1785583203.351 t=1930145368 W CMD 0x0C [DISP_CTRL disp=1 cur=0 blink=0]
t_wall=1785583203.429 t=1930225269 W CMD 0x58 [SET_CGRAM 0x18]
t_wall=1785583203.430 t=1930225328 W DAT 0x00 (CGRAM ref #0)
t_wall=1785583203.431 t=1930225366 W DAT 0x00 (CGRAM ref #0)
t_wall=1785583203.431 t=1930225419 W DAT 0x00 (CGRAM ref #0)
t_wall=1785583203.433 t=1930229268 W DAT 0x1F
t_wall=1785583203.437 t=1930233132 W DAT 0x00 (CGRAM ref #0)
t_wall=1785583203.441 t=1930236947 W DAT 0x00 (CGRAM ref #0)
t_wall=1785583203.445 t=1930240764 W DAT 0x06 (CGRAM ref #6)
t_wall=1785583203.445 t=1930240802 W DAT 0x00 (CGRAM ref #0)
t_wall=1785583203.449 t=1930244475 W CMD 0x0C [DISP_CTRL disp=1 cur=0 blink=0]
t_wall=1785583203.503 t=1930298865 W CMD 0x58 [SET_CGRAM 0x18]
t_wall=1785583203.503 t=1930298924 W DAT 0x04 (CGRAM ref #4)
t_wall=1785583203.503 t=1930298962 W DAT 0x04 (CGRAM ref #4)
t_wall=1785583203.503 t=1930299000 W DAT 0x04 (CGRAM ref #4)
t_wall=1785583203.504 t=1930299038 W DAT 0x18
t_wall=1785583203.507 t=1930302855 W DAT 0x04 (CGRAM ref #4)
t_wall=1785583203.507 t=1930302893 W DAT 0x04 (CGRAM ref #4)
t_wall=1785583203.507 t=1930302931 W DAT 0x06 (CGRAM ref #6)
t_wall=1785583203.507 t=1930302969 W DAT 0x04 (CGRAM ref #4)
t_wall=1785583203.508 t=1930303149 W CMD 0x0C [DISP_CTRL disp=1 cur=0 blink=0]
t_wall=1785583203.595 t=1930383016 W CMD 0x58 [SET_CGRAM 0x18]
t_wall=1785583203.602 t=1930383074 W DAT 0x00 (CGRAM ref #0)
t_wall=1785583203.608 t=1930383127 W DAT 0x00 (CGRAM ref #0)
t_wall=1785583203.614 t=1930386998 W DAT 0x00 (CGRAM ref #0)
t_wall=1785583203.618 t=1930390830 W DAT 0x1F
t_wall=1785583203.625 t=1930394677 W DAT 0x00 (CGRAM ref #0)
t_wall=1785583203.632 t=1930398493 W DAT 0x00 (CGRAM ref #0)
t_wall=1785583203.639 t=1930398531 W DAT 0x06 (CGRAM ref #6)
t_wall=1785583203.646 t=1930398569 W DAT 0x00 (CGRAM ref #0)
t_wall=1785583203.655 t=1930404841 W CMD 0x0C [DISP_CTRL disp=1 cur=0 blink=0]
t_wall=1785583203.668 t=1930456668 W CMD 0x58 [SET_CGRAM 0x18]
t_wall=1785583203.675 t=1930456750 W DAT 0x04 (CGRAM ref #4)
t_wall=1785583203.681 t=1930456788 W DAT 0x04 (CGRAM ref #4)
t_wall=1785583203.687 t=1930456826 W DAT 0x04 (CGRAM ref #4)
t_wall=1785583203.691 t=1930456864 W DAT 0x18
t_wall=1785583203.696 t=1930460680 W DAT 0x04 (CGRAM ref #4)
t_wall=1785583203.702 t=1930460718 W DAT 0x04 (CGRAM ref #4)
t_wall=1785583203.708 t=1930460757 W DAT 0x06 (CGRAM ref #6)
t_wall=1785583203.714 t=1930460795 W DAT 0x04 (CGRAM ref #4)
t_wall=1785583203.722 t=1930460997 W CMD 0x0C [DISP_CTRL disp=1 cur=0 blink=0]
t_wall=1785583203.740 t=1930530095 W CMD 0x58 [SET_CGRAM 0x18]
t_wall=1785583203.744 t=1930530154 W DAT 0x00 (CGRAM ref #0)
t_wall=1785583203.750 t=1930530192 W DAT 0x00 (CGRAM ref #0)
t_wall=1785583203.755 t=1930530245 W DAT 0x00 (CGRAM ref #0)
t_wall=1785583203.759 t=1930534079 W DAT 0x1F
t_wall=1785583203.765 t=1930537894 W DAT 0x00 (CGRAM ref #0)
t_wall=1785583203.769 t=1930541740 W DAT 0x00 (CGRAM ref #0)
t_wall=1785583203.773 t=1930545589 W DAT 0x06 (CGRAM ref #6)
t_wall=1785583203.777 t=1930545627 W DAT 0x00 (CGRAM ref #0)
t_wall=1785583203.786 t=1930549327 W CMD 0x0C [DISP_CTRL disp=1 cur=0 blink=0]
t_wall=1785583203.823 t=1930615374 W CMD 0x58 [SET_CGRAM 0x18]
t_wall=1785583203.826 t=1930615433 W DAT 0x04 (CGRAM ref #4)
t_wall=1785583203.830 t=1930615471 W DAT 0x04 (CGRAM ref #4)
t_wall=1785583203.833 t=1930615509 W DAT 0x04 (CGRAM ref #4)
t_wall=1785583203.835 t=1930615547 W DAT 0x18
t_wall=1785583203.838 t=1930619365 W DAT 0x04 (CGRAM ref #4)
t_wall=1785583203.840 t=1930619404 W DAT 0x04 (CGRAM ref #4)
t_wall=1785583203.843 t=1930619442 W DAT 0x06 (CGRAM ref #6)
t_wall=1785583203.845 t=1930619480 W DAT 0x04 (CGRAM ref #4)
t_wall=1785583203.850 t=1930619661 W CMD 0x0C [DISP_CTRL disp=1 cur=0 blink=0]
t_wall=1785583203.893 t=1930687869 W CMD 0x58 [SET_CGRAM 0x18]
t_wall=1785583203.893 t=1930687927 W DAT 0x00 (CGRAM ref #0)
t_wall=1785583203.894 t=1930687980 W DAT 0x00 (CGRAM ref #0)
t_wall=1785583203.897 t=1930691842 W DAT 0x00 (CGRAM ref #0)
t_wall=1785583203.900 t=1930695658 W DAT 0x1F
t_wall=1785583203.904 t=1930699504 W DAT 0x00 (CGRAM ref #0)
t_wall=1785583203.908 t=1930703354 W DAT 0x00 (CGRAM ref #0)
t_wall=1785583203.912 t=1930707186 W DAT 0x06 (CGRAM ref #6)
t_wall=1785583203.912 t=1930707224 W DAT 0x00 (CGRAM ref #0)
t_wall=1785583203.913 t=1930707404 W CMD 0x0C [DISP_CTRL disp=1 cur=0 blink=0]
t_wall=1785583203.981 t=1930776822 W CMD 0x58 [SET_CGRAM 0x18]
t_wall=1785583203.981 t=1930776903 W DAT 0x04 (CGRAM ref #4)
t_wall=1785583203.982 t=1930776942 W DAT 0x04 (CGRAM ref #4)
t_wall=1785583203.983 t=1930776980 W DAT 0x04 (CGRAM ref #4)
t_wall=1785583203.983 t=1930777018 W DAT 0x18
t_wall=1785583203.985 t=1930780867 W DAT 0x04 (CGRAM ref #4)
t_wall=1785583203.985 t=1930780905 W DAT 0x04 (CGRAM ref #4)
t_wall=1785583203.985 t=1930780943 W DAT 0x06 (CGRAM ref #6)
t_wall=1785583203.986 t=1930780981 W DAT 0x04 (CGRAM ref #4)
t_wall=1785583203.986 t=1930781182 W CMD 0x0C [DISP_CTRL disp=1 cur=0 blink=0]
t_wall=1785583204.054 t=1930850224 W CMD 0x58 [SET_CGRAM 0x18]
t_wall=1785583204.055 t=1930850283 W DAT 0x00 (CGRAM ref #0)
t_wall=1785583204.056 t=1930850336 W DAT 0x00 (CGRAM ref #0)
t_wall=1785583204.058 t=1930854153 W DAT 0x00 (CGRAM ref #0)
t_wall=1785583204.059 t=1930854191 W DAT 0x1F
t_wall=1785583204.062 t=1930858009 W DAT 0x00 (CGRAM ref #0)
t_wall=1785583204.066 t=1930861884 W DAT 0x00 (CGRAM ref #0)
t_wall=1785583204.070 t=1930865717 W DAT 0x06 (CGRAM ref #6)
t_wall=1785583204.070 t=1930865755 W DAT 0x00 (CGRAM ref #0)
t_wall=1785583204.074 t=1930869404 W CMD 0x0C [DISP_CTRL disp=1 cur=0 blink=0]
t_wall=1785583204.128 t=1930923769 W CMD 0x58 [SET_CGRAM 0x18]
t_wall=1785583204.129 t=1930923857 W DAT 0x04 (CGRAM ref #4)
t_wall=1785583204.129 t=1930923895 W DAT 0x04 (CGRAM ref #4)
t_wall=1785583204.130 t=1930923933 W DAT 0x04 (CGRAM ref #4)
t_wall=1785583204.130 t=1930923971 W DAT 0x18
t_wall=1785583204.132 t=1930927803 W DAT 0x04 (CGRAM ref #4)
t_wall=1785583204.133 t=1930927841 W DAT 0x04 (CGRAM ref #4)
t_wall=1785583204.133 t=1930927879 W DAT 0x06 (CGRAM ref #6)
t_wall=1785583204.134 t=1930927918 W DAT 0x04 (CGRAM ref #4)
t_wall=1785583204.135 t=1930928098 W CMD 0x0C [DISP_CTRL disp=1 cur=0 blink=0]
t_wall=1785583204.212 t=1931007992 W CMD 0x58 [SET_CGRAM 0x18]
t_wall=1785583204.212 t=1931008051 W DAT 0x00 (CGRAM ref #0)
t_wall=1785583204.212 t=1931008103 W DAT 0x00 (CGRAM ref #0)
t_wall=1785583204.216 t=1931011920 W DAT 0x00 (CGRAM ref #0)
t_wall=1785583204.219 t=1931015738 W DAT 0x1F
t_wall=1785583204.223 t=1931019613 W DAT 0x00 (CGRAM ref #0)
t_wall=1785583204.227 t=1931023445 W DAT 0x00 (CGRAM ref #0)
t_wall=1785583204.227 t=1931023483 W DAT 0x06 (CGRAM ref #6)
t_wall=1785583204.228 t=1931023522 W DAT 0x00 (CGRAM ref #0)
t_wall=1785583204.232 t=1931028368 W CMD 0x0C [DISP_CTRL disp=1 cur=0 blink=0]
t_wall=1785583204.286 t=1931081492 W CMD 0x58 [SET_CGRAM 0x18]
t_wall=1785583204.286 t=1931081550 W DAT 0x04 (CGRAM ref #4)
t_wall=1785583204.287 t=1931081588 W DAT 0x04 (CGRAM ref #4)
t_wall=1785583204.287 t=1931081655 W DAT 0x04 (CGRAM ref #4)
t_wall=1785583204.287 t=1931081693 W DAT 0x18
t_wall=1785583204.290 t=1931085525 W DAT 0x04 (CGRAM ref #4)
t_wall=1785583204.290 t=1931085563 W DAT 0x04 (CGRAM ref #4)
t_wall=1785583204.291 t=1931085601 W DAT 0x06 (CGRAM ref #6)
t_wall=1785583204.291 t=1931085639 W DAT 0x04 (CGRAM ref #4)
t_wall=1785583204.292 t=1931085819 W CMD 0x0C [DISP_CTRL disp=1 cur=0 blink=0]
t_wall=1785583204.356 # ALIVE us=1931151734 ring_depth=0 drops=0
t_wall=1785583204.362 t=1931157445 W CMD 0x58 [SET_CGRAM 0x18]
t_wall=1785583204.362 t=1931157503 W DAT 0x00 (CGRAM ref #0)
t_wall=1785583204.363 t=1931157556 W DAT 0x00 (CGRAM ref #0)
t_wall=1785583204.365 t=1931161404 W DAT 0x00 (CGRAM ref #0)
t_wall=1785583204.366 t=1931161442 W DAT 0x1F
t_wall=1785583204.369 t=1931165275 W DAT 0x00 (CGRAM ref #0)
t_wall=1785583204.373 t=1931169121 W DAT 0x00 (CGRAM ref #0)
t_wall=1785583204.373 t=1931169159 W DAT 0x06 (CGRAM ref #6)
t_wall=1785583204.374 t=1931169198 W DAT 0x00 (CGRAM ref #0)
t_wall=1785583204.377 t=1931172806 W CMD 0x0C [DISP_CTRL disp=1 cur=0 blink=0]
t_wall=1785583204.442 t=1931237955 W CMD 0x58 [SET_CGRAM 0x18]
t_wall=1785583204.442 t=1931238014 W DAT 0x04 (CGRAM ref #4)
t_wall=1785583204.443 t=1931238052 W DAT 0x04 (CGRAM ref #4)
t_wall=1785583204.443 t=1931238090 W DAT 0x04 (CGRAM ref #4)
t_wall=1785583204.444 t=1931238128 W DAT 0x18
t_wall=1785583204.446 t=1931242003 W DAT 0x04 (CGRAM ref #4)
t_wall=1785583204.446 t=1931242042 W DAT 0x04 (CGRAM ref #4)
t_wall=1785583204.447 t=1931242080 W DAT 0x06 (CGRAM ref #6)
t_wall=1785583204.447 t=1931242118 W DAT 0x04 (CGRAM ref #4)
t_wall=1785583204.448 t=1931242298 W CMD 0x0C [DISP_CTRL disp=1 cur=0 blink=0]
t_wall=1785583204.526 t=1931322197 W CMD 0x58 [SET_CGRAM 0x18]
t_wall=1785583204.527 t=1931322256 W DAT 0x00 (CGRAM ref #0)
t_wall=1785583204.527 t=1931322308 W DAT 0x00 (CGRAM ref #0)
t_wall=1785583204.530 t=1931326171 W DAT 0x00 (CGRAM ref #0)
t_wall=1785583204.534 t=1931329988 W DAT 0x1F
t_wall=1785583204.537 t=1931333804 W DAT 0x00 (CGRAM ref #0)
t_wall=1785583204.541 t=1931337681 W DAT 0x00 (CGRAM ref #0)
t_wall=1785583204.545 t=1931341516 W DAT 0x06 (CGRAM ref #6)
t_wall=1785583204.545 t=1931341554 W DAT 0x00 (CGRAM ref #0)
t_wall=1785583204.549 t=1931345147 W CMD 0x0C [DISP_CTRL disp=1 cur=0 blink=0]
t_wall=1785583204.604 t=1931399528 W CMD 0x58 [SET_CGRAM 0x18]
t_wall=1785583204.604 t=1931399587 W DAT 0x04 (CGRAM ref #4)
t_wall=1785583204.605 t=1931399625 W DAT 0x04 (CGRAM ref #4)
t_wall=1785583204.606 t=1931399664 W DAT 0x04 (CGRAM ref #4)
t_wall=1785583204.606 t=1931399702 W DAT 0x18
t_wall=1785583204.608 t=1931403563 W DAT 0x04 (CGRAM ref #4)
t_wall=1785583204.608 t=1931403601 W DAT 0x04 (CGRAM ref #4)
t_wall=1785583204.609 t=1931403640 W DAT 0x06 (CGRAM ref #6)
t_wall=1785583204.610 t=1931403678 W DAT 0x04 (CGRAM ref #4)
t_wall=1785583204.611 t=1931403858 W CMD 0x0C [DISP_CTRL disp=1 cur=0 blink=0]
t_wall=1785583204.690 t=1931483666 W CMD 0x58 [SET_CGRAM 0x18]
t_wall=1785583204.692 t=1931483724 W DAT 0x00 (CGRAM ref #0)
t_wall=1785583204.695 t=1931483777 W DAT 0x00 (CGRAM ref #0)
t_wall=1785583204.697 t=1931487624 W DAT 0x00 (CGRAM ref #0)
t_wall=1785583204.698 t=1931487662 W DAT 0x1F
t_wall=1785583204.700 t=1931491478 W DAT 0x00 (CGRAM ref #0)
t_wall=1785583204.702 t=1931495325 W DAT 0x00 (CGRAM ref #0)
t_wall=1785583204.704 t=1931495364 W DAT 0x06 (CGRAM ref #6)
t_wall=1785583204.706 t=1931495402 W DAT 0x00 (CGRAM ref #0)
t_wall=1785583204.713 t=1931505387 W CMD 0x0C [DISP_CTRL disp=1 cur=0 blink=0]
t_wall=1785583204.758 t=1931553531 W CMD 0x58 [SET_CGRAM 0x18]
t_wall=1785583204.759 t=1931553590 W DAT 0x04 (CGRAM ref #4)
t_wall=1785583204.760 t=1931553628 W DAT 0x04 (CGRAM ref #4)
t_wall=1785583204.760 t=1931553666 W DAT 0x04 (CGRAM ref #4)
t_wall=1785583204.761 t=1931553705 W DAT 0x18
t_wall=1785583204.762 t=1931557551 W DAT 0x04 (CGRAM ref #4)
t_wall=1785583204.762 t=1931557589 W DAT 0x04 (CGRAM ref #4)
t_wall=1785583204.763 t=1931557628 W DAT 0x06 (CGRAM ref #6)
t_wall=1785583204.764 t=1931557666 W DAT 0x04 (CGRAM ref #4)
t_wall=1785583204.765 t=1931557846 W CMD 0x0C [DISP_CTRL disp=1 cur=0 blink=0]
t_wall=1785583204.842 t=1931637739 W CMD 0x58 [SET_CGRAM 0x18]
t_wall=1785583204.843 t=1931637798 W DAT 0x00 (CGRAM ref #0)
t_wall=1785583204.843 t=1931637851 W DAT 0x00 (CGRAM ref #0)
t_wall=1785583204.846 t=1931641685 W DAT 0x00 (CGRAM ref #0)
t_wall=1785583204.849 t=1931645532 W DAT 0x1F
t_wall=1785583204.853 t=1931649347 W DAT 0x00 (CGRAM ref #0)
t_wall=1785583204.857 t=1931653195 W DAT 0x00 (CGRAM ref #0)
t_wall=1785583204.858 t=1931653233 W DAT 0x06 (CGRAM ref #6)
t_wall=1785583204.858 t=1931653295 W DAT 0x00 (CGRAM ref #0)
t_wall=1785583204.859 t=1931653475 W CMD 0x0C [DISP_CTRL disp=1 cur=0 blink=0]
t_wall=1785583204.915 t=1931711264 W CMD 0x58 [SET_CGRAM 0x18]
t_wall=1785583204.916 t=1931711323 W DAT 0x04 (CGRAM ref #4)
t_wall=1785583204.917 t=1931711361 W DAT 0x04 (CGRAM ref #4)
t_wall=1785583204.917 t=1931711399 W DAT 0x04 (CGRAM ref #4)
t_wall=1785583204.917 t=1931711437 W DAT 0x18
t_wall=1785583204.919 t=1931715286 W DAT 0x04 (CGRAM ref #4)
t_wall=1785583204.920 t=1931715324 W DAT 0x04 (CGRAM ref #4)
t_wall=1785583204.921 t=1931715363 W DAT 0x06 (CGRAM ref #6)
t_wall=1785583204.921 t=1931715401 W DAT 0x04 (CGRAM ref #4)
t_wall=1785583204.922 t=1931715581 W CMD 0x0C [DISP_CTRL disp=1 cur=0 blink=0]
t_wall=1785583205.000 t=1931795446 W CMD 0x58 [SET_CGRAM 0x18]
t_wall=1785583205.000 t=1931795505 W DAT 0x00 (CGRAM ref #0)
t_wall=1785583205.003 t=1931799338 W DAT 0x00 (CGRAM ref #0)
t_wall=1785583205.007 t=1931803175 W DAT 0x00 (CGRAM ref #0)
t_wall=1785583205.011 t=1931807022 W DAT 0x1F
t_wall=1785583205.015 t=1931810869 W DAT 0x00 (CGRAM ref #0)
t_wall=1785583205.020 t=1931814731 W DAT 0x00 (CGRAM ref #0)
t_wall=1785583205.023 t=1931818549 W DAT 0x06 (CGRAM ref #6)
t_wall=1785583205.024 t=1931818587 W DAT 0x00 (CGRAM ref #0)
t_wall=1785583205.026 t=1931818768 W CMD 0x0C [DISP_CTRL disp=1 cur=0 blink=0]
t_wall=1785583205.082 t=1931877416 W CMD 0x58 [SET_CGRAM 0x18]
t_wall=1785583205.082 t=1931877474 W DAT 0x04 (CGRAM ref #4)
t_wall=1785583205.083 t=1931877513 W DAT 0x04 (CGRAM ref #4)
t_wall=1785583205.084 t=1931877551 W DAT 0x04 (CGRAM ref #4)
t_wall=1785583205.084 t=1931877589 W DAT 0x18
t_wall=1785583205.086 t=1931881435 W DAT 0x04 (CGRAM ref #4)
t_wall=1785583205.086 t=1931881473 W DAT 0x04 (CGRAM ref #4)
t_wall=1785583205.087 t=1931881512 W DAT 0x06 (CGRAM ref #6)
t_wall=1785583205.088 t=1931881550 W DAT 0x04 (CGRAM ref #4)
t_wall=1785583205.088 t=1931881730 W CMD 0x0C [DISP_CTRL disp=1 cur=0 blink=0]
t_wall=1785583205.154 t=1931949876 W CMD 0x58 [SET_CGRAM 0x18]
t_wall=1785583205.155 t=1931949934 W DAT 0x00 (CGRAM ref #0)
t_wall=1785583205.155 t=1931949987 W DAT 0x00 (CGRAM ref #0)
t_wall=1785583205.158 t=1931953863 W DAT 0x00 (CGRAM ref #0)
t_wall=1785583205.161 t=1931957696 W DAT 0x1F
t_wall=1785583205.165 t=1931961513 W DAT 0x00 (CGRAM ref #0)
t_wall=1785583205.169 t=1931965357 W DAT 0x00 (CGRAM ref #0)
t_wall=1785583205.173 t=1931969205 W DAT 0x06 (CGRAM ref #6)
t_wall=1785583205.173 t=1931969243 W DAT 0x00 (CGRAM ref #0)
t_wall=1785583205.183 t=1931978835 W CMD 0x0C [DISP_CTRL disp=1 cur=0 blink=0]
t_wall=1785583205.232 t=1932028241 W CMD 0x58 [SET_CGRAM 0x18]
t_wall=1785583205.232 t=1932028299 W DAT 0x04 (CGRAM ref #4)
t_wall=1785583205.233 t=1932028338 W DAT 0x04 (CGRAM ref #4)
t_wall=1785583205.233 t=1932028376 W DAT 0x04 (CGRAM ref #4)
t_wall=1785583205.233 t=1932028414 W DAT 0x18
t_wall=1785583205.236 t=1932032262 W DAT 0x04 (CGRAM ref #4)
t_wall=1785583205.236 t=1932032300 W DAT 0x04 (CGRAM ref #4)
t_wall=1785583205.237 t=1932032338 W DAT 0x06 (CGRAM ref #6)
t_wall=1785583205.237 t=1932032376 W DAT 0x04 (CGRAM ref #4)
t_wall=1785583205.237 t=1932032557 W CMD 0x0C [DISP_CTRL disp=1 cur=0 blink=0]
t_wall=1785583205.317 t=1932112470 W CMD 0x58 [SET_CGRAM 0x18]
t_wall=1785583205.317 t=1932112557 W DAT 0x00 (CGRAM ref #0)
t_wall=1785583205.318 t=1932112610 W DAT 0x00 (CGRAM ref #0)
t_wall=1785583205.320 t=1932116445 W DAT 0x00 (CGRAM ref #0)
t_wall=1785583205.324 t=1932120260 W DAT 0x1F
t_wall=1785583205.328 t=1932124105 W DAT 0x00 (CGRAM ref #0)
t_wall=1785583205.328 t=1932124143 W DAT 0x00 (CGRAM ref #0)
t_wall=1785583205.332 t=1932127993 W DAT 0x06 (CGRAM ref #6)
t_wall=1785583205.332 t=1932128031 W DAT 0x00 (CGRAM ref #0)
t_wall=1785583205.333 t=1932128211 W CMD 0x0C [DISP_CTRL disp=1 cur=0 blink=0]
t_wall=1785583205.390 t=1932186005 W CMD 0x58 [SET_CGRAM 0x18]
t_wall=1785583205.390 t=1932186064 W DAT 0x04 (CGRAM ref #4)
t_wall=1785583205.391 t=1932186102 W DAT 0x04 (CGRAM ref #4)
t_wall=1785583205.391 t=1932186140 W DAT 0x04 (CGRAM ref #4)
t_wall=1785583205.391 t=1932186178 W DAT 0x18
t_wall=1785583205.394 t=1932190026 W DAT 0x04 (CGRAM ref #4)
t_wall=1785583205.394 t=1932190064 W DAT 0x04 (CGRAM ref #4)
t_wall=1785583205.395 t=1932190103 W DAT 0x06 (CGRAM ref #6)
t_wall=1785583205.395 t=1932190141 W DAT 0x04 (CGRAM ref #4)
t_wall=1785583205.396 t=1932190321 W CMD 0x0C [DISP_CTRL disp=1 cur=0 blink=0]
t_wall=1785583205.474 t=1932270142 W CMD 0x58 [SET_CGRAM 0x18]
t_wall=1785583205.475 t=1932270200 W DAT 0x00 (CGRAM ref #0)
t_wall=1785583205.476 t=1932270253 W DAT 0x00 (CGRAM ref #0)
t_wall=1785583205.478 t=1932274115 W DAT 0x00 (CGRAM ref #0)
t_wall=1785583205.481 t=1932277930 W DAT 0x1F
t_wall=1785583205.485 t=1932281775 W DAT 0x00 (CGRAM ref #0)
t_wall=1785583205.489 t=1932285626 W DAT 0x00 (CGRAM ref #0)
t_wall=1785583205.490 t=1932285664 W DAT 0x06 (CGRAM ref #6)
t_wall=1785583205.490 t=1932285703 W DAT 0x00 (CGRAM ref #0)
t_wall=1785583205.490 t=1932285883 W CMD 0x0C [DISP_CTRL disp=1 cur=0 blink=0]
t_wall=1785583205.548 t=1932343547 W CMD 0x58 [SET_CGRAM 0x18]
t_wall=1785583205.548 t=1932343605 W DAT 0x04 (CGRAM ref #4)
t_wall=1785583205.549 t=1932343643 W DAT 0x04 (CGRAM ref #4)
t_wall=1785583205.549 t=1932343681 W DAT 0x04 (CGRAM ref #4)
t_wall=1785583205.550 t=1932343720 W DAT 0x18
t_wall=1785583205.552 t=1932347564 W DAT 0x04 (CGRAM ref #4)
t_wall=1785583205.552 t=1932347602 W DAT 0x04 (CGRAM ref #4)
t_wall=1785583205.553 t=1932347640 W DAT 0x06 (CGRAM ref #6)
t_wall=1785583205.553 t=1932347678 W DAT 0x04 (CGRAM ref #4)
t_wall=1785583205.554 t=1932347858 W CMD 0x0C [DISP_CTRL disp=1 cur=0 blink=0]
t_wall=1785583205.640 t=1932427760 W CMD 0x58 [SET_CGRAM 0x18]
t_wall=1785583205.647 t=1932427818 W DAT 0x00 (CGRAM ref #0)
t_wall=1785583205.654 t=1932427871 W DAT 0x00 (CGRAM ref #0)
t_wall=1785583205.661 t=1932431733 W DAT 0x00 (CGRAM ref #0)
t_wall=1785583205.664 t=1932435548 W DAT 0x1F
t_wall=1785583205.671 t=1932439389 W DAT 0x00 (CGRAM ref #0)
t_wall=1785583205.679 t=1932443264 W DAT 0x00 (CGRAM ref #0)
t_wall=1785583205.684 t=1932447098 W DAT 0x06 (CGRAM ref #6)
t_wall=1785583205.690 t=1932447136 W DAT 0x00 (CGRAM ref #0)
t_wall=1785583205.699 t=1932450714 W CMD 0x0C [DISP_CTRL disp=1 cur=0 blink=0]
t_wall=1785583205.715 t=1932505950 W CMD 0x58 [SET_CGRAM 0x18]
t_wall=1785583205.720 t=1932506009 W DAT 0x04 (CGRAM ref #4)
t_wall=1785583205.726 t=1932506047 W DAT 0x04 (CGRAM ref #4)
t_wall=1785583205.733 t=1932506085 W DAT 0x04 (CGRAM ref #4)
t_wall=1785583205.737 t=1932506123 W DAT 0x18
t_wall=1785583205.743 t=1932509973 W DAT 0x04 (CGRAM ref #4)
t_wall=1785583205.749 t=1932510011 W DAT 0x04 (CGRAM ref #4)
t_wall=1785583205.756 t=1932510049 W DAT 0x06 (CGRAM ref #6)
t_wall=1785583205.760 t=1932510087 W DAT 0x04 (CGRAM ref #4)
t_wall=1785583205.767 t=1932510325 W CMD 0x0C [DISP_CTRL disp=1 cur=0 blink=0]
t_wall=1785583205.786 t=1932578528 W CMD 0x58 [SET_CGRAM 0x18]
t_wall=1785583205.792 t=1932578587 W DAT 0x00 (CGRAM ref #0)
t_wall=1785583205.795 t=1932578640 W DAT 0x00 (CGRAM ref #0)
t_wall=1785583205.798 t=1932582458 W DAT 0x00 (CGRAM ref #0)
t_wall=1785583205.800 t=1932586305 W DAT 0x1F
t_wall=1785583205.802 t=1932590167 W DAT 0x00 (CGRAM ref #0)
t_wall=1785583205.805 t=1932593985 W DAT 0x00 (CGRAM ref #0)
t_wall=1785583205.807 t=1932597800 W DAT 0x06 (CGRAM ref #6)
t_wall=1785583205.811 t=1932597839 W DAT 0x00 (CGRAM ref #0)
t_wall=1785583205.814 t=1932601646 W CMD 0x0C [DISP_CTRL disp=1 cur=0 blink=0]
t_wall=1785583205.872 t=1932667542 W CMD 0x58 [SET_CGRAM 0x18]
t_wall=1785583205.873 t=1932667601 W DAT 0x04 (CGRAM ref #4)
t_wall=1785583205.874 t=1932667639 W DAT 0x04 (CGRAM ref #4)
t_wall=1785583205.874 t=1932667677 W DAT 0x04 (CGRAM ref #4)
t_wall=1785583205.875 t=1932667716 W DAT 0x18
t_wall=1785583205.875 t=1932670366 W DAT 0x04 (CGRAM ref #4)
t_wall=1785583205.876 t=1932670404 W DAT 0x04 (CGRAM ref #4)
t_wall=1785583205.877 t=1932670443 W DAT 0x06 (CGRAM ref #6)
t_wall=1785583205.878 t=1932670481 W DAT 0x04 (CGRAM ref #4)
t_wall=1785583205.880 t=1932670660 W CMD 0x0C [DISP_CTRL disp=1 cur=0 blink=0]
t_wall=1785583205.944 t=1932739726 W CMD 0x58 [SET_CGRAM 0x18]
t_wall=1785583205.945 t=1932739827 W DAT 0x00 (CGRAM ref #0)
t_wall=1785583205.945 t=1932739880 W DAT 0x00 (CGRAM ref #0)
t_wall=1785583205.948 t=1932743655 W DAT 0x00 (CGRAM ref #0)
t_wall=1785583205.951 t=1932747504 W DAT 0x1F
t_wall=1785583205.956 t=1932751386 W DAT 0x00 (CGRAM ref #0)
t_wall=1785583205.960 t=1932755205 W DAT 0x00 (CGRAM ref #0)
t_wall=1785583205.963 t=1932759049 W DAT 0x06 (CGRAM ref #6)
t_wall=1785583205.964 t=1932759087 W DAT 0x00 (CGRAM ref #0)
t_wall=1785583205.970 t=1932765312 W CMD 0x0C [DISP_CTRL disp=1 cur=0 blink=0]
t_wall=1785583206.021 t=1932817233 W CMD 0x58 [SET_CGRAM 0x18]
t_wall=1785583206.022 t=1932817292 W DAT 0x04 (CGRAM ref #4)
t_wall=1785583206.022 t=1932817330 W DAT 0x04 (CGRAM ref #4)
t_wall=1785583206.022 t=1932817369 W DAT 0x04 (CGRAM ref #4)
t_wall=1785583206.023 t=1932817407 W DAT 0x18
t_wall=1785583206.025 t=1932821223 W DAT 0x04 (CGRAM ref #4)
t_wall=1785583206.025 t=1932821261 W DAT 0x04 (CGRAM ref #4)
t_wall=1785583206.026 t=1932821299 W DAT 0x06 (CGRAM ref #6)
t_wall=1785583206.026 t=1932821338 W DAT 0x04 (CGRAM ref #4)
t_wall=1785583206.027 t=1932821518 W CMD 0x0C [DISP_CTRL disp=1 cur=0 blink=0]
t_wall=1785583206.095 t=1932890563 W CMD 0x58 [SET_CGRAM 0x18]
t_wall=1785583206.095 t=1932890621 W DAT 0x00 (CGRAM ref #0)
t_wall=1785583206.096 t=1932890674 W DAT 0x00 (CGRAM ref #0)
t_wall=1785583206.098 t=1932894491 W DAT 0x00 (CGRAM ref #0)
t_wall=1785583206.102 t=1932898338 W DAT 0x1F
t_wall=1785583206.106 t=1932902185 W DAT 0x00 (CGRAM ref #0)
t_wall=1785583206.110 t=1932905962 W DAT 0x00 (CGRAM ref #0)
t_wall=1785583206.114 t=1932909824 W DAT 0x06 (CGRAM ref #6)
t_wall=1785583206.114 t=1932909862 W DAT 0x00 (CGRAM ref #0)
t_wall=1785583206.119 t=1932914864 W CMD 0x0C [DISP_CTRL disp=1 cur=0 blink=0]
t_wall=1785583206.184 t=1932979553 W CMD 0x58 [SET_CGRAM 0x18]
t_wall=1785583206.184 t=1932979612 W DAT 0x04 (CGRAM ref #4)
t_wall=1785583206.185 t=1932979650 W DAT 0x04 (CGRAM ref #4)
t_wall=1785583206.186 t=1932979688 W DAT 0x04 (CGRAM ref #4)
t_wall=1785583206.186 t=1932979726 W DAT 0x18
t_wall=1785583206.188 t=1932983603 W DAT 0x04 (CGRAM ref #4)
t_wall=1785583206.188 t=1932983641 W DAT 0x04 (CGRAM ref #4)
t_wall=1785583206.189 t=1932983679 W DAT 0x06 (CGRAM ref #6)
t_wall=1785583206.190 t=1932983717 W DAT 0x04 (CGRAM ref #4)
t_wall=1785583206.190 t=1932983898 W CMD 0x0C [DISP_CTRL disp=1 cur=0 blink=0]
t_wall=1785583206.256 t=1933052121 W CMD 0x58 [SET_CGRAM 0x18]
t_wall=1785583206.257 t=1933052180 W DAT 0x00 (CGRAM ref #0)
t_wall=1785583206.257 t=1933052233 W DAT 0x00 (CGRAM ref #0)
t_wall=1785583206.260 t=1933056051 W DAT 0x00 (CGRAM ref #0)
